product_id,zh,exchange,pool,level,contract_name,underlying_symbol,kind,ccy,multiplier,mult_unit,base_month,base_price_basis,base_price_local,base_notional_per_unit_local,notional_source,price_id,spec_group,effective_from,effective_to,source,evidence,notes
CBOE_SPX_OPT,Cboe 标普 500 指数期权（SPX/SPXW）,Cboe,equity_index,contract,S&P 500 Index Options (SPX/SPXW),SPX,contract,USD,100,USD/指数点,2019-01,avg_close,2607.3899952380953,260738.99952380953,reconstructed,SPX,CBOE_SPX_OPT,,,https://www.cboe.com/tradable_products/sp_500/spx_options/specifications/,"官方规格页 Product Snapshot（as of March 19, 2024）字段 ""100 Multiplier""；基期价格 https://cdn.cboe.com/api/global/us_indices/daily_prices/SPX_History.csv，取 2019-01 全部 21 个交易日 SPX 收盘价的算术平均 = 2607.3899952380953（首个交易日 2019-01-02，末个 2019-01-31 收 2704.1001）",期权的名义额 = 张数 × 乘数 × 标的价格（不是权利金）。这是「被交易的风险敞口」口径，与 Cboe 自己按张收费的 RPC 口径不同，两者不可互推。
CBOE_VIX_FUT,Cboe VIX 指数期货（VX）,Cboe,equity_index,contract,Cboe Volatility Index (VX) Futures,VIX,contract,USD,1000,USD/波动率点,2019-01,avg_close,19.758333333333333,19758.333333333332,reconstructed,VX_FRONT,CBOE_VIX_FUT,,,https://www.cboe.com/tradable_products/vix/vix_futures/specifications/ | https://cdn.cboe.com/data/us/futures/market_statistics/historical_data/VX/,"乘数：官方规格页 Contract Snapshot（as of June 13, 2025）字段 ""1000 Multiplier""。基期价格：VX **近月月度合约的日结算价**在 2019-01 全部 21 个美股交易日的算术平均 = 19.758333333333333。逐日来源两个官方文件：https://cdn.cboe.com/data/us/futures/market_statistics/historical_data/VX/VX_2019-01-16.csv（2019-01-02 至 2019-01-15，10 天）与 .../VX_2019-02-13.csv（2019-01-16 至 2019-01-31，11 天）。取 **Settle** 列不取 Close 列 —— Close 是最后一笔成交价，无成交日直接是 0.0000。滚月在最终结算日当天（到期合约当天只交易到 8:00 CT，其 Settle 是 SOQ 不是完整交易日行情）；另一种滚月约定得 19.75095238095238，两者只差 0.037%，即这个选择不影响结论。只用月度合约不用周度：2019-01 月度 Jan 合约当月成交 1,008,609 张，周度 Jan-09 / Jan-23 合约 0-35 张/日，差 4 个数量级。复算脚本 build/verify_base_prices.py（联网、手动跑），逐位比对到 1e-12。",⚠ 2026-08-06 修：base_price_local 由 VIX **现货指数**月均 19.57238095238095 改为 VX **近月期货结算价**月均 19.758333333333333（+0.9501%），base_notional_per_unit_local 同步 19572.38095238095 → 19758.333333333332，price_id 由 VIX 改为 VX_FRONT。理由：VX 一张 = 1000 × **期货结算价**，不是 1000 × 现货指数；2019-01 正处 2018-12 波动率尖峰之后、期限结构由贴水翻升水的窗口，用现货会把这 0.95% 直接写进 VX 在股指池里的权重，而图上完全看不出来。本次编辑**只动了这一行**（73 行里的 CBOE_VIX_FUT），方便与 series/_specs_part_*.csv 的增量合并。 ℹ base_price_basis 仍填 avg_close：该取值的语义是「月内全部交易日的算术平均」（与月末相对），不是「一定取名叫 Close 的那一列」；期货的日度官方标记就是 Settle。不新增第三个 basis 取值，是为了不破坏 check_specs C7「全表只有一种实测基准」那道判据。 ℹ price_id=VX_FRONT 在 series/prices.csv 里还没有对应序列（该表尚未建）—— 建表时必须喂 VX 近月结算价，喂 VIX 现货就是把同一个错误在**当期名义额**那条路上再犯一次；真缺了会由 notional.PriceMissing 当场报错，不会静默。 VX 与 VIX 期权同标的但乘数差 10 倍（1000 vs 100）—— 同一家交易所内部张数就不可加。同样的告诫见 CBOE_VIX_OPT。📌 Mini VIX 期货（VXM，series/cboe.csv 自 2020-08 有列）本表未收：本会话未抓到它的官方规格页，见 contract_specs_todo.csv。
CBOE_VIX_OPT,Cboe VIX 指数期权,Cboe,equity_index,contract,VIX Options (VIX/VIXW),VIX,contract,USD,100,USD/波动率点,2019-01,avg_close,19.57238095238095,1957.238095238095,reconstructed,VIX,CBOE_VIX_OPT,,,https://www.cboe.com/tradable_products/vix/vix_options/specifications/,"官方规格页 VIX Snapshot（as of March 19, 2024）字段 ""100 Multiplier""；基期价格 https://cdn.cboe.com/api/global/us_indices/daily_prices/VIX_History.csv，2019-01 21 个交易日 CLOSE 列算术平均 = 19.57238095238095（当月区间 16.57 – 25.45）",⚠ 波动率产品的「名义额」与股指的名义额不是同一种东西：VIX 点不是资产价格，乘数 × VIX 只是合约的记账规模，不代表转移了这么多美元的标的风险。放进同一根轴时图注必须写明；单独看 VIX 系列的增长仍然成立（价格项是常数）。
CBOE_XSP_OPT,Cboe 迷你标普 500 指数期权（XSP）,Cboe,equity_index,contract,Mini-SPX Index Options (XSP),XSP,contract,USD,100,USD/指数点,2019-01,avg_close,260.7395238095238,26073.95238095238,reconstructed,XSP,CBOE_XSP_OPT,,,https://www.cboe.com/tradable_products/sp_500/mini_spx_options/specifications/,"官方规格页 Product Snapshot（as of June 13, 2025）字段 ""100 Multiplier""；基期价格 https://cdn.cboe.com/api/global/us_indices/daily_prices/XSP_History.csv，2019-01 21 个交易日 CLOSE 列算术平均 = 260.7395238095238；与 SPX 均值 /10 相符（XSP 按定义是 SPX 的十分之一）",乘数与 SPX 期权同为 100，差别全在标的：XSP 指数按定义是 SPX 的 1/10，所以单张名义额是 SPX 期权的 1/10。这是「乘数一样、张数仍不可比」的例子 —— 只看乘数不看标的价格同样会得出错误的份额。
CME_MES_SP500,CME Micro E-mini 标普 500 期货,CME,equity_index,contract,Micro E-mini S&P 500 Futures,SPX,contract,USD,5,USD/指数点,2019-01,avg_close,2607.3899952380953,13036.949976190477,reconstructed,SPX,CME_MES_SP500,,,https://www.cmegroup.com/markets/equities/sp/micro-e-mini-sandp-500.contractSpecs.html,"官方页原文 ""The Micro E-mini S&P 500 futures contract is $5 x the S&P 500 Index and has a minimum tick of 0.25 index point""；基期价格 https://cdn.cboe.com/api/global/us_indices/daily_prices/SPX_History.csv，取 2019-01 全部 21 个交易日 SPX 收盘价的算术平均 = 2607.3899952380953（首个交易日 2019-01-02，末个 2019-01-31 收 2704.1001）",与 E-mini（ES）同标的、乘数差 10 倍，正是「张数不可比」的教科书例子。⚠ 本表暂缺 ES 行（见 contract_specs_todo.csv），所以 CME_EQUITY_INDEX 篮子还算不出来。
CME_MNQ_NDX,CME Micro E-mini 纳斯达克 100 期货,CME,equity_index,contract,Micro E-mini Nasdaq-100 Index Futures,NDX,contract,USD,2,USD/指数点,2019-01,,,,,NDX,CME_MNQ_NDX,,,https://www.cmegroup.com/markets/equities/nasdaq/micro-e-mini-nasdaq-100.html,"官方页原文 ""The Micro E-mini Nasdaq-100 futures contract is $2 x the Nasdaq-100 Index and has a minimum tick of 0.25""",基期价格同 CME_NQ_NDX，📌 未找到（同一条检索路径）。Micro 系列 2019-05 才上市，2019-01 基期它并不存在 —— 这不影响定基常数：定基价格是「用基期价格给这个合约的一张算一次名义额」，与它当时是否已上市无关，上市前的月份在 series 里本来就没有张数。
CME_NQ_NDX,CME E-mini 纳斯达克 100 期货,CME,equity_index,contract,E-mini Nasdaq-100 Futures,NDX,contract,USD,20,USD/指数点,2019-01,,,,,NDX,CME_NQ_NDX,,,https://www.cmegroup.com/markets/equities/nasdaq/e-mini-nasdaq-100.html,"官方页原文 ""The E-mini Nasdaq-100 futures contract is $20 x the Nasdaq-100 index and has a minimum tick of 0.25""",📌 未找到 NDX 的 2019-01 官方日频收盘 —— indexes.nasdaqomx.com 的历史数据页与 indexes.nasdaq.com/api 两条路径都只返回 JS 外壳（nscurl 拿到 HTML 但无数据）。检索路径：Nasdaq 是 NDX 的指数编制方，应从 indexes.nasdaq.com 的 NDX 历史下载（可能需要浏览器渲染），或 Nasdaq 官方月度指数报告。禁用第三方行情站。
CME_SR3_SOFR,CME 三个月 SOFR 期货,CME,rates,contract,Three-Month SOFR Futures,SOFR,contract,USD,1000000,USD 面值/张,2019-01,definitional,1,1000000,definitional,,CME_SR3_SOFR,,,https://www.cmegroup.com/markets/interest-rates/stirs/three-month-sofr.html,"官方页原文 ""Contract Unit $2,500 x contract-grade IMM Index""，同页 ""contract-grade IMM Index = 100 minus R""。面值由这两句直接推出：1 个 IMM 指数点 = 1 个百分点的利率 = 0.01（小数），三个月计息 ⇒ 面值 N 满足 N × 0.01 × 0.25 = 2500 ⇒ N = 1,000,000 美元。（写进表里的是面值，不是 2,500 —— 名义额的单位是钱，不是指数点。）",⚠ 利率期货按**面值**计名义额，不乘结算价：面值是市场惯例的名义额定义，也使定基口径里连价格项都不存在（base_price_local=1）。代价必须留痕：名义额不反映利率风险敞口 —— 同样 1 亿美元名义额，2 年期与 10 年期的 DV01 差 5 倍以上（久期 ~1.9 年 vs ~8 年）。本池占比只能读作「名义额构成」，不可读作「谁承担了更多利率风险」。将来要升级到 DV01 加权，需各合约的 CTD 久期，月度成交报表里没有（📌 未找到，见 build/notional.py 模块 docstring）。
CME_ZB_UST30Y,CME 30 年期美国国债期货（U.S. Treasury Bond）,CME,rates,contract,U.S. Treasury Bond Futures,UST30Y,contract,USD,100000,USD 面值/张,2019-01,definitional,1,100000,definitional,,CME_ZB_UST30Y,,,https://www.cmegroup.com/markets/interest-rates/us-treasury/30-year-us-treasury-bond.html,"官方页 ""Review contract highlights"" 区原文 ""Contract Unit Face value at maturity of $100,000""",⚠ 利率期货按**面值**计名义额，不乘结算价：面值是市场惯例的名义额定义，也使定基口径里连价格项都不存在（base_price_local=1）。代价必须留痕：名义额不反映利率风险敞口 —— 同样 1 亿美元名义额，2 年期与 10 年期的 DV01 差 5 倍以上（久期 ~1.9 年 vs ~8 年）。本池占比只能读作「名义额构成」，不可读作「谁承担了更多利率风险」。将来要升级到 DV01 加权，需各合约的 CTD 久期，月度成交报表里没有（📌 未找到，见 build/notional.py 模块 docstring）。 ⚠ 注意 ZB（Bond）与 Ultra Bond（UB）是两个合约，本行只指 ZB。
CME_ZF_UST5Y,CME 5 年期美国国债期货,CME,rates,contract,5-Year U.S. Treasury Note Futures,UST5Y,contract,USD,100000,USD 面值/张,2019-01,definitional,1,100000,definitional,,CME_ZF_UST5Y,,,https://www.cmegroup.com/markets/interest-rates/us-treasury/5-year-us-treasury-note.html,"官方页 ""Review contract highlights"" 区原文 ""Contract Unit Face value at maturity of $100,000""",⚠ 利率期货按**面值**计名义额，不乘结算价：面值是市场惯例的名义额定义，也使定基口径里连价格项都不存在（base_price_local=1）。代价必须留痕：名义额不反映利率风险敞口 —— 同样 1 亿美元名义额，2 年期与 10 年期的 DV01 差 5 倍以上（久期 ~1.9 年 vs ~8 年）。本池占比只能读作「名义额构成」，不可读作「谁承担了更多利率风险」。将来要升级到 DV01 加权，需各合约的 CTD 久期，月度成交报表里没有（📌 未找到，见 build/notional.py 模块 docstring）。
CME_ZN_UST10Y,CME 10 年期美国国债期货,CME,rates,contract,10-Year U.S. Treasury Note Futures,UST10Y,contract,USD,100000,USD 面值/张,2019-01,definitional,1,100000,definitional,,CME_ZN_UST10Y,,,https://www.cmegroup.com/markets/interest-rates/us-treasury/10-year-us-treasury-note.html,"官方页 ""Review contract highlights"" 区原文 ""Contract Unit Face value at maturity of $100,000""",⚠ 利率期货按**面值**计名义额，不乘结算价：面值是市场惯例的名义额定义，也使定基口径里连价格项都不存在（base_price_local=1）。代价必须留痕：名义额不反映利率风险敞口 —— 同样 1 亿美元名义额，2 年期与 10 年期的 DV01 差 5 倍以上（久期 ~1.9 年 vs ~8 年）。本池占比只能读作「名义额构成」，不可读作「谁承担了更多利率风险」。将来要升级到 DV01 加权，需各合约的 CTD 久期，月度成交报表里没有（📌 未找到，见 build/notional.py 模块 docstring）。
HKEX_HSI_FUT,HKEX 恒生指数期货,HKEX,apac_deriv,contract,Hang Seng Index Futures (HSI),HSI,contract,HKD,50,HKD/指数点,2019-01,,,,,HSI,HKEX_HSI_FUT,,,https://www.hkex.com.hk/Products/Listed-Derivatives/Equity-Index/Hang-Seng-Index-(HSI)?sc_lang=en,"官方产品页 Contract Summary 表原文 ""Contract Multiplier HK$50 per index point""",📌 未找到 HSI 的 2019-01 官方日频/月均收盘：恒生指数由恒生指数有限公司编制，www.hsi.com.hk 是 Angular 单页应用，服务端只返回外壳；其 JSON 接口 /data/eng/rt/index-series/hsi/constituents.do 只给成分股实时数据，没有历史点位。检索路径：HKEX 官方《Monthly Market Highlights》2019 年 1 月号里有恒指月末点位，或恒指公司官网的 index history 下载（可能需浏览器渲染）。
HKEX_MHI_FUT,HKEX 小型恒生指数期货,HKEX,apac_deriv,contract,Mini-Hang Seng Index Futures (MHI),HSI,contract,HKD,10,HKD/指数点,2019-01,,,,,HSI,HKEX_MHI_FUT,,,https://www.hkex.com.hk/Products/Listed-Derivatives/Equity-Index/Hang-Seng-Index-(HSI)/Mini-Hang-Seng-Index-Futures?sc_lang=en,"官方产品页 Contract Summary 表原文 ""Contract Multiplier HK$10 per index point""；同页正文另述 ""The contract multiplier of the Mini-HSI futures & option contracts are HK$10.00 or one-fifth the size of the HSI futures & option contracts""，两处自洽",大小合约 5:1（不是常见的 10:1）—— 这正是不能用「张数 ÷ 一个统一比例」去做当量换算的原因，比例必须逐个产品从规格页取。基期价格 📌 同 HKEX_HSI_FUT。
ICE_BRENT_FUT,ICE 布伦特原油期货,ICE,energy,contract,Brent Crude Futures,BRENT,contract,USD,1000,桶/张,2019-01,,,,,BRENT,ICE_BRENT_FUT,,,https://www.ice.com/products/219/Brent-Crude-Futures,"官方合约页 Market Specifications 表原文 ""Contract Size 1,000 barrels""、""Unit of Trading Any multiple of 1,000 barrels""、""Currency US Dollars and cents""","【2026-08-06 口径定案】✅ 这个缺口已由新行 **ICE_BRENT_IFEU** 解决 —— 基期价格取美国能源信息署 EIA 的官方序列 RBRTE，2019-01 月均 59.4095454545 美元/桶。本行保留为**官方合约规格的出处行**（https://www.ice.com/products/219/Brent-Crude-Futures，2026-08-06 复验 HTTP 200，原文 ""Contract Symbol B"" / ""Contract Size 1,000 barrels""），不被任何池引用。⚠ 上面那段「📌 未找到 Brent 2019-01 的官方结算价」**仍然成立**：ICE 自己的历史结算价确实在 Report Center 后面。ICE_BRENT_IFEU 用的是 EIA 的 **Dated Brent 现货 FOB**，不是 ICE 期货结算价 —— 两者 2019-01 的基差已量化并写进 ICE_BRENT_IFEU 的 evidence（比本仓 SPAN 解出的 CME Brent 现金结算期货 BZ 近月月均低约 1.2%，方向与当月初的 contango 一致）。 ‖ 以下是定案前的旧注，保留是为了留住当时排除过的路径： 📌 未找到 Brent 2019-01 的官方结算价：ICE 的历史结算数据在 Report Center 后面（需登录），公开产品页只给当期报价。检索路径：ICE 官方 daily settlement 报告存档，或 ICE 母公司 ICE Inc 的月度 statistics 附件。⚠ 能源池的告诫：不同能源品热值不同，名义额相同 ≠ 能量相同，图注必须写明。"
ICE_GASOIL_FUT,ICE 低硫柴油（Gasoil）期货,ICE,energy,contract,Low Sulphur Gasoil Futures,GASOIL,contract,USD,100,公吨/张,2019-01,,,,,GASOIL,ICE_GASOIL_FUT,,,https://www.ice.com/products/34361119/Low-Sulphur-Gasoil-Futures,"官方合约页原文 ""Contract Size 100 metric tonnes""、""Unit of Trading One or more lots of 100 metric tonnes of low sulphur gasoil (10ppm diesel)""","【2026-08-06 口径定案】⛔ **本轮不做 Gasoil**：energy 池的 ICE 腿只含 Brent（见 ICE_BRENT_IFEU）。乘数是有的 —— https://www.ice.com/products/34361119/Low-Sulphur-Gasoil-Futures 2026-08-06 复验 HTTP 200，原文 ""Contract Symbol G"" / ""Contract Size 100 metric tonnes""。📌 缺的只有 2019-01 的官方基期价格，而这一条本轮**逐条实测排除**：Gasoil 以**美元/公吨**（ARA 驳船）报价，EIA 全站没有这个口径 —— 现货价页 https://www.eia.gov/dnav/pet/pet_pri_spt_s1_d.htm 的口径横幅原文就是 ""Crude Oil in Dollars per Barrel, Products in Dollars per Gallon""，成品油全部是美国口岸（NY Harbor / US Gulf Coast / LA），全页无 Rotterdam / ARA / Gasoil 任何字样；ICE 自己的历史结算价在 Report Center 的 reCAPTCHA 后面（build/basefill/ice_enx2.py 实测 recaptchaRequired=true、criteria 恒 409）。拿 $/gallon 的美国柴油乘一个密度系数折成 $/tonne 就是编数，本仓不做。代价已量化：加上 Gasoil 能把 ICE 腿的张数覆盖率从 2019-01 的 34.8% 抬到 46.3%（187 个月中位 33.3% → 43.1%）—— 按「准确优先于覆盖」，宁可少这 11.5pp 也不要一个来路不明的常数。检索路径留给下一个人：ICE Report Center 的 report 26/27 人工导出，**必须把导出的原始 CSV 一起提交**，否则仓库仍然复算不了。 ‖ 以下是定案前的旧注，保留是为了留住当时排除过的路径： 计价单位是**美元/公吨**（不是美元/桶），与 Brent 不同量纲，所以两者的张数绝不可相加 —— 必须各自换成名义额再加。基期结算价 📌 同 ICE_BRENT_FUT。"
JPX_N225_FUT_LARGE,JPX 日经 225 期货（大板）,JPX,apac_deriv,contract,Nikkei 225 Futures (Large Contracts),N225,contract,JPY,1000,JPY/指数点,2019-01,,,,,N225,JPX_N225_FUT_LARGE,,,https://www.jpx.co.jp/english/derivatives/products/domestic/225futures/index.html,"官方产品页原文 ""The minimum trading unit is 1,000 times the Nikkei Stock Average (Nikkei 225)""","📌 未找到 N225 的 2019-01 官方收盘：日经 225 由日本经济新闻社编制，indexes.nikkei.co.jp 被 Cloudflare 挑战页拦（返回 ""Just a moment...""）。检索路径：JPX 官方《東証統計月報》/ Monthly Report 里有日经与 TOPIX 的月末值，或 Nikkei Inc 官网历史数据（需浏览器）。禁用第三方行情站。"
JPX_N225_MINI,JPX 日经 225 mini 期货,JPX,apac_deriv,contract,Nikkei 225 mini Futures,N225,contract,JPY,100,JPY/指数点,2019-01,,,,,N225,JPX_N225_MINI,,,https://www.jpx.co.jp/english/derivatives/products/domestic/225mini/index.html,"官方产品页原文 ""The minimum trading unit (1 contract) is 100 times the Nikkei Stock Average (Nikkei 225)""；同页另述大板为 1,000 倍、""The minimum trading unit for the Nikkei 225 mini has been reduced to one-tenth of that amount""，两处自洽",大板:mini = 10:1。JPX 的原始张数被 mini（1/10）与 micro（1/100）严重扭曲，这正是 series/hkex.csv 式的「张数合计」在 JPX 上完全不可比的原因。📌 基期价格（N225 2019-01 点位）未找到，检索路径同 JPX_N225_FUT_LARGE。⚠ 本次未在官方页上看到任何「乘数曾变更」的表述，所以本行 effective 区间留空；若日后查到 mini 的规格代际（例如上市初期不同乘数），必须拆成两行并填 effective_from/to。
JPX_TOPIX_FUT_LARGE,JPX TOPIX 期货（大板）,JPX,apac_deriv,contract,TOPIX Futures (Large Contracts),TOPIX,contract,JPY,10000,JPY/指数点,2019-01,,,,,TOPIX,JPX_TOPIX_FUT_LARGE,,,https://www.jpx.co.jp/english/derivatives/products/domestic/topix-futures/index.html,"官方产品页原文 ""The minimum trading unit (1 contract) is 10,000 times TOPIX""",📌 未找到 TOPIX 的 2019-01 收盘。TOPIX 由 JPX 自己编制，所以这一条本该最容易，但 jpx.co.jp/markets/indices/topix 页上挂的两个文件（topixyear_j.xls、newindex-j.xlsx）分别是年度值与成分变更记录，都不含 2019-01 的日频/月均。检索路径：JPX「統計月報（Monthly Statistics Report）」或 jpx.co.jp/markets/statistics-equities 下的指数历史文件。
IDXREF_AU_ASX200,基期参照：S&P/ASX 200 指数点位,ASX,apac_cash,index_ref,S&P/ASX 200 Index (level),ASX200,contract,AUD,1,指数点,2019-01,,,,,ASX200,IDXREF_AU_ASX200,,,https://www.asx.com.au/markets/trade-our-cash-market/historical-market-statistics,📌 本会话未取到：asx.com.au 的相关路径返回同一份 136KB 的通用外壳页，无数据表。,📌 本行基期点位未取到，卡在哪一步见 evidence 列。检索路径：ASX 官方 Monthly Activity Report（历史存档含指数月末值）。⚠ 这是**近似**，不是定基：大盘指数与该市场实际成交结构的价格变动不是同一件事（成交集中在高换手股，指数按市值加权），两者可以差出几个百分点。所以用它平减出来的序列只能进「规模参考」，不得与 kind=contract 的真定基成员放进同一个份额池 —— pools.py 的 deflator=fx_only 与 base_price 不许混池，就是这条的执行面。
IDXREF_DE_DAX,基期参照：DAX 指数点位,Eurex,eu_cash,index_ref,DAX Index (level),DAX,contract,EUR,1,指数点,2019-01,,,,,DAX,IDXREF_DE_DAX,,,https://www.dax-indices.com/index-details?isin=DE0008469008,📌 本会话未取到：dax-indices.com 的 HistoricalData/DAX.csv 返回的是 JS 外壳（22KB HTML）。,📌 本行基期点位未取到，卡在哪一步见 evidence 列。检索路径：Deutsche Börse 的 dax-indices.com 历史数据下载（需浏览器渲染），或 boerse-frankfurt.de 的官方历史。⚠ 这是**近似**，不是定基：大盘指数与该市场实际成交结构的价格变动不是同一件事（成交集中在高换手股，指数按市值加权），两者可以差出几个百分点。所以用它平减出来的序列只能进「规模参考」，不得与 kind=contract 的真定基成员放进同一个份额池 —— pools.py 的 deflator=fx_only 与 base_price 不许混池，就是这条的执行面。
IDXREF_EU_SX5E,基期参照：欧洲斯托克 50 指数点位,EU,eu_cash,index_ref,EURO STOXX 50 Index (level),SX5E,contract,EUR,1,指数点,2019-01,,,,,SX5E,IDXREF_EU_SX5E,,,https://www.stoxx.com/index-details?symbol=SX5E,📌 本会话未取到。已试 stoxx.com 的历史数据文件 https://www.stoxx.com/document/Indices/Current/HistoricalData/hbrbcpe.txt —— 文件能下（688KB、含 Blue-Chip 列），但**末行只到 2016-10-04**，不覆盖 2019-01；h_sx5e.txt 返回 404 页面。,📌 本行基期点位未取到，卡在哪一步见 evidence 列。检索路径：STOXX（隶属 ISS STOXX / 德意志交易所集团）的 index-details 页有历史下载，或 Eurex 母公司 Deutsche Börse 的年报/月度统计。⚠ 这是**近似**，不是定基：大盘指数与该市场实际成交结构的价格变动不是同一件事（成交集中在高换手股，指数按市值加权），两者可以差出几个百分点。所以用它平减出来的序列只能进「规模参考」，不得与 kind=contract 的真定基成员放进同一个份额池 —— pools.py 的 deflator=fx_only 与 base_price 不许混池，就是这条的执行面。
IDXREF_HK_HSI,基期参照：恒生指数点位,HKEX,apac_cash,index_ref,Hang Seng Index (level),HSI,contract,HKD,1,指数点,2019-01,,,,,HSI,IDXREF_HK_HSI,,,https://www.hsi.com.hk/eng/indexes/all-indexes/hsi,📌 本会话未取到：hsi.com.hk 是单页应用，服务端只返回外壳；其 JSON 接口只给成分股，不给历史点位。,📌 本行基期点位未取到，卡在哪一步见 evidence 列。检索路径：HKEX《Monthly Market Highlights》2019-01 号（官方一手）。⚠ 这是**近似**，不是定基：大盘指数与该市场实际成交结构的价格变动不是同一件事（成交集中在高换手股，指数按市值加权），两者可以差出几个百分点。所以用它平减出来的序列只能进「规模参考」，不得与 kind=contract 的真定基成员放进同一个份额池 —— pools.py 的 deflator=fx_only 与 base_price 不许混池，就是这条的执行面。
IDXREF_JP_TOPIX,基期参照：TOPIX 点位,JPX,apac_cash,index_ref,TOPIX (level),TOPIX,contract,JPY,1,指数点,2019-01,,,,,TOPIX,IDXREF_JP_TOPIX,,,https://www.jpx.co.jp/markets/indices/topix/index.html,📌 本会话未取到：该页挂的 topixyear_j.xls 是年度值、newindex-j.xlsx 是成分变更记录，都不含 2019-01 的日频或月均点位。,📌 本行基期点位未取到，卡在哪一步见 evidence 列。检索路径：JPX 統計月報 / Monthly Statistics Report。TOPIX 由 JPX 自编，这一条最终一定拿得到。⚠ 这是**近似**，不是定基：大盘指数与该市场实际成交结构的价格变动不是同一件事（成交集中在高换手股，指数按市值加权），两者可以差出几个百分点。所以用它平减出来的序列只能进「规模参考」，不得与 kind=contract 的真定基成员放进同一个份额池 —— pools.py 的 deflator=fx_only 与 base_price 不许混池，就是这条的执行面。
IDXREF_SG_STI,基期参照：新加坡海峡时报指数点位,SGX,apac_cash,index_ref,Straits Times Index (level),STI,contract,SGD,1,指数点,2019-01,,,,,STI,IDXREF_SG_STI,,,https://www.sgx.com/indices,📌 本会话未取到：sgx.com 是单页应用，服务端只返回 14KB 外壳。,📌 本行基期点位未取到，卡在哪一步见 evidence 列。检索路径：SGX 官方月度 market statistics 报告（含 STI 月末值）。⚠ 这是**近似**，不是定基：大盘指数与该市场实际成交结构的价格变动不是同一件事（成交集中在高换手股，指数按市值加权），两者可以差出几个百分点。所以用它平减出来的序列只能进「规模参考」，不得与 kind=contract 的真定基成员放进同一个份额池 —— pools.py 的 deflator=fx_only 与 base_price 不许混池，就是这条的执行面。
IDXREF_US_SPX,基期参照：标普 500 指数点位,US,(deflator),index_ref,S&P 500 Index (level),SPX,contract,USD,1,指数点,2019-01,avg_close,2607.3899952380953,2607.3899952380953,reconstructed,SPX,IDXREF_US_SPX,,,https://cdn.cboe.com/api/global/us_indices/daily_prices/SPX_History.csv,https://cdn.cboe.com/api/global/us_indices/daily_prices/SPX_History.csv，取 2019-01 全部 21 个交易日 SPX 收盘价的算术平均 = 2607.3899952380953（首个交易日 2019-01-02，末个 2019-01-31 收 2704.1001）,美国现货池本身用的是「股数 × 基期每股均价」的真定基（见 US_CASH_EQUITY_SHARE），不需要指数代理；这一行留着是给「只有金额没有股数」的美国口径备用。⚠ 这是**近似**，不是定基：大盘指数与该市场实际成交结构的价格变动不是同一件事（成交集中在高换手股，指数按市值加权），两者可以差出几个百分点。所以用它平减出来的序列只能进「规模参考」，不得与 kind=contract 的真定基成员放进同一个份额池 —— pools.py 的 deflator=fx_only 与 base_price 不许混池，就是这条的执行面。
ASX_DERIV,ASX 衍生品合计（利率 + 股指 + 商品 + 电力 + NZ）,ASX,apac_deriv,pool_product,,,contract,AUD,1,张（篮子：各成员乘数已并入基期单张名义额）,2019-01,month_midpoint,412799.4337276571,412799.4337276571,reconstructed,,ASX_DERIV,,,build/pools.py PRODUCTS[ASX_DERIV].spec_source | https://www.asx.com.au/content/dam/asx/participants/derivatives-market/ird/asx24-contract-specifications.pdf | https://web.archive.org/web/20190301id_/http://www.asx.com.au/data/market-reports/MonthlyFuturesMarketsReport190131.pdf | https://announcements.asx.com.au/asxpdf/20190206/pdf/442dphjm6zq43c.pdf | https://www.asx.com.au/content/dam/asx/participants/derivatives-market/equity-derivatives/equity-derivatives-statistics/2019/annual-market-summary-2019.xls | https://data-api.ecb.europa.eu/service/data/EXR/D.AUD.EUR.SP00.A | https://data-api.ecb.europa.eu/service/data/EXR/D.NZD.EUR.SP00.A,"⚠ 混合口径且含 non-traded volume。篮子常数须在 evidence 里写明混了哪几类，图注同步。 ——【2026-08-06 合并 _specs_part_asx_mx.csv】📌 未填：缺 2019-01 分品种成交量（权重）。检索路径与实测结果：(1) 2019-01 MAR 正文印的分品种链接 http://www.asx.com.au/data/market-reports/MonthlyFuturesMarketsReport190131.pdf → HTTP 200 + text/html + 136,750 字节通用外壳页（soft-404，不是 404）；www2.asx.com.au 与 /data/futures/reports/ 下同名文件返回同一张外壳页。(2) 现行分品种月报 https://www.asx.com.au/data/futures/reports/MonthlyWebTotalVolume{YYMM}S.htm → 逐月实测 1801–2012 共 36 个月，最早的真文件是 2004（2020-04），1801–2003 全是外壳页。(3) https://www.asx.com.au/about/market-statistics/trading-volumes → 官方原文只提供 rolling 12 个月。另注：本行在 build/pools.py 挂 adv_futures_and_options_contracts，成员是整个 ASX 24（利率+股指+商品+电力+NZ+期货期权），即便拿到 SPI200/YT/XT/IR 四条也凑不出完整权重。已核实的成员乘数（asx24-contract-specifications.pdf v11，非 2019 版）：AP A$25/指数点、YT/XT 面值 A$100,000、IR 面值 A$1,000,000、IB 名义 A$3,000,000。⚠ 利率合约按面值计名义额、不乘结算价（报价是 100−收益率，乘上去无经济含义）。名义额不反映利率风险敞口：同样名义额下 2 年期与 10 年期的 DV01 差 5 倍以上，本池占比只能读作「名义额构成」，不可读作「谁承担了更多利率风险」。 ——【2026-08-06 合并 _specs_part_asx_mx.csv + _specs_part_us_asx_mx2.csv】📌 未填：缺 2019-01 分品种成交量（权重）。检索路径与实测结果：(1) 2019-01 MAR 正文印的分品种链接 http://www.asx.com.au/data/market-reports/MonthlyFuturesMarketsReport190131.pdf → HTTP 200 + text/html + 136,750 字节通用外壳页（soft-404，不是 404）；www2.asx.com.au 与 /data/futures/reports/ 下同名文件返回同一张外壳页。(2) 现行分品种月报 https://www.asx.com.au/data/futures/reports/MonthlyWebTotalVolume{YYMM}S.htm → 逐月实测 1801–2012 共 36 个月，最早的真文件是 2004（2020-04），1801–2003 全是外壳页。(3) https://www.asx.com.au/about/market-statistics/trading-volumes → 官方原文只提供 rolling 12 个月。另注：本行在 build/pools.py 挂 adv_futures_and_options_contracts，成员是整个 ASX 24（利率+股指+商品+电力+NZ+期货期权），即便拿到 SPI200/YT/XT/IR 四条也凑不出完整权重。已核实的成员乘数（asx24-contract-specifications.pdf v11，非 2019 版）：AP A$25/指数点、YT/XT 面值 A$100,000、IR 面值 A$1,000,000、IB 名义 A$3,000,000。⚠ 利率合约按面值计名义额、不乘结算价（报价是 100−收益率，乘上去无经济含义）。名义额不反映利率风险敞口：同样名义额下 2 年期与 10 年期的 DV01 差 5 倍以上，本池占比只能读作「名义额构成」，不可读作「谁承担了更多利率风险」。 ‖ 【主线程 2026-08-06 判定口径】basis=month_midpoint / source=reconstructed —— Σ(张数×单张名义额)÷Σ张数；价格用 XJO 月初/月末收盘中点（ASX 日频历史是收费产品），利率腿按官方面值 ｜ 篮子常数 = Σ(2019-01 各合约张数 × 单张名义额) ÷ Σ张数 = 412,799.4337276571 AUD/张，覆盖全所张数的 99.54%（13 个成员 / 10,949,070 张，全所 10,999,710 张）。【本轮的通道突破】第一轮卡在「2019-01 分品种成交量在 asx.com.au 不存在」：2019-01 MAR 正文印的那条官方链接 http://www.asx.com.au/data/market-reports/MonthlyFuturesMarketsReport190131.pdf 现在返回 136,750 字节的通用外壳页（soft-404）。本轮从 Wayback 取到了**当年 ASX 自己发的那份 PDF 原件**（application/pdf，137,193 字节，不是外壳页）。⚠ 取快照的姿势与本任务其它站**相反**：web.archive.org 对 curl_cffi 的任何 impersonate 都恒返回 HTTP 498（伪装成 404 页），裸 urllib + 普通浏览器 UA 直接 200。真伪不靠「来源看着对」，靠两个硬校验：报告抬头逐字为 ""Monthly SFE Trading Report for January 2019""；Total Exchange = 10,999,710 与同月 ASX Group Monthly Activity Report 正文的 ""Total contracts 10,999,710"" 逐位相同（该 MAR 也正是 series/asx.csv 的入库来源）。【成员与单张名义额】股指按乘数×指数点：SPI 200 期货 AP 833,222 张、SPI 200 期权 AP 6,319 张、Mini SPI 200 AM 220 张，乘数 A$25 / A$25 / A$5 每指数点（asx24-contract-specifications.pdf 逐字断言 ""Valued at A$25 per index point"" / ""A$5 per index point""），基期点位取 S&P/ASX 200（XJO）**2019-01-02 收盘 5,557.8 与 2019-01-31 收盘 5,864.7** 的中点 5,711.25，来源是与 ASX_ETO **同一张** ASX 官方年报 xls 的 XJO 行同两列 —— 这样表内 ASX 两行的基期时点口径完全一致，不会一个表里混两种时点；同样记 base_price_basis=`month_midpoint`。利率按面值：IB 30 天银行间现金利率 298,271 张 × A$3,000,000（""notional sum of AUD 3,000,000""）、IR 90 天银行票据 2,693,074 张 × A$1,000,000、YT 3 年国债 3,891,546 张 × A$100,000、XT 10 年国债 3,011,375 张 × A$100,000、⚠ LT 20 年国债 9,539 张 × **A$65,000**（官方原文 ""face value of A$65,000, a coupon rate of 4% per annum and a term to maturity of twenty years"" —— 与 3Y/10Y 的 A$100,000 **不同**，照抄同族就会错；该合约 Listing Date 10 August 2018，2019-01 已在效）；利率期权按「一张期权 = 一张标的期货」折算：YT 15,000 + YO(隔夜) 22,450 + YD(日内) 48,000 张 × A$100,000、XT 1,500 张 × A$100,000。跨币种成员：NZ 90 天银行票据 BB 118,554 张 × NZ$1,000,000，按 2019-01 ECB 官方日度参考汇率逐日算 AUD/NZD 交叉后取月均 0.9480807485468911 折成 A$948,080.75/张。汇率方法与 fetch/fx.py 同源，已用同法复算 AUD/USD 得 0.7146828535918106，与 series/fx.csv 的 fx_avg_audusd 逐位相同。【未覆盖 0.46%】50,640 张：S&P/ASX 200 A-REIT 指数期货 AA 1,783 张、90 天银行票据 strip pack RP 157 张、澳洲商品（电力/天然气/小麦/大麦）期货 24,060 张 + 期权 1,233 张、新西兰商品（电力）期货 17,507 张 + 期权 5,900 张 —— 电力合约的一张 = MWh × 报价，MWh 数随合约期长度变（与 ICE_TTF_GAS 同一类坑），且 ASX 不公开这些合约的 2019-01 结算价，故按「未覆盖成员与已覆盖成员单张名义额相同」归一。这是本行唯一的假设。【稳健性】把基期点位换成只用 2019-01-02 收盘或只用 2019-01-31 收盘，常数分别是 412,505.26646447857 与 413,093.60099083564，**全距只有 0.14%** —— 因为利率合约按面值占了绝大部分名义额，股指那 7.6% 的张数只贡献 2.7% 的名义额，所以 ASX_ETO 那 ±3% 的价格不确定性在本行几乎不传导。【口径警告】(1) 本行是混合口径篮子：利率按面值、股指按乘数×点位，两者相加只能读作「名义额构成」。⚠ 利率合约按面值计名义额、不乘结算价（报价是 100−收益率，乘上去无经济含义）。名义额不反映利率风险敞口：同样名义额下 3 年期与 10 年期的 DV01 差 3 倍以上，本池占比只能读作「名义额构成」，不可读作「谁承担了更多利率风险」。 (2) ASX 官方逐合约报告脚注逐字写着 ""Volumes quoted are Total Volumes which include on-market, off-market and non-traded volumes.""：2019-01 的 non-traded volume 为 70,461 张（占 0.64%，其中 YT 29,250、IB 24,696、SPI 200 AP 2,670）。本常数与 pools.py 挂的 adv_futures_and_options_contracts 是同一口径（两边都含 non-traded），所以内部自洽；但与别家「只算撮合成交」的交易所横比时必须在图注说明。(3) 合约规格取的是**现行版** asx24-contract-specifications.pdf 而非 2019-01 在效版；所引的 7 个规格都是多年不变的老合约，且脚本对每条都做了逐字断言，ASX 一改版就会先炸。(4) 期货月的交易日是 22 天（利率/股指/商品），与股票期权的 21 天不同，别混用。复算脚本：build/basefill/us_asx_mx2.py 的 asx_deriv_constant()。",✅ 基期常数已合并入表（2026-08-06，来源 _specs_part_asx_mx.csv + _specs_part_us_asx_mx2.csv；取数代码在 build/basefill/）：base_price_basis=month_midpoint、notional_source=reconstructed，逐位复算记录见 evidence 列。以下是填入前的旧注，其中「📌 未取到 / 未找到」已被本次实测取代，保留是为了留住当时排除过的路径。 🔁 基期常数复查（2026-08-06，来源 _specs_part_asx_mx.csv）：仍未取到，本轮实测过的路径与排除项已写进 evidence 列。 📌 未取到 ASX 合约规格：asx.com.au 相关路径返回通用外壳页。⚠ 混合口径且含 non-traded volume，启用前必须在本行写明混了哪几类。
ASX_ETO,ASX 单股期权（ETO）,ASX,"apac_deriv,single_stock_etf_opt",pool_product,,,contract,AUD,1,张（篮子：各成员乘数已并入基期单张名义额）,2019-01,month_midpoint,2542.436913196142,2542.436913196142,reconstructed,,ASX_ETO,,,build/pools.py PRODUCTS[ASX_ETO].spec_source | https://www.asx.com.au/content/dam/asx/participants/derivatives-market/equity-derivatives/equity-derivatives-statistics/2019/annual-market-summary-2019.xls | https://www.asx.com.au/content/dam/asx/participants/derivatives-market/equity-derivatives/equity-derivatives-statistics/2019/derivatives-equity-and-index-options-jan2019.pdf | https://announcements.asx.com.au/asxpdf/20190206/pdf/442dphjm6zq43c.pdf,"ASX 规格页 100 股/张（有除权调整）。 ——【2026-08-06 合并 _specs_part_asx_mx.csv】📌 未填：量齐了、价的口径不齐。权重已核对无误 —— annual-market-summary-2019.xls（January 表）161 个类 Call+Put 合计 5,953,660，与官方 derivatives-equity-and-index-options-jan2019.pdf 第 7 页的 Equity 5,156,054 + Equity LEPO 51,180 + Index 746,164 + Index LEPO 262 逐位相符；剔掉 XJO/XJO*/XJOL 后 5,207,234，与 MAR 的 Single stock equity options 逐位相符。卡点：ASX 对个股只发**月初、月末两个收盘价**，没有日频序列（历史行情是收费产品），凑不出表内统一的 base_price_basis=avg_close。候选值（100 股/张，AUD）：月初价 2,465.9435 / 月末价 2,618.9303 / 中点 2,542.4369，区间宽度约 ±3%。要采用中点必须主线程明确同意换口径并同步改 base_price_basis。⚠ 另注：ASX 单股期权乘数会因除权除息调整，同一标的不同月份可以不同；篮子常数只代表基期那个月的结构。 ——【2026-08-06 合并 _specs_part_asx_mx.csv + _specs_part_us_asx_mx2.csv】📌 未填：量齐了、价的口径不齐。权重已核对无误 —— annual-market-summary-2019.xls（January 表）161 个类 Call+Put 合计 5,953,660，与官方 derivatives-equity-and-index-options-jan2019.pdf 第 7 页的 Equity 5,156,054 + Equity LEPO 51,180 + Index 746,164 + Index LEPO 262 逐位相符；剔掉 XJO/XJO*/XJOL 后 5,207,234，与 MAR 的 Single stock equity options 逐位相符。卡点：ASX 对个股只发**月初、月末两个收盘价**，没有日频序列（历史行情是收费产品），凑不出表内统一的 base_price_basis=avg_close。候选值（100 股/张，AUD）：月初价 2,465.9435 / 月末价 2,618.9303 / 中点 2,542.4369，区间宽度约 ±3%。要采用中点必须主线程明确同意换口径并同步改 base_price_basis。⚠ 另注：ASX 单股期权乘数会因除权除息调整，同一标的不同月份可以不同；篮子常数只代表基期那个月的结构。 ‖ 【主线程 2026-08-06 判定口径】basis=month_midpoint / source=reconstructed —— 同上时点口径，表内 ASX 两行一致；官方 Traded Value 是权利金(A$97.03/张=名义额的3.8%)，未采用 ｜ ⚠ base_price_basis 必须记为 `month_midpoint`，**不是 avg_close** —— 主线程 2026-08-06 裁决：ASX 对个股只发当月第一个与最后一个交易日的收盘价（日频历史行情是收费产品），凑不出真正的月内均价，所以取两者中点并如实命名，不许冒充 avg_close。本轮把「月初/月末」钉到具体哪天：annual-market-summary-2019.xls 的 January 表两列价格表头是 Excel 日期序列 43467 与 43496，即 **2019-01-02 与 2019-01-31** 的收盘价（脚本对这两个序列号加了断言）。算法：常数 = 100 股/张 × Σ(各类 2019-01 Call+Put 张数 × (2019-01-02 收盘 + 2019-01-31 收盘)/2) ÷ Σ张数 = 2542.436913196142 AUD。三个候选：只用 2019-01-02 价 2465.9434976419343 / 只用 2019-01-31 价 2618.9303287503494 / 中点 2542.436913196142，**半带宽 ±3.01%**（即这一行的价格不确定性就是 ±3%，任何用它做的份额比较，3% 以内的差异都不构成结论）。【模式①在 ASX 单股期权上不成立，别再找了】同一张官方 xls 第 7-8 列有 ""Traded Value""，但实测 2019-01 全部单股期权 Traded Value 合计 A$505,283,726 ÷ 5,207,234 张 = A$97.03/张，只有名义额 A$2,542.44/张 的 3.8% —— 那是**权利金成交额**，不是名义额，除以张数得不到篮子常数。量已两重核对且逐位相符：该 xls 的 January 表 161 个类 Call+Put 合计 5,953,660，与 ASX 官方 derivatives-equity-and-index-options-jan2019.pdf 第 7 页的 Equity 5,156,054 + Equity LEPO 51,180 + Index 746,164 + Index LEPO 262 相等；剔掉 XJO / XJO* / XJOL（那三个是**指数**期权与指数 LEPO，乘数是每点澳元数，在 pools.py 里挂 ASX_INDEX_OPT，不属于本行）后 158 个类合计 5,207,234，与同月 ASX Group Monthly Activity Report 的 Single stock equity options 5,207,234 逐位相同。⚠ ASX 单股期权乘数会因除权除息调整，同一标的不同月份可以不同；本常数只代表基期那个月的实际结构，不是「ASX 永远 100 股/张」。复算脚本：build/basefill/us_asx_mx2.py 的 asx_eto_constant() 与 asx_eto_traded_value_check()。",✅ 基期常数已合并入表（2026-08-06，来源 _specs_part_asx_mx.csv + _specs_part_us_asx_mx2.csv；取数代码在 build/basefill/）：base_price_basis=month_midpoint、notional_source=reconstructed，逐位复算记录见 evidence 列。以下是填入前的旧注，其中「📌 未取到 / 未找到」已被本次实测取代，保留是为了留住当时排除过的路径。 🔁 基期常数复查（2026-08-06，来源 _specs_part_asx_mx.csv）：仍未取到，本轮实测过的路径与排除项已写进 evidence 列。 📌 未取到。ASX 单股期权名义上 100 股/张，但**有除权调整**，意味着同一标的不同月份的乘数可以不同 —— 篮子常数只能取基期那个月的实际结构。
AUM_EUR,挂钩 ETF 资产（€）,DB1,fn_index_aum,pool_product,,,notional,EUR,1,本币元（源列已是金额）,2019-01,definitional,1,1,official_notional,,AUM_EUR,,,build/pools.py PRODUCTS[AUM_EUR].spec_source,同上。,同上，欧元计价的挂钩资产。
AUM_USD,挂钩 ETF 资产（US$）,MSCI,fn_index_aum,pool_product,,,notional,USD,1,本币元（源列已是金额）,2019-01,definitional,1,1,official_notional,,AUM_USD,,,build/pools.py PRODUCTS[AUM_USD].spec_source,"kind=notional；AUM 本身是市值，""定基""不适用，只锁汇率。","AUM 是**存量**（时点市值），""定基""对它不适用 —— 只锁汇率。pools 的 flow=stock ⇒ 汇率取 eom 基准，不要用 avg。"
AU_CASH_ADT_AUD,ASX 现货成交额（A$，on-market）,ASX,apac_cash,pool_product,,,notional,AUD,1,本币元（源列已是金额）,2019-01,definitional,1,1,official_notional,,AU_CASH_ADT_AUD,,,build/pools.py PRODUCTS[AU_CASH_ADT_AUD].spec_source,kind=notional，只用基期 AUD/USD 汇率。,同上，澳元 on-market ADT。
CA_CASH_EQUITY_SHARE,加拿大上市股票（平均一股）,TMX,na_cash,pool_product,,,share,CAD,1,股,2019-01,,,,,,CA_CASH_EQUITY_SHARE,,,build/pools.py PRODUCTS[CA_CASH_EQUITY_SHARE].spec_source,TMX 月度 Trading Statistics 同时给 volume（股）与 value（加元），取 2019-01 的 value ÷ volume。,📌 未找到。检索路径：TMX 月度 Trading Statistics 同时给 volume（股）与 value（加元），取 2019-01 的 value ÷ volume 即可 —— 本会话未抓 TMX 站点。
CBOE_INDEX_OPT,Cboe 指数期权（SPX / VIX / XSP / RUT 合成篮子）,Cboe,"equity_index,na_total_opt",pool_product,,,contract,USD,1,张（篮子：各成员乘数已并入基期单张名义额）,2019-01,,,,,,CBOE_INDEX_OPT,,,build/pools.py PRODUCTS[CBOE_INDEX_OPT].spec_source,Cboe 各指数期权的合约规格页给乘数（各产品不同）；基期价格取 2019-01 各标的指数收盘价，按该月各产品 ADV 加权成一个篮子常数。,📌 篮子常数未实测入库。本表已实测入库三个成员的规格：CBOE_SPX_OPT（100 USD/点 × 2607.39）、CBOE_XSP_OPT（100 × 260.74）、CBOE_VIX_OPT（100 × 19.5724）；还缺 RUT 期权与 Mini VIX 的规格与基期价格，且缺 2019-01 各产品张数权重。篮子常数 = Σ(各成员合约的 2019-01 张数 × 该合约乘数 × 该合约基期价格) ÷ Σ(各成员 2019-01 张数)，只算一次并写死。⚠ 绝不能每月重算：重算会让价格项随月度品种结构漂移，定基口径当场失效。
CME_AG,CME 农产品（玉米/大豆/小麦复合体）,CME,ags,pool_product,,,contract,USD,1,张（篮子：各成员乘数已并入基期单张名义额）,2019-01,basket_vw,29317.92440479852,29317.92440479852,reconstructed,,CME_AG,,,build/pools.py PRODUCTS[CME_AG].spec_source | ftp://ftp.cmegroup.com/daily_volume/daily_volume_20190131.xlsx | ftp://ftp.cmegroup.com/span/archive/cme/2019/cme.YYYYMMDD.s.pa2.zip | https://www.cmegroup.com/clearing/risk-management/span-reference-documents.html | https://cmegroupclientsite.atlassian.net/wiki/spaces/pubsub/pages/457083445/Risk+Parameter+File+Layouts+for+the+Positional+Formats | https://www.cmegroup.com/rulebook/CBOT/I/10.pdf | https://www.cmegroup.com/rulebook/CBOT/I/11.pdf | https://www.cmegroup.com/rulebook/CBOT/II/12/12.pdf | https://www.cmegroup.com/rulebook/CBOT/II/14/14.pdf | https://www.cmegroup.com/rulebook/CBOT/II/13/13.pdf | https://www.cmegroup.com/rulebook/CME/II/100/101/101.pdf | https://www.cmegroup.com/rulebook/CME/II/150/152/152.pdf | https://www.cmegroup.com/rulebook/CBOT/II/14h.pdf,"CME 规格页 5,000 蒲式耳/张；基期价格取 2019-01 结算价加权。 ——【2026-08-06 合并 _specs_part_us.csv】📌 未填：同 CME_ENERGY，卡在 2019-01 官方结算价（检索路径与排除项见 CME_ENERGY）。2019-01 该类结构（CME 官方 FTP daily_volume）：玉米 26.1%、大豆 14.1%、豆油 8.6%、芝加哥小麦 8.4%、豆粕 8.0%、活牛 7.2%、瘦肉猪 4.8%、KC 小麦 4.0%，加上三个谷物的期权共占 92.8%。 ——【2026-08-06 合并 _specs_part_cme2.csv + _specs_part_us.csv】【主线程 2026-08-06 判定口径】basis=basket_vw / source=reconstructed —— SPAN 类型P的 Contract Value Factor × 类型82 近月月均结算价，按 ADV 加权，覆盖 99.95% ｜ 篮子常数 = 29317.924405 美元/张，覆盖该类张数的 99.95%（92 个成员），口径同 CME_ENERGY。单张名义额 = SPAN 类型 P 记录的 Contract Value Factor（官方合约价值乘数，定义原文「the multiplier that converts an actual price ... to the actual contract value」）× 该合约 2019-01 近月月均官方结算价（类型 82 记录，21 个交易日）。近月 = 类型 B 记录里到期日 ≥ 该业务日的最小合约月 ——不能直接取最小合约月，SPAN 文件里还挂着已交割的旧月份。期权按「一张期权 = 一张标的期货」折算，标的取 SPAN 记录里的 Underlying Commodity Code（官方父子关系，不是按代码前缀猜的）。乘数与结算价同出一份 CME 官方文件，不需要任何外部价格序列或乘数表。 2019-01 单张名义额（美元）：玉米 18933、大豆 45418、豆油 17334、芝加哥小麦 25838、豆粕 31273、活牛 50125、瘦肉猪 24312、KC 小麦 25173。✅ 乘数双证：这 8 个合约的 SPAN CVF 与 CBOT/CME 规则手册的 Trading Unit 条款（谷物 5,000 蒲式耳、豆油 60,000 磅、豆粕 100 短吨、活牛/瘦肉猪 40,000 磅）逐个对上。📌 已知精度损失：CBOT 谷物（C/S/W/KW）结算价在 SPAN 里按 3 位小数存，而最小变动价位是 1/4 美分（4 位小数），文件是截断不是四舍五入。本轮实测这四个产品全部 21 天所有近月结算价的第三位小数只出现 {0,2,5,7}，证明落在 1/4 美分网格上；按此重建（末位 2 或 7 时 +0.0005 美元/蒲式耳）得 29318.854378，与写入值差 +0.0032%。写进表里的是**未加工的原始值**，重建值只作敏感性留痕。 ‖ 📌 未填：同 CME_ENERGY，卡在 2019-01 官方结算价（检索路径与排除项见 CME_ENERGY）。2019-01 该类结构（CME 官方 FTP daily_volume）：玉米 26.1%、大豆 14.1%、豆油 8.6%、芝加哥小麦 8.4%、豆粕 8.0%、活牛 7.2%、瘦肉猪 4.8%、KC 小麦 4.0%，加上三个谷物的期权共占 92.8%。","✅ 基期常数已合并入表（2026-08-06，来源 _specs_part_cme2.csv + _specs_part_us.csv；取数代码在 build/basefill/）：base_price_basis=basket_vw、notional_source=reconstructed，逐位复算记录见 evidence 列。以下是填入前的旧注，其中「📌 未取到 / 未找到」已被本次实测取代，保留是为了留住当时排除过的路径。 🔁 基期常数复查（2026-08-06，来源 _specs_part_us.csv）：仍未取到，本轮实测过的路径与排除项已写进 evidence 列。 📌 未取到玉米/大豆/小麦的官方 5,000 蒲式耳/张（同 CME 的 JS 渲染问题）。"
CME_ENERGY,CME 能源（WTI / Henry Hub 合成篮子）,CME,energy,pool_product,,,contract,USD,1,张（篮子：各成员乘数已并入基期单张名义额）,2019-01,basket_vw,48727.52346196359,48727.52346196359,reconstructed,,CME_ENERGY,,,build/pools.py PRODUCTS[CME_ENERGY].spec_source | ftp://ftp.cmegroup.com/daily_volume/daily_volume_20190131.xlsx | ftp://ftp.cmegroup.com/span/archive/cme/2019/cme.YYYYMMDD.s.pa2.zip | https://www.cmegroup.com/clearing/risk-management/span-reference-documents.html | https://cmegroupclientsite.atlassian.net/wiki/spaces/pubsub/pages/457083445/Risk+Parameter+File+Layouts+for+the+Positional+Formats | https://www.cmegroup.com/rulebook/NYMEX/2/200.pdf | https://www.cmegroup.com/rulebook/NYMEX/2/220.pdf | https://www.cmegroup.com/rulebook/NYMEX/1a/191.pdf | https://www.cmegroup.com/rulebook/NYMEX/1a/150.pdf | https://www.cmegroup.com/rulebook/NYMEX/6/698.pdf,"CME 规格页：WTI 1,000 桶/张、HH 10,000 MMBtu/张。⚠ 名义额相同 ≠ 能量相同（热值不同），图注须写明。 ——【2026-08-06 合并 _specs_part_us.csv】📌 未填：乘数拿得到（NYMEX 规则手册），但 **2019-01 官方结算价拿不到**。本会话实测排除：CmeWS Settlements API 对 2019 日期返回 empty；voiProductsViewExport.ctl 对 2019 只回表头；FTP 的 settle/ 与 fprf/ 只有近月。唯一还活着的官方历史价格通道 = ftp://ftp.cmegroup.com/span/archive/cme/2019/（SPAN 风险参数文件，逐日 ~10MB zip，2019 全年都在，""B "" 记录带每合约结算价），但需要 CME 的 SPAN 文件版式说明才能安全解码。下一步：拿到版式说明 → 解 2019-01 的 21 个文件 → 对 CL/NG/RB/HO/BZ 按本模块同样的 ADV 加权。2019-01 该类结构（CME 官方 FTP daily_volume）：CL 49.6%、NG 17.5%、RB 7.5%、HO 6.6%、BZ 3.2%，前五个合约已占 84.4%。⚠ 名义额相同 ≠ 能量相同（原油与天然气热值不同），图注须写明。 ——【2026-08-06 合并 _specs_part_cme2.csv + _specs_part_us.csv】【主线程 2026-08-06 判定口径】basis=basket_vw / source=reconstructed —— 同上，覆盖 98.41%；WTI/HenryHub 结算价与 EIA 官方序列逐位相符(1.4e-16) ｜ 篮子常数 = Σ(2019-01 各合约 ADV × 单张名义额) ÷ Σ(ADV) = 48727.523462 美元/张，覆盖该类张数的 98.41%（262 个成员）。单张名义额 = SPAN 类型 P 记录的 Contract Value Factor（官方合约价值乘数，定义原文「the multiplier that converts an actual price ... to the actual contract value」）× 该合约 2019-01 近月月均官方结算价（类型 82 记录，21 个交易日）。近月 = 类型 B 记录里到期日 ≥ 该业务日的最小合约月 ——不能直接取最小合约月，SPAN 文件里还挂着已交割的旧月份。期权按「一张期权 = 一张标的期货」折算，标的取 SPAN 记录里的 Underlying Commodity Code（官方父子关系，不是按代码前缀猜的）。乘数与结算价同出一份 CME 官方文件，不需要任何外部价格序列或乘数表。 2019-01 单张名义额（美元）：CL 51550、NG 31003、RB 58100、HO 77966、BZ 60122。✅ 独立验证：WTI(CL) 与 Henry Hub(NG) 的近月月均结算价与美国能源信息署 EIA 的官方序列 RCLC1 / RNGC1（同样 21 天）逐位相同（相对偏差 <1e-15），等于同时验证了小数位解码、滚月约定、21 个交易日的选取三件事。EIA 文件：https://www.eia.gov/dnav/pet/hist_xls/RCLC1d.xls | https://www.eia.gov/dnav/ng/hist_xls/RNGC1d.xls ✅ 乘数双证：CL/NG/RB/HO/BZ 的 SPAN CVF 与 NYMEX 规则手册的 Trading Unit 条款（1,000 桶 / 10,000 MMBtu / 42,000 加仑 / 42,000 加仑 / 1,000 桶）逐个对上。⚠ 名义额相同 ≠ 能量相同（原油与天然气热值不同），图注须写明；未覆盖的 1.59% 主要是日历价差期权（WA/G4/BV/7A），其标的是组合合约、单腿名义额本来就近似为零。 ‖ 📌 未填：乘数拿得到（NYMEX 规则手册），但 **2019-01 官方结算价拿不到**。本会话实测排除：CmeWS Settlements API 对 2019 日期返回 empty；voiProductsViewExport.ctl 对 2019 只回表头；FTP 的 settle/ 与 fprf/ 只有近月。唯一还活着的官方历史价格通道 = ftp://ftp.cmegroup.com/span/archive/cme/2019/（SPAN 风险参数文件，逐日 ~10MB zip，2019 全年都在，""B "" 记录带每合约结算价），但需要 CME 的 SPAN 文件版式说明才能安全解码。下一步：拿到版式说明 → 解 2019-01 的 21 个文件 → 对 CL/NG/RB/HO/BZ 按本模块同样的 ADV 加权。2019-01 该类结构（CME 官方 FTP daily_volume）：CL 49.6%、NG 17.5%、RB 7.5%、HO 6.6%、BZ 3.2%，前五个合约已占 84.4%。⚠ 名义额相同 ≠ 能量相同（原油与天然气热值不同），图注须写明。","✅ 基期常数已合并入表（2026-08-06，来源 _specs_part_cme2.csv + _specs_part_us.csv；取数代码在 build/basefill/）：base_price_basis=basket_vw、notional_source=reconstructed，逐位复算记录见 evidence 列。以下是填入前的旧注，其中「📌 未取到 / 未找到」已被本次实测取代，保留是为了留住当时排除过的路径。 🔁 基期常数复查（2026-08-06，来源 _specs_part_us.csv）：仍未取到，本轮实测过的路径与排除项已写进 evidence 列。 📌 未取到 WTI（1,000 桶/张）与 Henry Hub（10,000 MMBtu/张）的官方乘数：CME 能源合约页与股指页同一个 JS 渲染问题（见 CME_EQUITY_INDEX）。⚠ 名义额相同 ≠ 能量相同（原油与天然气热值不同），图注须写明。"
CME_EQUITY_INDEX,CME 股指（E-mini / Micro E-mini 合成篮子）,CME,equity_index,pool_product,,,contract,USD,1,张（篮子：各成员乘数已并入基期单张名义额）,2019-01,basket_vw,133753.41764145932,133753.41764145932,reconstructed,,CME_EQUITY_INDEX,,,build/pools.py PRODUCTS[CME_EQUITY_INDEX].spec_source | ftp://ftp.cmegroup.com/daily_volume/daily_volume_20190131.xlsx | https://www.cmegroup.com/rulebook/CME/IV/350/358/358.pdf | https://www.cmegroup.com/rulebook/CBOT/III/27.pdf | https://cdn.cboe.com/api/global/us_indices/daily_prices/SPX_History.csv | https://cdn.cboe.com/api/global/us_indices/daily_prices/DJX_History.csv | https://api.nasdaq.com/api/quote/NDX/historical?assetclass=index&fromdate=2019-01-01&todate=2019-01-31&limit=60 | ftp://ftp.cmegroup.com/span/archive/cme/2019/cme.YYYYMMDD.s.pa2.zip | https://www.cmegroup.com/clearing/risk-management/span-reference-documents.html | https://cmegroupclientsite.atlassian.net/wiki/spaces/pubsub/pages/457083445/Risk+Parameter+File+Layouts+for+the+Positional+Formats,"⚠ 这是「张数不可比」最典型的一处：ES $50/点、MES $5/点，同标的差 10 倍。篮子常数必须按 2019-01 各产品成交量加权。 ——【2026-08-06 合并 _specs_part_us.csv】篮子常数 = Σ(2019-01 各合约 ADV × 乘数 × 基期指数) ÷ Σ(ADV) = 129974.571250 美元/张，覆盖该类张数的 91.73%（39 个成员）。乘数：ES $50×SPX（规则手册第 358 章）、NQ $20×NDX（产品页，与表内既有行 CME_NQ_NDX 同源）、YM $5×道指（CBOT 第 27 章）；E-mini 系的周度/月末期权按「一张期权=一张标的期货」并入母合约。基期指数（2019-01 月均收盘，21 个交易日）：SPX 2607.3899952381（Cboe，与表内既有 23 行逐位一致）、NDX 6619.8200000000（Nasdaq 官方接口）、道指 24157.7142857143（Cboe 的 DJX 指数历史 ×100，DJX 按定义是道指的 1/100）。⚠ 未覆盖的主要是 RTY（Russell 2000，2019-01 没找到官方免登录的指数历史）与 Nikkei/MidCap/板块指数/BTC；按「未覆盖成员与已覆盖成员单张名义额相同」归一，这是本行唯一的假设。📌 DJX 官方文件只给到分位（如 2019-01-31 = 250.00，对应道指 24,999.67），所以还原出的道指有 ±0.5 点的取整噪声 —— 对本常数的影响 <0.002%，可忽略但留痕。📌 2019-01 时 Micro E-mini 尚未上市（2019-05 才推出），所以基期结构里本来就没有 micro —— 这正是定基口径要固化的那个「稀释前」结构。 ——【2026-08-06 合并 _specs_part_cme2.csv】⚠ 这是对第一轮 129974.571250 的**修正**（+2.91%），不是重复填写。第一轮只把 ES / NQ / YM 三族放进篮子（覆盖 91.73%），漏掉了 2019-01 仍在交易的**大标普 SP（$250×指数）及其 EV/S1A/S1C/S5C/YP 期权族** —— 这正是""同一标的的大小合约都要进加权""那条：SP 族 41387 张/日（该类 1.288%），单张名义额 651519 美元，是 E-mini 的 5.0 倍；只补这一族，常数就从 129930.3508 跳到 137152.1752（+5.56%）。再补 RTY（罗素 2000，4.32% 张数、单张名义额只有 72169 美元）拉回到 134253.9544，补齐全部可定价成员（覆盖 98.90%）得 133753.417641。📌 2019-01 时 Micro E-mini 还没上市（2019-05 才推出），所以基期结构里本来就没有 micro —— 这正是定基口径要固化的""稀释前""结构，而 SP 是当时那个""大""。📌 定价基准由第一轮的""指数点位月均""改为""近月期货结算价月均""：ES 的两种基准分别是 2606.076190（期货，本模块）与 2607.389995（SPX 指数，第一轮），差 -0.05%，所以这项改动对结论无影响，但换来 RTY / 迷你标普 400 / 日经 / BTC / 标普总回报 这些没有免登录官方指数历史的成员也能定价。📌 未覆盖的 1.10% 主要是 N1（日经日元计价，结算币是 JPY，本模块只收美元结算的成员）。","【2026-08-06 修正】由 129974.57124959702 改为 133753.41764145932（+2.91%）。原值只含 ES/NQ/YM 三族、覆盖 91.73%，漏掉大标普 SP（$250×指数，单张 651,519 美元 = E-mini 的 5.0 倍，占该类 1.288% 张数）与 RTY（4.32% 张数、单张仅 72,169 美元）。补齐后覆盖 98.90%。定价基准由指数点位月均改为近月期货结算价月均（ES 两者差 -0.05%），换来 RTY/MidCap/日经/BTC 等无免登录官方指数历史的成员也能定价。SPAN 解码经 EIA 官方序列逐位验证（WTI/HenryHub 偏差 1.4e-16）。被取代的原值留档在 series/_specs_superseded.csv。｜原注：✅ 基期常数已合并入表（2026-08-06，来源 _specs_part_us.csv；取数代码在 build/basefill/）：base_price_basis=basket_vw、notional_source=reconstructed，逐位复算记录见 evidence 列。以下是填入前的旧注，其中「📌 未取到 / 未找到」已被本次实测取代，保留是为了留住当时排除过的路径。 本表已实测"
CME_FX,CME 外汇期货（合成篮子）,CME,fx_futures,pool_product,,,contract,USD,1,张（篮子：各成员乘数已并入基期单张名义额）,2019-01,basket_vw,95690.21869094571,95690.21869094571,reconstructed,,CME_FX,,,build/pools.py PRODUCTS[CME_FX].spec_source | ftp://ftp.cmegroup.com/daily_volume/daily_volume_20190131.xlsx | https://www.cmegroup.com/rulebook/CME/III/250/ | https://data-api.ecb.europa.eu/service/data/EXR/ | ftp://ftp.cmegroup.com/span/archive/cme/2019/cme.YYYYMMDD.s.pa2.zip,"⚠ 每个合约的面值以**基础货币**计（EUR/USD 是 €125,000、JPY 是 ¥12,500,000）。篮子常数须先把各合约面值折成美元再加权，折算用的就是基期汇率 —— 折算方法写进规格表 evidence。 跨币种篮子，记账币定为 USD：各成员合约的面值先按 **2019-01 基期汇率**折成美元，再按基期张数加权。所以本行 ccy=USD、fx 那一跳是 1.0，不会二次折算。 ——【2026-08-06 合并 _specs_part_us.csv】跨币种篮子，记账币 USD：各合约面值以**基础货币**计，先按 2019-01 月均汇率折成美元再按张数加权。篮子常数 = 95690.218691 美元/张，覆盖该类张数的 98.95%（80 个成员）。面值取自 CME 规则手册第 250/300 系列章节（EUR €125,000、JPY ¥12,500,000、GBP £62,500、AUD/CAD/NZD 100,000、CHF 125,000、MXN 500,000、BRL 100,000、INR 5,000,000、RUB 2,500,000，E-mini/Micro 各按其章节）；期权按「一张期权=一张标的期货」折算。汇率取 ECB 官方参考汇率日度序列（与 fetch/fx.py 同源同方法），逐日算交叉后取月均，已与 series/fx.csv 的 2019-01 列逐个对账（相对偏差 <1e-6）。所以本行 ccy=USD、后续 fx 那一跳是 1.0，不会二次折算。 ——【2026-08-06 合并 _specs_part_cme2.csv + _specs_part_us.csv】✅ 复核通过，**沿用第一轮的值不改**（95690.218691）。本轮用一条完全不同的路径独立算了一遍：SPAN 类型 P 记录的 Contract Value Factor × 该合约近月期货月均结算价（不碰 ECB 汇率、不碰规则手册面值表），得 95490.764085，与第一轮差 -0.208%，覆盖 98.95%（114 个成员）。这 0.2% 是口径差不是错：第一轮 = 合约面值 × **即期**汇率（市场讲""名义额""的通行口径），本轮 = 期货**结算价**，两者相差的正是远期点（美元与各币种的利差）。既然表里其它行也按""名义额""口径写，保留第一轮的值更一致。顺带用 SPAN 复核了面值：EC cvf=125,000、BP 62,500、AD/C1 100,000、MP 500,000 —— 与第一轮的规则手册值全部一致；日元 J1 的 cvf 字段是 1,250,000 但指数字段 = 01，即 ×10 = 12,500,000，谁漏读指数字段谁就会把日元名义额算成 1/10。 ‖ 跨币种篮子，记账币 USD：各合约面值以**基础货币**计，先按 2019-01 月均汇率折成美元再按张数加权。篮子常数 = 95690.218691 美元/张，覆盖该类张数的 98.95%（80 个成员）。面值取自 CME 规则手册第 250/300 系列章节（EUR €125,000、JPY ¥12,500,000、GBP £62,500、AUD/CAD/NZD 100,000、CHF 125,000、MXN 500,000、BRL 100,000、INR 5,000,000、RUB 2,500,000，E-mini/Micro 各按其章节）；期权按「一张期权=一张标的期货」折算。汇率取 ECB 官方参考汇率日度序列（与 fetch/fx.py 同源同方法），逐日算交叉后取月均，已与 series/fx.csv 的 2019-01 列逐个对账（相对偏差 <1e-6）。所以本行 ccy=USD、后续 fx 那一跳是 1.0，不会二次折算。","✅ 基期常数已合并入表（2026-08-06，来源 _specs_part_us.csv；取数代码在 build/basefill/）：base_price_basis=basket_vw、notional_source=reconstructed，逐位复算记录见 evidence 列。以下是填入前的旧注，其中「📌 未取到 / 未找到」已被本次实测取代，保留是为了留住当时排除过的路径。 📌 未取到各 FX 合约面值（同 CME 的 JS 渲染问题）。⚠ 每张合约的面值以**基础货币**计（EUR/USD 是 €125,000、JPY 是 ¥12,500,000），所以合成前必须先各自按 2019-01 基期汇率折成美元。跨币种篮子，记账币定为 USD：各成员合约的面值先按 **2019-01 基期汇率**折成美元，再按基期张数加权。所以本行 ccy=USD、fx 那一跳是 1.0，不会二次折算。"
CME_RATES,CME 利率（SOFR 短端 + 国债长端合成篮子）,CME,rates,pool_product,,,contract,USD,1,张（篮子：各成员乘数已并入基期单张名义额）,2019-01,basket_vw,709693.1443317888,709693.1443317888,definitional,,CME_RATES,,,build/pools.py PRODUCTS[CME_RATES].spec_source | ftp://ftp.cmegroup.com/daily_volume/daily_volume_20190131.xlsx | https://www.cmegroup.com/rulebook/CBOT/ | http://web.archive.org/web/20170428155248id_/http://www.cmegroup.com/rulebook/CME/V/450/452/452.pdf | https://www.cmegroup.com/rulebook/CBOT/II/21.pdf | ftp://ftp.cmegroup.com/span/archive/cme/2019/cme.YYYYMMDD.s.pa2.zip,"CME 合约规格页给面值（SOFR $1,000,000、10Y Note $100,000）；基期价格 = 2019-01 结算价，按该月成交量加权。⚠ 名义额 ≠ 风险敞口，见模块 docstring 二.1。 ——【2026-08-06 合并 _specs_part_us.csv】面值口径（base_price_basis=definitional，不乘结算价）：篮子常数 = Σ(2019-01 各合约 ADV × 面值) ÷ Σ(ADV) = 709693.144332 美元/张，覆盖该类张数的 99.86%（65 个成员）。面值取自 CME/CBOT 规则手册：欧洲美元 $1,000,000（第 452 章，已退市，用 2017-04-28 Wayback 快照的同一份 CME 官方 PDF）、SR3 $1,000,000、SR1 与 30 天联邦基金 $5,000,000、10Y/5Y/30Y/Ultra $100,000、**2Y $200,000**；期权按「一张期权=一张标的期货」折算。张数取 CME 官方 FTP 日度 Volume&OI 文件（01/31/2019）的 MTD ADV 列。⚠ 名义额 ≠ 风险敞口：同样 1 亿美元名义额，2 年期与 10 年期的 DV01 差 5 倍以上。 ——【2026-08-06 合并 _specs_part_cme2.csv + _specs_part_us.csv】✅ 复核通过，值与第一轮**逐位相同**（709693.144332），本行只是把验证留痕，合并时不会改动数据。重点复核 2 年期美国国债期货面值：两条独立官方证据都指向 $200,000 而不是 $100,000 —— (1) CBOT 规则手册第 21 章 21101.B 的交割发票公式原文是 ""Invoice Amount = ($2000 x P x c) + Accrued Interest""，P 以 100 面值报价 ⇒ 面值 $2000×100 = $200,000（同章例子：P=100 25.5/32、c=0.9633 ⇒ $194,195.26，也只有面值 20 万才对得上）；(2) SPAN 类型 P 记录里 CBT 26 的 Contract Value Factor = 2000，而 5Y/10Y/30Y/Ultra 都是 1000。若误填 $100,000，本常数会低约 1.4%。其余面值同样双证：ED/SR3 cvf=2500 ⇒ $1,000,000；30 天联邦基金/SR1 cvf=4167 ⇒ $5,000,400，与手册的 $5,000,000 差 0.008%（手册取整），本模块按手册值。 ‖ 面值口径（base_price_basis=definitional，不乘结算价）：篮子常数 = Σ(2019-01 各合约 ADV × 面值) ÷ Σ(ADV) = 709693.144332 美元/张，覆盖该类张数的 99.86%（65 个成员）。面值取自 CME/CBOT 规则手册：欧洲美元 $1,000,000（第 452 章，已退市，用 2017-04-28 Wayback 快照的同一份 CME 官方 PDF）、SR3 $1,000,000、SR1 与 30 天联邦基金 $5,000,000、10Y/5Y/30Y/Ultra $100,000、**2Y $200,000**；期权按「一张期权=一张标的期货」折算。张数取 CME 官方 FTP 日度 Volume&OI 文件（01/31/2019）的 MTD ADV 列。⚠ 名义额 ≠ 风险敞口：同样 1 亿美元名义额，2 年期与 10 年期的 DV01 差 5 倍以上。","✅ 基期常数已合并入表（2026-08-06，来源 _specs_part_us.csv；取数代码在 build/basefill/）：base_price_basis=basket_vw、notional_source=definitional，逐位复算记录见 evidence 列。以下是填入前的旧注，其中「📌 未取到 / 未找到」已被本次实测取代，保留是为了留住当时排除过的路径。 本表已实测入库四个成员的面值：CME_SR3_SOFR（$1,000,000）、CME_ZN_UST10Y / CME_ZF_UST5Y / CME_ZB_UST30Y（各 $100,000）；还缺 2 年期（ZT）与 Ultra 系列，以及 2019-01 各合约张数权重。篮子常数 = Σ(各成员合约的 2019-01 张数 × 该合约乘数 × 该合约基期价格) ÷ Σ(各成员 2019-01 张数)，只算一次并写死。⚠ 绝不能每月重算：重算会让价格项随月度品种结构漂移，定基口径当场失效。⚠ 利率期货按**面值**计名义额，不乘结算价：面值是市场惯例的名义额定义，也使定基口径里连价格项都不存在（base_price_local=1）。代价必须留痕：名义额不反映利率风险敞口 —— 同样 1 亿美元名义额，2 年期与 10 年期的 DV01 差 5 倍以上（久期 ~1.9 年 vs ~8 年）。本池占比只能读作「名义额构成」，不可读作「谁承担了更多利率风险」。将来要升级到 DV01 加权，需各合约的 CTD 久期，月度成交报表里没有（📌 未找到，见 build/notional.py 模块 docstring）。"
ENX_INDEX_DERIV,Euronext 股指衍生品（CAC / AEX / BEL）,Euronext,"equity_index,eu_deriv",pool_product,,,contract,EUR,1,张（篮子：各成员乘数已并入基期单张名义额）,2019-01,basket_vw,56221.485809,56221.485809,official_notional,,ENX_INDEX_DERIV,,,build/pools.py PRODUCTS[ENX_INDEX_DERIV].spec_source | https://live.euronext.com/en/product/index-futures/FCE-DPAR/contract-specification | https://live.euronext.com/en/resources/statistics | https://live.euronext.com/sites/default/files/statistics/derivatives/monthly/Derivatives 201912.xlsx | https://live.euronext.com/sites/default/files/statistics/factbook/yearly/Euronext Fact Book 2019.xlsx,"Euronext 衍生品规格页给每点欧元数（CAC40 €10/点）。 ——【2026-08-06 合并 _specs_part_enx_asia.csv】未算出。乘数已实测：CAC 40 期货 €10/指数点（FCE）、AEX 期货 €200/指数点（FTI）—— 两者差 20 倍，必须分开加权。**卡在张数权重**：Euronext 官方月度量表只发 adv_index_futures / adv_index_options 两条汇总列，不按合约（CAC/AEX/BEL）拆分，无法按 2019-01 成交结构合成。次要缺口：CAC 40 与 AEX 的 2019-01 月均收盘（live.euronext.com 图表接口返回 AES 密文）。检索路径 = Euronext Derivatives 月度成交明细（若有官方逐合约发布）+ Euronext 指数历史数据文件。 ——【2026-08-06 合并 _specs_part_enx_asia.csv + _specs_part_ice_enx2.csv】未算出。乘数已实测：CAC 40 期货 €10/指数点（FCE）、AEX 期货 €200/指数点（FTI）—— 两者差 20 倍，必须分开加权。**卡在张数权重**：Euronext 官方月度量表只发 adv_index_futures / adv_index_options 两条汇总列，不按合约（CAC/AEX/BEL）拆分，无法按 2019-01 成交结构合成。次要缺口：CAC 40 与 AEX 的 2019-01 月均收盘（live.euronext.com 图表接口返回 AES 密文）。检索路径 = Euronext Derivatives 月度成交明细（若有官方逐合约发布）+ Euronext 指数历史数据文件。 ‖ 【主线程 2026-08-06 判定口径】basis=basket_vw / source=official_notional —— Euronext 官方 Capital Volume ÷ Traded Contracts，加权已内含 ｜ 基期 2019-01 篮子常数 = Euronext 官方月度衍生品统计的 ""Monthly Value of Volume (€ '000)"" ÷ ""Monthly Volume""，× 1000 还原成欧元：264,940,603,472 € ÷ 4,712,444 张 = 56221.485809 €/张。成员分节 = INDEX PRODUCTS（4,674,194 张 / 264,875,517,372 €） + DIVIDEND INDEX PRODUCTS（38,250 张 / 65,086,100 €）。**加权已内含在官方名义额里** —— 不需要乘数表、不需要价格序列、不需要自己按张数加权。CAC 40（€10/点）与 AEX（€200/点）乘数差 20 倍、必须分开加权这个坑因此不存在 —— 不是绕过去了，是根本不需要按合约拆开再加权。取数文件（三份官方文件，2019-01 逐位互校一致）：Derivatives 201912.xlsx（主用，2019 全年 YTD 逐月列）、Derivatives 201905.xlsx（2019 年官网现存最早的一份，201901–201904 实测 403）、Euronext Fact Book 2019.xlsx（年鉴里的同名分表）。分节张数已与 series/enx.csv 的六条池列（× 22 个交易日）逐位对账通过，证明分子与分母同源；对不上脚本直接 raise。""Value of Volume"" 是名义额不是权利金：工作簿另有独立的 Premium Turnover 表；且用官方乘数反算，同一标的的标准/迷你、期货/期权收敛到同一价位 —— FCE÷€10=4,800.5 点 与 MFC÷€1=4,795.6 点 差 0.10%，FTI÷€200=499.9 点 与 MFA÷€20=501.4 点 差 0.31%，EBM÷50t=202.83 €/t 与 OBM÷50t=200.21 €/t 差 1.31%，ECO÷50t=369.67 €/t 与 OCO÷50t=371.09 €/t 差 0.38%（脚本每次运行现场跑这四条）。⚠ 口径差必须留痕：contract_specs.csv 表头把 base_price_basis 定成 avg_close（月内交易日收盘价等权平均），而这里隐含的价格项是**该月成交量加权的成交价**，两者不是同一个东西；本脚本实测的量级：CAC 40 期货 4800.5 点 vs 期权 4713.6 点，差 -1.81%；AEX 期货 499.9 点 vs 期权 494.6 点，差 -1.05%。与第一轮 EUREX_INDEX / EUREX_EQUITY 走的是同构的一条路（Capital Volume ÷ Traded Contracts），三行口径一致、可并排比。复算脚本 build/basefill/ice_enx2.py（联网、手动跑）。",✅ 基期常数已合并入表（2026-08-06，来源 _specs_part_enx_asia.csv + _specs_part_ice_enx2.csv；取数代码在 build/basefill/）：base_price_basis=basket_vw、notional_source=official_notional，逐位复算记录见 evidence 列。以下是填入前的旧注，其中「📌 未取到 / 未找到」已被本次实测取代，保留是为了留住当时排除过的路径。 🔁 基期常数复查（2026-08-06，来源 _specs_part_enx_asia.csv）：仍未取到，本轮实测过的路径与排除项已写进 evidence 列。 📌 未取到 Euronext 衍生品规格：live.euronext.com 的期权页服务端只给栏目导航。检索路径：Euronext 官方 contract specification PDF（Derivatives → Contract specifications）。
ENX_MATIF,Euronext MATIF 农产品,Euronext,ags,pool_product,,,contract,EUR,1,张（篮子：各成员乘数已并入基期单张名义额）,2019-01,basket_vw,12350.981130,12350.981130,official_notional,,ENX_MATIF,,,build/pools.py PRODUCTS[ENX_MATIF].spec_source | https://live.euronext.com/en/product/commodities-futures/EBM-DPAR/contract-specification | https://live.euronext.com/en/resources/statistics | https://live.euronext.com/sites/default/files/statistics/derivatives/monthly/Derivatives 201912.xlsx | https://live.euronext.com/sites/default/files/statistics/factbook/yearly/Euronext Fact Book 2019.xlsx,"Euronext 规格页：小麦/玉米 50 吨/张、菜籽 50 吨/张。 ——【2026-08-06 合并 _specs_part_enx_asia.csv】未算出。乘数已实测：Milling Wheat（EBM）**Fifty tonnes**/张，官方规格页原文。**卡在张数权重与价格**：enx.csv 只有 adv_commodity_futures / _options 两条汇总列，小麦 / 玉米 / 菜籽三个品种的 2019-01 张数拆不开，而三者 €/吨价差很大（无法用「都是 50 吨」抹平）；另需三品种 2019-01 月均结算价。检索路径 = Euronext 官方 commodities 逐合约成交与结算价发布。 ——【2026-08-06 合并 _specs_part_enx_asia.csv + _specs_part_ice_enx2.csv】未算出。乘数已实测：Milling Wheat（EBM）**Fifty tonnes**/张，官方规格页原文。**卡在张数权重与价格**：enx.csv 只有 adv_commodity_futures / _options 两条汇总列，小麦 / 玉米 / 菜籽三个品种的 2019-01 张数拆不开，而三者 €/吨价差很大（无法用「都是 50 吨」抹平）；另需三品种 2019-01 月均结算价。检索路径 = Euronext 官方 commodities 逐合约成交与结算价发布。 ‖ 【主线程 2026-08-06 判定口径】basis=basket_vw / source=official_notional —— 同上；小麦/玉米/菜籽同为50吨但价差大，官方名义额已消化 ｜ 基期 2019-01 篮子常数 = Euronext 官方月度衍生品统计的 ""Monthly Value of Volume (€ '000)"" ÷ ""Monthly Volume""，× 1000 还原成欧元：11,150,292,850 € ÷ 902,786 张 = 12350.981130 €/张。成员分节 = GRAINS AND OILSEEDS PRODUCTS（902,786 张 / 11,150,292,850 €）。**加权已内含在官方名义额里** —— 不需要乘数表、不需要价格序列、不需要自己按张数加权。小麦/玉米/菜籽虽同为 50 公吨/张，但 2019-01 价格差近一倍（菜籽 369.67 €/t vs 玉米 181.63 €/t，本工作簿逐合约反算），按张数加权还是按品种加权结果不同 —— 官方名义额已经替我们加过了。取数文件（三份官方文件，2019-01 逐位互校一致）：Derivatives 201912.xlsx（主用，2019 全年 YTD 逐月列）、Derivatives 201905.xlsx（2019 年官网现存最早的一份，201901–201904 实测 403）、Euronext Fact Book 2019.xlsx（年鉴里的同名分表）。分节张数已与 series/enx.csv 的六条池列（× 22 个交易日）逐位对账通过，证明分子与分母同源；对不上脚本直接 raise。""Value of Volume"" 是名义额不是权利金：工作簿另有独立的 Premium Turnover 表；且用官方乘数反算，同一标的的标准/迷你、期货/期权收敛到同一价位 —— FCE÷€10=4,800.5 点 与 MFC÷€1=4,795.6 点 差 0.10%，FTI÷€200=499.9 点 与 MFA÷€20=501.4 点 差 0.31%，EBM÷50t=202.83 €/t 与 OBM÷50t=200.21 €/t 差 1.31%，ECO÷50t=369.67 €/t 与 OCO÷50t=371.09 €/t 差 0.38%（脚本每次运行现场跑这四条）。⚠ 口径差必须留痕：contract_specs.csv 表头把 base_price_basis 定成 avg_close（月内交易日收盘价等权平均），而这里隐含的价格项是**该月成交量加权的成交价**，两者不是同一个东西；本脚本实测的量级：CAC 40 期货 4800.5 点 vs 期权 4713.6 点，差 -1.81%；AEX 期货 499.9 点 vs 期权 494.6 点，差 -1.05%。与第一轮 EUREX_INDEX / EUREX_EQUITY 走的是同构的一条路（Capital Volume ÷ Traded Contracts），三行口径一致、可并排比。复算脚本 build/basefill/ice_enx2.py（联网、手动跑）。",✅ 基期常数已合并入表（2026-08-06，来源 _specs_part_enx_asia.csv + _specs_part_ice_enx2.csv；取数代码在 build/basefill/）：base_price_basis=basket_vw、notional_source=official_notional，逐位复算记录见 evidence 列。以下是填入前的旧注，其中「📌 未取到 / 未找到」已被本次实测取代，保留是为了留住当时排除过的路径。 🔁 基期常数复查（2026-08-06，来源 _specs_part_enx_asia.csv）：仍未取到，本轮实测过的路径与排除项已写进 evidence 列。 📌 未取到（同 ENX_INDEX_DERIV）。小麦/玉米/菜籽名义上 50 吨/张。
ENX_SINGLESTOCK_LEGACY,Euronext 单股衍生品（legacy 口径，剔 Athex）,Euronext,eu_deriv,pool_product,,,contract,EUR,1,张（篮子：各成员乘数已并入基期单张名义额）,2019-01,basket_vw,3423.972785,3423.972785,official_notional,,ENX_SINGLESTOCK_LEGACY,,,build/pools.py PRODUCTS[ENX_SINGLESTOCK_LEGACY].spec_source | https://live.euronext.com/en/markets/amsterdam/equity-options | https://live.euronext.com/en/resources/statistics | https://live.euronext.com/sites/default/files/statistics/derivatives/monthly/Derivatives 201912.xlsx | https://live.euronext.com/sites/default/files/statistics/factbook/yearly/Euronext Fact Book 2019.xlsx,"⚠ 必须用 legacy 口径（主列 − athex_* 备注列），否则 2025-11 有 3-6 倍假跳。 ——【2026-08-06 合并 _specs_part_enx_asia.csv】未算出。⚠ 口径提示（避免后人困惑）：本行是**剔除雅典之后的 legacy 口径**（主列 − athex_* 备注列，减法腿 since=2025-11）；但基期 2019-01 早于 2025-11 Athex 并表，那时 Euronext 数据里本来就没有雅典，**所以基期常数本身不受并表影响**，与全口径常数完全相同 —— legacy 只影响 2025-11 之后的张数序列，不影响这个常数。卡点：① Euronext 单股期权乘数**不是全市场统一 100 股**，各标的不同且有公司行动调整，官方 contract specification 页按标的一个个发；② 官方月度量表不按标的拆张数；③ 需要 2019-01 按成交量加权的标的均价。三项缺一不可。检索路径 = live.euronext.com Derivatives → Contract specifications 的标的清单 + Euronext 官方逐标的成交明细。 ——【2026-08-06 合并 _specs_part_enx_asia.csv + _specs_part_ice_enx2.csv】未算出。⚠ 口径提示（避免后人困惑）：本行是**剔除雅典之后的 legacy 口径**（主列 − athex_* 备注列，减法腿 since=2025-11）；但基期 2019-01 早于 2025-11 Athex 并表，那时 Euronext 数据里本来就没有雅典，**所以基期常数本身不受并表影响**，与全口径常数完全相同 —— legacy 只影响 2025-11 之后的张数序列，不影响这个常数。卡点：① Euronext 单股期权乘数**不是全市场统一 100 股**，各标的不同且有公司行动调整，官方 contract specification 页按标的一个个发；② 官方月度量表不按标的拆张数；③ 需要 2019-01 按成交量加权的标的均价。三项缺一不可。检索路径 = live.euronext.com Derivatives → Contract specifications 的标的清单 + Euronext 官方逐标的成交明细。 ‖ 【主线程 2026-08-06 判定口径】basis=basket_vw / source=official_notional —— 同上；单股期权乘数不统一(800+标的+公司行动)，官方名义额绕过 ｜ 基期 2019-01 篮子常数 = Euronext 官方月度衍生品统计的 ""Monthly Value of Volume (€ '000)"" ÷ ""Monthly Volume""，× 1000 还原成欧元：20,210,670,464 € ÷ 5,902,696 张 = 3423.972785 €/张。成员分节 = STOCK PRODUCTS（5,898,163 张 / 20,186,666,024 €） + STOCK DIVIDEND PRODUCTS（1,525 张 / 14,482,500 €） + ETF PRODUCTS（3,008 张 / 9,521,940 €）。**加权已内含在官方名义额里** —— 不需要乘数表、不需要价格序列、不需要自己按张数加权。单股期权乘数不统一（各标的不同、还有公司行动调整）、800 多个标的逐个找乘数与股价不可行这个坑因此不存在。取数文件（三份官方文件，2019-01 逐位互校一致）：Derivatives 201912.xlsx（主用，2019 全年 YTD 逐月列）、Derivatives 201905.xlsx（2019 年官网现存最早的一份，201901–201904 实测 403）、Euronext Fact Book 2019.xlsx（年鉴里的同名分表）。分节张数已与 series/enx.csv 的六条池列（× 22 个交易日）逐位对账通过，证明分子与分母同源；对不上脚本直接 raise。""Value of Volume"" 是名义额不是权利金：工作簿另有独立的 Premium Turnover 表；且用官方乘数反算，同一标的的标准/迷你、期货/期权收敛到同一价位 —— FCE÷€10=4,800.5 点 与 MFC÷€1=4,795.6 点 差 0.10%，FTI÷€200=499.9 点 与 MFA÷€20=501.4 点 差 0.31%，EBM÷50t=202.83 €/t 与 OBM÷50t=200.21 €/t 差 1.31%，ECO÷50t=369.67 €/t 与 OCO÷50t=371.09 €/t 差 0.38%（脚本每次运行现场跑这四条）。⚠ 口径差必须留痕：contract_specs.csv 表头把 base_price_basis 定成 avg_close（月内交易日收盘价等权平均），而这里隐含的价格项是**该月成交量加权的成交价**，两者不是同一个东西；本脚本实测的量级：CAC 40 期货 4800.5 点 vs 期权 4713.6 点，差 -1.81%；AEX 期货 499.9 点 vs 期权 494.6 点，差 -1.05%。与第一轮 EUREX_INDEX / EUREX_EQUITY 走的是同构的一条路（Capital Volume ÷ Traded Contracts），三行口径一致、可并排比。复算脚本 build/basefill/ice_enx2.py（联网、手动跑）。",✅ 基期常数已合并入表（2026-08-06，来源 _specs_part_enx_asia.csv + _specs_part_ice_enx2.csv；取数代码在 build/basefill/）：base_price_basis=basket_vw、notional_source=official_notional，逐位复算记录见 evidence 列。以下是填入前的旧注，其中「📌 未取到 / 未找到」已被本次实测取代，保留是为了留住当时排除过的路径。 🔁 基期常数复查（2026-08-06，来源 _specs_part_enx_asia.csv）：仍未取到，本轮实测过的路径与排除项已写进 evidence 列。 📌 同 ENX_INDEX_DERIV。⚠ 必须用 legacy 口径（主列 − athex_* 备注列），否则 2025-11 有 3-6 倍假跳。
EUREX_EQUITY,Eurex 单股衍生品（含单股期货）,Eurex,"eu_deriv,single_stock_etf_opt",pool_product,,,contract,EUR,1,张（篮子：各成员乘数已并入基期单张名义额）,2019-01,basket_vw,3468.127906,3468.127906,official_notional,,EUREX_EQUITY,,,build/pools.py PRODUCTS[EUREX_EQUITY].spec_source | https://www.eurex.com/ex-en/data/statistics/monthly-statistics,"⚠ 与美国的纯期权列不同源，含单股期货。乘数多为 100 股/张但各标的不同，篮子常数按 2019-01 成交结构合成。 ——【2026-08-06 合并 _specs_part_ice_eurex.csv】kind=contract, level=pool_product, multiplier=1 ⇒ base_price_local = 篮子常数。算法与来源同 EUREX_INDEX，取「Equity Derivatives」分节（Single Stock Futures + Equity Options，含单股期货 —— 与美国的纯期权列不同源，图注必须点名）：Capital Volume EUR 117,364,947,680.43 ÷ Traded Contracts 33,841,009。分节张数与 adv_eurex_equity_contracts × 22 个交易日逐位相等。覆盖率 100%：2019-01 该节 859 个当月有成交量的标的逐个列出（BMW / Santander / Total 等），若走 canonical 算法要为每个标的取 2019-01 月均收盘，官方一手源不可能无人值守拿齐 —— 这正是本行原先空着的原因。⚠ 同 EUREX_INDEX 的 avg_close 口径差告诫。",✅ 基期常数已合并入表（2026-08-06，来源 _specs_part_ice_eurex.csv；取数代码在 build/basefill/）：base_price_basis=basket_vw、notional_source=official_notional，逐位复算记录见 evidence 列。以下是填入前的旧注，其中「📌 未取到 / 未找到」已被本次实测取代，保留是为了留住当时排除过的路径。 📌 同 EUREX_RATES。⚠ 与美国的纯期权列不同源，含单股期货。
EUREX_INDEX,Eurex 股指衍生品（ESTX50 / DAX 系）,Eurex,"equity_index,eu_deriv",pool_product,,,contract,EUR,1,张（篮子：各成员乘数已并入基期单张名义额）,2019-01,basket_vw,37405.982866,37405.982866,official_notional,,EUREX_INDEX,,,build/pools.py PRODUCTS[EUREX_INDEX].spec_source | https://www.eurex.com/ex-en/data/statistics/monthly-statistics,"Eurex 规格页给每点欧元数（ESTX50 €10/点、DAX €25/点，micro 另计）；基期价格 = 2019-01 各指数收盘，按成交量加权。 ——【2026-08-06 合并 _specs_part_ice_eurex.csv】kind=contract, level=pool_product, multiplier=1 ⇒ base_price_local = 篮子常数。算法：Eurex 官方月度统计 monthlystat_201901.xls「Equity Index Derivatives」分节 Sum 行的 Capital Volume EUR ÷ Traded Contracts = 2,561,265,600,882.80 ÷ 68,472,084。该分节张数与 series/db1.csv 的 adv_eurex_index_contracts × 22 个交易日逐位相等（本脚本每次运行都核，对不上就 raise）。覆盖率 100%：该分节当月有成交量的 194 个指数产品全含，不是 db1.csv 那 4 条分品种列（ESTX50 期货/期权 + DAX 期货/期权）的 71%。乘数交叉验证（乘数出处 Eurex 合约规格 https://www.eurexchange.com/resource/blob/259196/d0ad030869f82de941673eac20a3eacf/data/2018_04_02_cs_1_history.pdf）：单张 Capital Volume ÷ 官方乘数 = 隐含点位 —— FESX 期货 3077.155（÷EUR 10/点）、FDAX 期货 10960.230（÷EUR 25/点）、ODAX 期权 10755.341（÷EUR 5/点）、ESTX50 期权 2942.039（÷EUR 10/点）。同标的的期货腿与期权腿互差在 5% 以内、FESX 腿与 ECB 的 SX5E 月均收盘互差 0.4%（若乘数错，差的会是整数倍而不是零点几个百分点）⇒ 乘数没猜错。⚠ 口径差必须留痕：本常数隐含的价格项是**成交量加权的成交价**，不是表头定义的 avg_close（月内交易日收盘价等权算术平均）。实测差距：FESX 隐含点位 3077.155 vs ECB SDW 的 SX5E 2019-01 月均收盘 3088.654364（-0.372%，来源 https://data-api.ecb.europa.eu/service/data/FM/M.U2.EUR.DS.EI.DJES50I.HSTA?startPeriod=2019-01&endPeriod=2019-01&format=csvdata）；期权腿差更大（ESTX50 期权隐含 2942.04、DAX 期权隐含 10755.34，比同月期货隐含点位低 4.39% / 1.87%），Eurex 未在工作簿里写明期权的 Capital Volume 用标的价还是行权价。主线程决定 base_price_basis 时不要默默填 avg_close。📌 走这条路的原因：canonical 算法要这 194 个指数各自的 2019-01 月均收盘，其中 DAX 一项本会话在官方一手源里就没拿到（stoxx.com 的 h_dax.txt / h_sx5e.txt 均 403 而同目录 h_v2tx.txt 是 200，属按指数授权挡；ECB SDW 的 FM 库只有欧元区 U2 指数、没有 DE；Bundesbank statistic-rmi 试了 5 个 tsId 全部「nicht gültig」；api.boerse-frankfurt.de 的 price_history 返回空 {}）。拿到的只有 VSTOXX（stoxx.com/document/Indices/Current/HistoricalData/h_v2tx.txt，HTTP 200）与 SX5E（ECB SDW）。",✅ 基期常数已合并入表（2026-08-06，来源 _specs_part_ice_eurex.csv；取数代码在 build/basefill/）：base_price_basis=basket_vw、notional_source=official_notional，逐位复算记录见 evidence 列。以下是填入前的旧注，其中「📌 未取到 / 未找到」已被本次实测取代，保留是为了留住当时排除过的路径。 📌 同 EUREX_RATES：未取到官方乘数。篮子常数 = Σ(各成员合约的 2019-01 张数 × 该合约乘数 × 该合约基期价格) ÷ Σ(各成员 2019-01 张数)，只算一次并写死。⚠ 绝不能每月重算：重算会让价格项随月度品种结构漂移，定基口径当场失效。
EUREX_RATES,Eurex 利率衍生品（Bund/Bobl/Schatz/Buxl…）,Eurex,"eu_deriv,rates",pool_product,,,contract,EUR,1,张（篮子：各成员乘数已并入基期单张名义额）,2019-01,basket_vw,100082.981180,100082.981180,definitional,,EUREX_RATES,,,build/pools.py PRODUCTS[EUREX_RATES].spec_source | https://www.eurexchange.com/resource/blob/259196/d0ad030869f82de941673eac20a3eacf/data/2018_04_02_cs_1_history.pdf,"Eurex 合约规格页给各合约面值（Bund = €100,000）；基期价格 = 2019-01 各合约结算价（占面值百分比），按该月成交量加权。 ——【2026-08-06 合并 _specs_part_ice_eurex.csv】kind=contract, level=pool_product, multiplier=1 ⇒ base_price_local = 篮子常数。base_price_basis 应填 **definitional**：利率合约按面值计名义额、不乘结算价，与 CME_RATES / MX_STIR / MX_BOND / JPX_JGB10Y 同口径（混口径的池占比是假的）。算法：Eurex 官方月度统计 monthlystat_201901.xls「Interest Rate Derivatives」分节逐产品张数 × 官方面值，跨币种先用 series/fx.csv 的 2019-01 月均汇率折成 EUR（1 CHF = 0.885209717797 EUR），再按张数加权。面值出处：Eurex《Contract Specifications…》2018-04-02 合并版（基期前最近一版）§1.2.1(1)「The par value of any such contract is EUR 100,000.」覆盖 Schatz/Bobl/Bund/Buxl/BTP/Mid-BTP/Short-BTP/OAT/Mid-OAT/Bono；§1.2.1(2) CONF = CHF 100,000；§1.1.1(1) Three-Month EURIBOR = EUR 1,000,000。固定收益期权按其标的期货的面值计（一张期权对应一张期货）。Σ张数 40,980,225，与官方分节 Sum 40,980,235 差 10 张（= 被剔除的 EUR STX 50 CorpBond (PI)，公司债指数期货不是面值型合约，影响 < 0.0001%）。3M SARON 面值 CHF 1,000,000 是从官方规格「CHF 2,500 per index point」按与 EURIBOR 同构推导的（https://www.eurex.com/ex-en/markets/int/mon/saron-futures/saron/3M-SARON-Futures-1405958），2019-01 仅 74 张；改按 CHF 100,000 只动常数 1.4386 EUR = 0.0014%。⚠ 名义额 ≠ 风险敞口：同样名义额下 Schatz（久期约 1.9 年）与 Buxl（20 年以上）DV01 差一个数量级，本池占比只能读作「名义额构成」。升级到 DV01 需各合约 CTD 久期，月度成交报表里没有（📌 未找到）。对照：若改用 Eurex 自己的 Capital Volume ÷ 张数 = 143530.342574 EUR/张（面值 × 结算价，2019-01 Bund 报价 164.58 ⇒ 单张 164,576.36），比面值口径高 43.4% —— 两个都对，但只能选一个，选面值是为了与本仓其它利率池可加。","✅ 基期常数已合并入表（2026-08-06，来源 _specs_part_ice_eurex.csv；取数代码在 build/basefill/）：base_price_basis=basket_vw、notional_source=definitional，逐位复算记录见 evidence 列。以下是填入前的旧注，其中「📌 未取到 / 未找到」已被本次实测取代，保留是为了留住当时排除过的路径。 📌 未取到 Eurex 任何合约的官方规格：eurex.com 的产品页与 /ex-en/rules-regs/contract-specifications 服务端返回的 133KB HTML 里一次 ""contract"" 都没有（纯 JS 外壳）。检索路径：Eurex 官方《Contract Specifications for Futures Contracts and Options Contracts at Eurex Deutschland》PDF（规则手册，静态文件），或用浏览器渲染产品页。⚠ 利率期货按**面值**计名义额，不乘结算价：面值是市场惯例的名义额定义，也使定基口径里连价格项都不存在（base_price_local=1）。代价必须留痕：名义额不反映利率风险敞口 —— 同样 1 亿美元名义额，2 年期与 10 年期的 DV01 差 5 倍以上（久期 ~1.9 年 vs ~8 年）。本池占比只能读作「名义额构成」，不可读作「谁承担了更多利率风险」。将来要升级到 DV01 加权，需各合约的 CTD 久期，月度成交报表里没有（📌 未找到，见 build/notional.py 模块 docstring）。"
EU_CASH_ADNV_EUR,欧洲现货股票成交额（€）,EU,eu_cash,pool_product,,,notional,EUR,1,本币元（源列已是金额）,2019-01,definitional,1,1,official_notional,,EU_CASH_ADNV_EUR,,,build/pools.py PRODUCTS[EU_CASH_ADNV_EUR].spec_source,kind=notional ⇒ multiplier 与 base_price_local 都填 1，只用基期 EUR/USD 汇率。,源列是欧元成交额，只锁汇率、锁不了标的涨跌 ⇒ pools 里 deflator=fx_only。要把价格项也剥掉需要成交股数，📌 未找到（Euronext/Xetra 月报只给金额）。
FX_SPOT_EUR,FX 即期 ECN 成交额（€）,ECN,fx_spot_ecn,pool_product,,,notional,EUR,1,本币元（源列已是金额）,2019-01,definitional,1,1,official_notional,,FX_SPOT_EUR,,,build/pools.py PRODUCTS[FX_SPOT_EUR].spec_source,kind=notional。360T 以 €披露 —— 定基汇率折算后终于能与另两家同轴，这是新口径最直接的一处收益。,360T 以欧元披露；折成美元后才与另两家同轴。
FX_SPOT_USD,FX 即期 ECN 成交额（US$）,ECN,fx_spot_ecn,pool_product,,,notional,USD,1,本币元（源列已是金额）,2019-01,definitional,1,1,official_notional,,FX_SPOT_USD,,,build/pools.py PRODUCTS[FX_SPOT_USD].spec_source,kind=notional。Cboe FX 与 Euronext FX 都以 US$ 披露。,Cboe FX 与 Euronext FX 都以美元披露成交额。
HKEX_DERIV,HKEX 衍生品合计（期货 + 期权）,HKEX,apac_deriv,pool_product,,,contract,HKD,1,张（篮子：各成员乘数已并入基期单张名义额）,2019-01,,,,,,HKEX_DERIV,,,build/pools.py PRODUCTS[HKEX_DERIV].spec_source | https://www.hkex.com.hk/Products/Listed-Derivatives/ + https://www.hkexgroup.com/Investor-Relations/Business-Analysis/Key-Market-Data | https://www.hkex.com.hk/Market-Data/Statistics/Derivatives-Market/Monthly-Statistics?sc_lang=en + https://www.hkex.com.hk/eng/stat/dmstat/marksum/201901MarketHighlights_TSO.json,"HKEX 产品规格页给各合约乘数（HSI 期货 HK$50/点、Mini HK$10/点）；篮子常数按 2019-01 各产品成交量加权。 ——【2026-08-06 合并 _specs_part_enx_asia.csv】未算出。乘数已全部实测（官方产品规格页「Contract Multiplier」栏）：HSI 期货 HK$50/点、Mini HSI 期货 HK$10/点、HSI 期权 HK$50/点、Mini HSI 期权 HK$10/点、HHI 期货 HK$50/点、Mini HHI 期货 HK$10/点、HHI 期权 HK$50/点、Mini HHI 期权 HK$10/点。（顺带修掉 contract_specs_todo.csv 里 HKEX_HHI_FUT 那条「URL 拼错」的 blocker：正确路径是 /Equity-Index/Hang-Seng-China-Enterprises-Index/... 不带 (HSCEI) 后缀。）张数权重已拿到（cache/hkex_monthly_highlights_2026-06.xlsx，官方逐产品 ADV，2019-01 合计 1,091,651 张/日，与 hkex.csv 的 derivatives_adv_contracts 逐位相符）。⚠ 顺带查出一处口径坑：该文件是 2026-06 版模板，**不列 2026 年前已退市的产品** —— 2019-01 逐产品行加起来只有 1,091,041，比官方自己印的 Total 少 610 张/日（0.06%），差额全在期货侧。占比小，但把这文件当「逐产品全集」用之前必须知道它不是全集。**卡在两处价格**：① HSI / HSCEI 的 2019-01 月均收盘（恒生指数公司官网是单页应用）；② Stock Options 445,669 张/日 + Stock Futures 5,821 张/日 = 全池 41.4% 的张数，其乘数是**各标的的每手股数（board lot）**、名义额还要乘各标的股价 —— 需要逐 class 的 2019-01 张数与股价，官方月报不拆。⚠ 不许把这 41.4% 从分母里剔掉再算：股票期权单张名义额（每手 × 股价，量级 HK$ 数万）比 HSI 期货（HK$50 × 约 27,000 点 ≈ HK$135 万）小两个数量级，剔掉等于给它们安上指数期货的名义额，整池会被系统性放大。检索路径 = 恒指公司官方指数历史 + HKEX「List of Stock Options」逐 class 合约规格与 HKEX 月度个股期权成交明细。 ——【2026-08-06 合并 _specs_part_eastasia2.csv + _specs_part_enx_asia.csv】未算出。**本轮结论：方法①在 HKEX 不存在，是制度性缺失、不是抓取失败** —— HKEX 按张收费，从不公布衍生品成交金额。四个官方口子逐个实测（全部 curl_cffi impersonate=chrome，全部 HTTP 200，即第一轮的「被挡」已解除，但拿到的表里就是没有金额列）：① cache/hkex_monthly_highlights_2026-06.xlsx 的 ""DERIVATIVES MARKET TURNOVER"" 节，标题就是 ""Average daily volume (contracts)""，逐产品 105-209 行全是张数；② /eng/stat/dmstat/marksum/MonthlyStatistics_FnO.json 表头 = Month / Contract Volume / Open Interest；③ /eng/stat/dmstat/marksum/MonthlyStatistics_F_HSI_290.json（逐产品版）表头 = Month / No. of Trading Days / Contract Volume / Open Interest / Average Daily / Total；④ /eng/stat/dmstat/marksum/{YYYYMM}MarketHighlights_TSO.json（逐个股期权 class）表头 = Class / Volume(Call,Put,Total) / Open Interest(Call,Put,Total)。**本轮的实质进展：④ 的 2019-01 档确实存在**（.../201901MarketHighlights_TSO.json，HTTP 200，71,296 bytes，逐 class 给 2019-01 当月 Call/Put/Total 张数，例：AAC Technologies 46,850 张）—— 页面下拉框只列最近 12 个月，但 URL 按 {YYYYMM} 直拼可取历史档，第一轮缺的「逐 class 张数」由此解决。乘数也已全部实测（第一轮，官方产品规格页「Contract Multiplier」）：HSI 期货/期权 HK$50/点、Mini HSI 期货/期权 HK$10/点、HHI 期货/期权 HK$50/点、Mini HHI 期货/期权 HK$10/点。**所以现在只差两块价格**：① HSI / HSCEI 的 2019-01 指数点位（hsi.com.hk 用 curl_cffi 已能返回 67,328 bytes 正文、不再是 1.9KB 外壳，下一轮值得直接从这里找历史值接口）；② 个股期权/期货逐 class 的 2019-01 标的股价 × 每手股数（board lot）—— Stock Options 445,669 张/日 + Stock Futures 5,821 张/日 = 全池 41.4% 张数，需 HKEX「List of Stock Options」的逐 class 合约规格 + 逐 class 2019-01 月均股价。⚠ **不许把这 41.4% 从分母里剔掉再算**：个股期权单张名义额（每手×股价，量级 HK$ 数万）比 HSI 期货（HK$50×约27,000点≈HK$135 万）小两个数量级，剔掉等于给它们安上指数期货的名义额，整池会被系统性放大。⚠ 另一处已知口径坑（第一轮查出，仍成立）：hkex_monthly_highlights_2026-06.xlsx 是 2026-06 版模板，**不列 2026 年前已退市的产品** —— 2019-01 逐产品行加起来 1,091,041 张/日，比官方自己印的 Total 1,091,651 少 610 张/日（0.06%），差额全在期货侧。占比小，但别把它当「逐产品全集」。 ‖ 未算出。乘数已全部实测（官方产品规格页「Contract Multiplier」栏）：HSI 期货 HK$50/点、Mini HSI 期货 HK$10/点、HSI 期权 HK$50/点、Mini HSI 期权 HK$10/点、HHI 期货 HK$50/点、Mini HHI 期货 HK$10/点、HHI 期权 HK$50/点、Mini HHI 期权 HK$10/点。（顺带修掉 contract_specs_todo.csv 里 HKEX_HHI_FUT 那条「URL 拼错」的 blocker：正确路径是 /Equity-Index/Hang-Seng-China-Enterprises-Index/... 不带 (HSCEI) 后缀。）张数权重已拿到（cache/hkex_monthly_highlights_2026-06.xlsx，官方逐产品 ADV，2019-01 合计 1,091,651 张/日，与 hkex.csv 的 derivatives_adv_contracts 逐位相符）。⚠ 顺带查出一处口径坑：该文件是 2026-06 版模板，**不列 2026 年前已退市的产品** —— 2019-01 逐产品行加起来只有 1,091,041，比官方自己印的 Total 少 610 张/日（0.06%），差额全在期货侧。占比小，但把这文件当「逐产品全集」用之前必须知道它不是全集。**卡在两处价格**：① HSI / HSCEI 的 2019-01 月均收盘（恒生指数公司官网是单页应用）；② Stock Options 445,669 张/日 + Stock Futures 5,821 张/日 = 全池 41.4% 的张数，其乘数是**各标的的每手股数（board lot）**、名义额还要乘各标的股价 —— 需要逐 class 的 2019-01 张数与股价，官方月报不拆。⚠ 不许把这 41.4% 从分母里剔掉再算：股票期权单张名义额（每手 × 股价，量级 HK$ 数万）比 HSI 期货（HK$50 × 约 27,000 点 ≈ HK$135 万）小两个数量级，剔掉等于给它们安上指数期货的名义额，整池会被系统性放大。检索路径 = 恒指公司官方指数历史 + HKEX「List of Stock Options」逐 class 合约规格与 HKEX 月度个股期权成交明细。",🔁 基期常数复查（2026-08-06，来源 _specs_part_enx_asia.csv）：仍未取到，本轮实测过的路径与排除项已写进 evidence 列。 📌 篮子常数未实测入库。本表已实测入库两个成员：HKEX_HSI_FUT（HK$50/点）、HKEX_MHI_FUT（HK$10/点）；还缺 HHI/MCH（国企指数）、股票期权与利率产品的规格，以及 2019-01 张数权重与 HSI 基期点位。篮子常数 = Σ(各成员合约的 2019-01 张数 × 该合约乘数 × 该合约基期价格) ÷ Σ(各成员 2019-01 张数)，只算一次并写死。⚠ 绝不能每月重算：重算会让价格项随月度品种结构漂移，定基口径当场失效。
HK_CASH_ADT_HKD,HKEX 现货成交额（HK$）,HKEX,apac_cash,pool_product,,,notional,HKD,1,本币元（源列已是金额）,2019-01,definitional,1,1,official_notional,,HK_CASH_ADT_HKD,,,build/pools.py PRODUCTS[HK_CASH_ADT_HKD].spec_source,kind=notional，只用基期 HKD/USD 汇率。,同上，港元 ADT。
ICE_ENERGY,ICE 能源（Brent / TTF 合成篮子）,ICE,energy,pool_product,,,contract,USD,1,张（篮子：各成员乘数已并入基期单张名义额）,2019-01,,,,,,ICE_ENERGY,,,build/pools.py PRODUCTS[ICE_ENERGY].spec_source | https://www.ice.com/report/7 | https://www.ice.com/marketdata/reports | https://www.ice.com/publicdocs/contractregs/,"⚠ 跨币种：Brent 以 USD/桶、TTF 以 EUR/MWh。记账币在规格表定死。 跨币种篮子，记账币定为 USD：各成员合约的面值先按 **2019-01 基期汇率**折成美元，再按基期张数加权。所以本行 ccy=USD、fx 那一跳是 1.0，不会二次折算。 ——【2026-08-06 合并 _specs_part_ice_eurex.csv】本会话实测：ICE 的**合约规格页不是障碍**（纯 urllib 全部 HTTP 200，见 build/basefill/ice_eurex.py --ice-probe）。卡点是**基期权重**。📌 未填。三处同时缺，缺一处都算不出来：(1) 分母对不上 —— pools.py 把本行挂在 ice.csv 的 adv_energy_kcontracts 上，2019-01 = 2,718 千张/日 × 21 日 = 57,078,000 张（全球能源，含 ICE Endex / ICE Futures U.S. / ICE Futures Abu Dhabi）；而官方唯一的历史分产品表 https://www.ice.com/report/7 只覆盖 ICE Futures Europe，2019-01 能源各列相加 = 38,241,726 张，仅占 67.0%。(2) TTF 张数官方不单列 —— TTF 在 ICE Endex 上，不在 /report/7 里（表里 ""EU Nat Gas"" 1,915,161 张是 IFEU 的英国气）；跨所的 https://www.ice.com/report/147 只有 Natural Gas / Power / Oil & Other 三列，更粗。⇒ contract_specs_todo.csv 里给的出路 (b)「把 TTF 单列」**做不到**，本次实测证伪。(3) TTF 没有固定乘数 —— 官方页原文 ""Contract Size 1 MW per day in contract period (i.e. month, quarter, season or year) x 23, 24 or 25 hours""，一张月度合约 672–744 MWh 不等。另外基期价格也只齐了一半：Brent / WTI 可走 EIA 官方日度价算 2019-01 月均，但 ICE Low Sulphur Gasoil（西北欧 ARA，美元/公吨）EIA 没有，ICE 自己的历史结算价在 Report Center 登录墙后。已实测到的乘数（可直接入 contract 层）：Brent 1,000 barrels（ice.com/products/219/specs）、WTI 1,000 barrels（/213/specs）、Low Sulphur Gasoil 100 metric tonnes（/34361119/specs）。检索路径：ICE 合约规则 PDF 目录 ice.com/publicdocs/futures/ 与 /publicdocs/circulars/；Report Center 的 end-of-day 分类看有无免登录的历史结算价档案；ICE 10-K（SEC 申报）确认有无更细的量口径。 ——【2026-08-06 合并 _specs_part_ice_enx2.csv + _specs_part_ice_eurex.csv】📌 未填出。三层卡点本轮逐条实测，一层都没拆掉：① **ICE 全公司没有任何名义额列**（方法① 在 ICE 这边不存在）—— Monthly Statistics Tracking xlsx 四张表只有 ADV(千张)/RPC/OI，唯一带 notional 的是 CDS Clearing 的清算名义额；ice.com/report/7 与 /report/147 的 32 张年度表逐张核过，全部只有张数。② 分合约张数被 reCAPTCHA 挡死：ICE 报表中心里**凡是到合约层的历史成交量报表都要 reCAPTCHA** —— report 26/27（ICE Futures Europe 日成交）与 238/239（ICE Endex，TTF 在这里），metadata 的 recaptchaRequired=true，/marketdata/api/reports/{id}/criteria 不带 token 恒返回 HTTP 409 Conflict。绕验证码是禁止动作，cron 也复现不了。③ 就算过了 reCAPTCHA 还差两条：pools.py 把本池挂在 ice.csv 的 adv_energy_kcontracts（全球口径，2019-01 = 2,718 千张/日 × 21 = 57,078,000 张，含 IFEU/Endex/IFUS/IFAD 四个所），而 26/27 只有 IFEU、238/239 只有 Endex，得拼四个所；且 **TTF 没有固定乘数**（官方原文 ""1 MW per day in contract period ... x 23, 24 or 25 hours""，一张月度合约 672–744 MWh 不等），必须按合约期逐月折算。下一步唯一合规的出路：人工在浏览器里跑一次 report 26/27/238/239 导出 2019-01 逐合约日成交 CSV 放进 cache/basefill/，并把原始 CSV 一起提交。⚠ 跨币种（Brent USD/桶、TTF EUR/MWh），记账币定 USD，各成员面值须先按 series/fx.csv 的 2019-01 月均汇率折美元再加权（fx_avg_eurusd=1.141640909090909）。 ‖ 本会话实测：ICE 的**合约规格页不是障碍**（纯 urllib 全部 HTTP 200，见 build/basefill/ice_eurex.py --ice-probe）。卡点是**基期权重**。📌 未填。三处同时缺，缺一处都算不出来：(1) 分母对不上 —— pools.py 把本行挂在 ice.csv 的 adv_energy_kcontracts 上，2019-01 = 2,718 千张/日 × 21 日 = 57,078,000 张（全球能源，含 ICE Endex / ICE Futures U.S. / ICE Futures Abu Dhabi）；而官方唯一的历史分产品表 https://www.ice.com/report/7 只覆盖 ICE Futures Europe，2019-01 能源各列相加 = 38,241,726 张，仅占 67.0%。(2) TTF 张数官方不单列 —— TTF 在 ICE Endex 上，不在 /report/7 里（表里 ""EU Nat Gas"" 1,915,161 张是 IFEU 的英国气）；跨所的 https://www.ice.com/report/147 只有 Natural Gas / Power / Oil & Other 三列，更粗。⇒ contract_specs_todo.csv 里给的出路 (b)「把 TTF 单列」**做不到**，本次实测证伪。(3) TTF 没有固定乘数 —— 官方页原文 ""Contract Size 1 MW per day in contract period (i.e. month, quarter, season or year) x 23, 24 or 25 hours""，一张月度合约 672–744 MWh 不等。另外基期价格也只齐了一半：Brent / WTI 可走 EIA 官方日度价算 2019-01 月均，但 ICE Low Sulphur Gasoil（西北欧 ARA，美元/公吨）EIA 没有，ICE 自己的历史结算价在 Report Center 登录墙后。已实测到的乘数（可直接入 contract 层）：Brent 1,000 barrels（ice.com/products/219/specs）、WTI 1,000 barrels（/213/specs）、Low Sulphur Gasoil 100 metric tonnes（/34361119/specs）。检索路径：ICE 合约规则 PDF 目录 ice.com/publicdocs/futures/ 与 /publicdocs/circulars/；Report Center 的 end-of-day 分类看有无免登录的历史结算价档案；ICE 10-K（SEC 申报）确认有无更细的量口径。","【2026-08-06 口径定案】⛔ **本行已停用**：不再被 build/pools.py 的 energy 池引用，也不再被 build/exchanges12.py 引用，由新行 **ICE_BRENT_IFEU** 取代。停用的理由不是""篮子太难""，是**分子分母不同源**：本行要配的量列 adv_energy_kcontracts 是 ICE **全球**口径（官方脚注明说 Nat Gas 与 Power 含 North American、NGX、UK、European，即 IFEU + Endex + IFUS + IFAD + NGX 五处），而 ICE 唯一公开、不要 reCAPTCHA 的分产品历史表 https://www.ice.com/report/7 **只覆盖 ICE Futures Europe** —— 2019-01 各能源列相加只占全球的 67.0%；TTF 在 ICE Endex 上根本不在那张表里，而且它**没有固定乘数**（官方页原文 ""1 MW per day in contract period ... x 23, 24 or 25 hours""，一张月度合约 672–744 MWh 不等）。拿 67% 子集的品种结构算出的篮子常数去乘 100% 的量 = **方向与大小都不可知**的系统性偏差，而它在图上完全看不出来（柱子只是整体高一截）。⇒ 按「准确优先于覆盖」改走口径一致的子集 ICE_BRENT_IFEU：2019-01 只覆盖 ICE 全能源张数的 34.8%，但零偏差。本行保留不删，只为留住这段决策记录（check_specs 允许表里有没被引用的行）。**不要再去补这个常数** —— 要补也该补别的东西（比如 Gasoil 的基期价，见 ICE_GASOIL_FUT）。 ‖ 以下是定案前的旧注，保留是为了留住当时排除过的路径： 🔁 基期常数复查（2026-08-06，来源 _specs_part_ice_eurex.csv）：仍未取到，本轮实测过的路径与排除项已写进 evidence 列。 📌 篮子常数未实测入库。本表已实测入库两个成员：ICE_BRENT_FUT（1,000 桶/张）、ICE_GASOIL_FUT（100 公吨/张）。⚠ **TTF 没有固定乘数**：官方页写的是 ""Contract Size 1 MW per day in contract period""，即一张月度合约的量 = 1 MW × 24 h × 当月天数（672–744 MWh 不等）。所以 TTF 不能用「一个乘数」表示，篮子里必须按合约期逐月折算 —— 这条已记进 contract_specs_todo.csv，是本次编纂发现的真口径坑。跨币种篮子，记账币定为 USD：各成员合约的面值先按 **2019-01 基期汇率**折成美元，再按基期张数加权。所以本行 ccy=USD、fx 那一跳是 1.0，不会二次折算。"
ICE_MLTIR,ICE 中长端利率（Gilt 等）,ICE,"eu_deriv,rates",pool_product,,,contract,USD,1,张（篮子：各成员乘数已并入基期单张名义额）,2019-01,,,,,,ICE_MLTIR,,,build/pools.py PRODUCTS[ICE_MLTIR].spec_source | https://www.ice.com/report/7 | https://www.ice.com/marketdata/reports | https://www.ice.com/publicdocs/contractregs/,"同上，面值取自 ICE 合约规格页；跨币种，记账币在规格表里定死。 跨币种篮子，记账币定为 USD：各成员合约的面值先按 **2019-01 基期汇率**折成美元，再按基期张数加权。所以本行 ccy=USD、fx 那一跳是 1.0，不会二次折算。 ——【2026-08-06 合并 _specs_part_ice_eurex.csv】本会话实测：ICE 的**合约规格页不是障碍**（纯 urllib 全部 HTTP 200，见 build/basefill/ice_eurex.py --ice-probe）。卡点是**基期权重**。📌 未填。ICE 官方唯一的历史分产品表 https://www.ice.com/report/7 把利率并成**一列** ""Interest Rates""（2019-01：期货 37,491,346 张、期权 7,632,263 张），既不拆 中长端内部的 Long Gilt / Medium Gilt / Short Gilt / Swapnote，也不拆短端 vs 中长端；series/ice.csv 的 adv_stir / adv_mltir 来自 ICE Monthly Statistics Tracking xlsx，同样只有池级合计。⇒ 跨合约权重无从谈起，而这一步不能拍：Euribor 面值 EUR 1,000,000、Short Sterling GBP 500,000、SONIA GBP 1,000,000、Long Gilt GBP 100,000，权重错一点常数差一倍以上；本篮子还是跨币种（EUR + GBP + CHF），记账币 USD，折算要用 series/fx.csv 的 2019-01 月均。⚠ 第二层坑：ICE 的短端合约页**不印面值**，只印 ""Unit of Trading: EUR 2,500 * Rate Index""（Euribor，/38527986/specs）与 ""GBP 2,500 * Rate Index""（SONIA，/68361266/specs）—— EUR/GBP 1,000,000 是反推值不是官方原文，本脚本不写推导值。已实测到的官方原文：Long Gilt ""GBP 100,000 nominal value notional Gilt with 4% coupon""（ice.com/products/37650336/specs）。⚠ 名义额 ≠ 风险敞口：同名义额下 2 年期与 10 年期 DV01 差 5 倍以上（久期约 1.9 年 vs 约 8 年）。本池占比只能读作「名义额构成」，不可读作「谁承担了更多利率风险」。将来升级到 DV01 需各合约 CTD 久期，月度成交报表里没有（📌 未找到，见 build/notional.py 模块 docstring）。检索路径：ice.com/publicdocs/circulars/ 下的 ""CONTRACT RULES: ICE FUTURES SHORT TERM INTEREST RATE INDEX FUTURES CONTRACTS"" 抠面值原文；分合约张数试 ICE Report Center 其余分类或 ICE 10-K（SEC 申报）。 ——【2026-08-06 合并 _specs_part_ice_enx2.csv + _specs_part_ice_eurex.csv】📌 未填出，但比 ICE_STIR 少一层卡点：**面值有官方原文**。SECTION RRRR《CONTRACT RULES: ICE FUTURES GILT FUTURES CONTRACTS》(https://www.ice.com/publicdocs/contractregs/116_SECTION_RRRR.pdf) 原文 ""Unit of Trading £100,000 nominal value notional Gilt""（Long/Medium/Short 等 四个 Gilt 合约同值）、""A 'lot' shall be an amount having a nominal value of £100,000 (the 'delivery amount') of a Deliverable Gilt""。缺的只有**权重**：ICE 月报脚注 (10) 说本池含 Gilt、Swapnotes、日本国债、欧元区国债、美国国债与 Ultrabond，官方到合约层的 report 26/27 recaptchaRequired=true（criteria 恒 409），report 7 又把 STIR/MLTIR 并成一列。Gilt 在 2019-01 大概率占绝对多数，但「大概率」不是实测值，不许写。出路同 ICE_STIR：人工导出 report 26/27 的 2019-01 逐合约日成交并提交原始 CSV。⚠ 跨币种（GBP 为主，含 EUR/JPY/USD），记账币定 USD，面值须先按 series/fx.csv 的 2019-01 月均汇率折美元再加权（fx_avg_gbpusd=1.2887195243293936）。 ‖ 本会话实测：ICE 的**合约规格页不是障碍**（纯 urllib 全部 HTTP 200，见 build/basefill/ice_eurex.py --ice-probe）。卡点是**基期权重**。📌 未填。ICE 官方唯一的历史分产品表 https://www.ice.com/report/7 把利率并成**一列** ""Interest Rates""（2019-01：期货 37,491,346 张、期权 7,632,263 张），既不拆 中长端内部的 Long Gilt / Medium Gilt / Short Gilt / Swapnote，也不拆短端 vs 中长端；series/ice.csv 的 adv_stir / adv_mltir 来自 ICE Monthly Statistics Tracking xlsx，同样只有池级合计。⇒ 跨合约权重无从谈起，而这一步不能拍：Euribor 面值 EUR 1,000,000、Short Sterling GBP 500,000、SONIA GBP 1,000,000、Long Gilt GBP 100,000，权重错一点常数差一倍以上；本篮子还是跨币种（EUR + GBP + CHF），记账币 USD，折算要用 series/fx.csv 的 2019-01 月均。⚠ 第二层坑：ICE 的短端合约页**不印面值**，只印 ""Unit of Trading: EUR 2,500 * Rate Index""（Euribor，/38527986/specs）与 ""GBP 2,500 * Rate Index""（SONIA，/68361266/specs）—— EUR/GBP 1,000,000 是反推值不是官方原文，本脚本不写推导值。已实测到的官方原文：Long Gilt ""GBP 100,000 nominal value notional Gilt with 4% coupon""（ice.com/products/37650336/specs）。⚠ 名义额 ≠ 风险敞口：同名义额下 2 年期与 10 年期 DV01 差 5 倍以上（久期约 1.9 年 vs 约 8 年）。本池占比只能读作「名义额构成」，不可读作「谁承担了更多利率风险」。将来升级到 DV01 需各合约 CTD 久期，月度成交报表里没有（📌 未找到，见 build/notional.py 模块 docstring）。检索路径：ice.com/publicdocs/circulars/ 下的 ""CONTRACT RULES: ICE FUTURES SHORT TERM INTEREST RATE INDEX FUTURES CONTRACTS"" 抠面值原文；分合约张数试 ICE Report Center 其余分类或 ICE 10-K（SEC 申报）。","【2026-08-06 口径定案】⛔ **永久张数口径：基期常数永远留空，本行不再是待办。**build/pools.py 的 rates 与 eu_deriv 两个池已用 `contracts_only=True` 显式声明这个状态（见该模块 docstring 六），build/check_specs.py 的覆盖率报告也把它列在「⛔ 永久张数口径」而不是「待测」。两条理由各自独立成立：① **官方拆不开** —— ICE 唯一公开、不要 reCAPTCHA 的分产品历史表 https://www.ice.com/report/7 把短端与中长端并成**一列** Interest Rates（2019-01 期货 37,491,346 + 期权 7,632,263 = 45,123,609 张，与 series/ice.csv 的 adv_stir + adv_mltir = 45,122,000 张只差 0.004%，确认是同一批合约）；分合约张数只在 Report Center 的 report 26/27，metadata 写着 recaptchaRequired=true、criteria 接口不带 token 恒返回 HTTP 409（build/basefill/ice_enx2.py 实测）。绕验证码是明令禁止的动作，人工在浏览器里点一次 cron 也复算不了。② **即便拆开，名义额对利率衍生品本身就是误导性单位** —— 同样的名义额下 2 年期与 10 年期的 DV01 差 5 倍以上（久期 ~1.9 年 vs ~8 年）；正确的单位是 DV01 或久期加权名义额，而月度成交报表里没有久期字段（📌 未找到：CME / ICE / Eurex / MX / JPX 的月报都不含久期；检索路径 = 逐合约取到期日与票息自行算曲线，那是一整套要每月维护的数据，远超本仓无人值守的边界）。第②条与能不能拿到分合约张数**无关** ⇒ 这不是一个等着被补上的缺口。⇒ 这条腿只进增长图（定基名义额的增长率与张数增长率恒等，所以增长图上它与别人完全可比），不进水平值图与份额图，占比的分母也不含它。 另：与 ICE_STIR 不同，中长端的**面值是有官方原文的** —— SECTION RRRR（https://www.ice.com/publicdocs/contractregs/116_SECTION_RRRR.pdf）""Unit of Trading £100,000 nominal value notional Gilt""，四个 Gilt 合约同值；缺的只是权重。但理由②与面值有没有无关，所以结论一样：不填。 ‖ 以下是定案前的旧注，保留是为了留住当时排除过的路径： 🔁 基期常数复查（2026-08-06，来源 _specs_part_ice_eurex.csv）：仍未取到，本轮实测过的路径与排除项已写进 evidence 列。 📌 同 ICE_STIR（Gilt 等中长端）。跨币种篮子，记账币定为 USD：各成员合约的面值先按 **2019-01 基期汇率**折成美元，再按基期张数加权。所以本行 ccy=USD、fx 那一跳是 1.0，不会二次折算。⚠ 利率期货按**面值**计名义额，不乘结算价：面值是市场惯例的名义额定义，也使定基口径里连价格项都不存在（base_price_local=1）。代价必须留痕：名义额不反映利率风险敞口 —— 同样 1 亿美元名义额，2 年期与 10 年期的 DV01 差 5 倍以上（久期 ~1.9 年 vs ~8 年）。本池占比只能读作「名义额构成」，不可读作「谁承担了更多利率风险」。将来要升级到 DV01 加权，需各合约的 CTD 久期，月度成交报表里没有（📌 未找到，见 build/notional.py 模块 docstring）。"
ICE_STIR,ICE 短端利率（Euribor / SONIA / €STR 合成篮子）,ICE,"eu_deriv,rates",pool_product,,,contract,USD,1,张（篮子：各成员乘数已并入基期单张名义额）,2019-01,,,,,,ICE_STIR,,,build/pools.py PRODUCTS[ICE_STIR].spec_source | https://www.ice.com/report/7 | https://www.ice.com/marketdata/reports | https://www.ice.com/publicdocs/contractregs/,"⚠ 跨币种篮子（EUR + GBP）。ICE 合约规格页给各合约面值（Euribor €1,000,000、SONIA £1,000,000）；记账币与合成方法必须写进规格表 evidence 列。⚠ 名义额 ≠ 风险敞口，见模块 docstring 二.1。 跨币种篮子，记账币定为 USD：各成员合约的面值先按 **2019-01 基期汇率**折成美元，再按基期张数加权。所以本行 ccy=USD、fx 那一跳是 1.0，不会二次折算。 ——【2026-08-06 合并 _specs_part_ice_eurex.csv】本会话实测：ICE 的**合约规格页不是障碍**（纯 urllib 全部 HTTP 200，见 build/basefill/ice_eurex.py --ice-probe）。卡点是**基期权重**。📌 未填。ICE 官方唯一的历史分产品表 https://www.ice.com/report/7 把利率并成**一列** ""Interest Rates""（2019-01：期货 37,491,346 张、期权 7,632,263 张），既不拆 短端内部的 Euribor / Short Sterling / SONIA / Euroswiss，也不拆短端 vs 中长端；series/ice.csv 的 adv_stir / adv_mltir 来自 ICE Monthly Statistics Tracking xlsx，同样只有池级合计。⇒ 跨合约权重无从谈起，而这一步不能拍：Euribor 面值 EUR 1,000,000、Short Sterling GBP 500,000、SONIA GBP 1,000,000、Long Gilt GBP 100,000，权重错一点常数差一倍以上；本篮子还是跨币种（EUR + GBP + CHF），记账币 USD，折算要用 series/fx.csv 的 2019-01 月均。⚠ 第二层坑：ICE 的短端合约页**不印面值**，只印 ""Unit of Trading: EUR 2,500 * Rate Index""（Euribor，/38527986/specs）与 ""GBP 2,500 * Rate Index""（SONIA，/68361266/specs）—— EUR/GBP 1,000,000 是反推值不是官方原文，本脚本不写推导值。已实测到的官方原文：Long Gilt ""GBP 100,000 nominal value notional Gilt with 4% coupon""（ice.com/products/37650336/specs）。⚠ 名义额 ≠ 风险敞口：同名义额下 2 年期与 10 年期 DV01 差 5 倍以上（久期约 1.9 年 vs 约 8 年）。本池占比只能读作「名义额构成」，不可读作「谁承担了更多利率风险」。将来升级到 DV01 需各合约 CTD 久期，月度成交报表里没有（📌 未找到，见 build/notional.py 模块 docstring）。检索路径：ice.com/publicdocs/circulars/ 下的 ""CONTRACT RULES: ICE FUTURES SHORT TERM INTEREST RATE INDEX FUTURES CONTRACTS"" 抠面值原文；分合约张数试 ICE Report Center 其余分类或 ICE 10-K（SEC 申报）。 ——【2026-08-06 合并 _specs_part_ice_enx2.csv + _specs_part_ice_eurex.csv】📌 未填出。① 权重：ICE 报表中心里到合约层的历史成交量报表（report 26/27，ICE Futures Europe 日成交）recaptchaRequired=true，criteria 接口恒 409（HTTP 429 是 Cloudflare 按 IP 限流，与 409 不是一回事）；非 reCAPTCHA 的 report 7 把 STIR 与 MLTIR 并成一列 ""Interest Rates""（2019-01 期货 37,491,346 + 期权 7,632,263），拆不开。权重错一点常数差一倍以上（Euribor 与 Short Sterling 的面值差 2 倍、与 SONIA 差 1 倍且币种不同），不能拍。② 面值：本轮把官方**合约规则手册**原文抠出来了 —— SECTION NNNN《CONTRACT RULES: ICE FUTURES SHORT TERM INTEREST RATE INDEX FUTURES CONTRACTS》(https://www.ice.com/publicdocs/contractregs/112_SECTION_NNNN.pdf) 对三个月 EURIBOR 只印 ""Unit of trading €2,500 * Rate Index"" 与 ""Contract Multiplier €2,500""，通篇没有 nominal / notional / face value 字样，**EUR 1,000,000 是反推值**，按既定规矩不许写进表。这条第一轮只在产品页层面看到，本轮在规则手册层面确认。③ 一个有用的旁证：ice.csv 的 adv_stir+adv_mltir（2019-01 合计 45,122,000 张/月）与 report/7 的 IFEU Interest Rates 合计 45,123,609 张只差 0.004% ⇒ 这两池几乎 100% 在 ICE Futures Europe，report 26/27 一旦拿到，权重就是完整的，不缺别的所。⚠ 跨币种（EUR/GBP/CHF），记账币定 USD，各成员面值须先按 series/fx.csv 的 2019-01 月均汇率折美元再加权（fx_avg_eurusd=1.141640909090909、fx_avg_gbpusd=1.2887195243293936、fx_avg_chfusd=1.010591626961707）。 ‖ 本会话实测：ICE 的**合约规格页不是障碍**（纯 urllib 全部 HTTP 200，见 build/basefill/ice_eurex.py --ice-probe）。卡点是**基期权重**。📌 未填。ICE 官方唯一的历史分产品表 https://www.ice.com/report/7 把利率并成**一列** ""Interest Rates""（2019-01：期货 37,491,346 张、期权 7,632,263 张），既不拆 短端内部的 Euribor / Short Sterling / SONIA / Euroswiss，也不拆短端 vs 中长端；series/ice.csv 的 adv_stir / adv_mltir 来自 ICE Monthly Statistics Tracking xlsx，同样只有池级合计。⇒ 跨合约权重无从谈起，而这一步不能拍：Euribor 面值 EUR 1,000,000、Short Sterling GBP 500,000、SONIA GBP 1,000,000、Long Gilt GBP 100,000，权重错一点常数差一倍以上；本篮子还是跨币种（EUR + GBP + CHF），记账币 USD，折算要用 series/fx.csv 的 2019-01 月均。⚠ 第二层坑：ICE 的短端合约页**不印面值**，只印 ""Unit of Trading: EUR 2,500 * Rate Index""（Euribor，/38527986/specs）与 ""GBP 2,500 * Rate Index""（SONIA，/68361266/specs）—— EUR/GBP 1,000,000 是反推值不是官方原文，本脚本不写推导值。已实测到的官方原文：Long Gilt ""GBP 100,000 nominal value notional Gilt with 4% coupon""（ice.com/products/37650336/specs）。⚠ 名义额 ≠ 风险敞口：同名义额下 2 年期与 10 年期 DV01 差 5 倍以上（久期约 1.9 年 vs 约 8 年）。本池占比只能读作「名义额构成」，不可读作「谁承担了更多利率风险」。将来升级到 DV01 需各合约 CTD 久期，月度成交报表里没有（📌 未找到，见 build/notional.py 模块 docstring）。检索路径：ice.com/publicdocs/circulars/ 下的 ""CONTRACT RULES: ICE FUTURES SHORT TERM INTEREST RATE INDEX FUTURES CONTRACTS"" 抠面值原文；分合约张数试 ICE Report Center 其余分类或 ICE 10-K（SEC 申报）。","【2026-08-06 口径定案】⛔ **永久张数口径：基期常数永远留空，本行不再是待办。**build/pools.py 的 rates 与 eu_deriv 两个池已用 `contracts_only=True` 显式声明这个状态（见该模块 docstring 六），build/check_specs.py 的覆盖率报告也把它列在「⛔ 永久张数口径」而不是「待测」。两条理由各自独立成立：① **官方拆不开** —— ICE 唯一公开、不要 reCAPTCHA 的分产品历史表 https://www.ice.com/report/7 把短端与中长端并成**一列** Interest Rates（2019-01 期货 37,491,346 + 期权 7,632,263 = 45,123,609 张，与 series/ice.csv 的 adv_stir + adv_mltir = 45,122,000 张只差 0.004%，确认是同一批合约）；分合约张数只在 Report Center 的 report 26/27，metadata 写着 recaptchaRequired=true、criteria 接口不带 token 恒返回 HTTP 409（build/basefill/ice_enx2.py 实测）。绕验证码是明令禁止的动作，人工在浏览器里点一次 cron 也复算不了。② **即便拆开，名义额对利率衍生品本身就是误导性单位** —— 同样的名义额下 2 年期与 10 年期的 DV01 差 5 倍以上（久期 ~1.9 年 vs ~8 年）；正确的单位是 DV01 或久期加权名义额，而月度成交报表里没有久期字段（📌 未找到：CME / ICE / Eurex / MX / JPX 的月报都不含久期；检索路径 = 逐合约取到期日与票息自行算曲线，那是一整套要每月维护的数据，远超本仓无人值守的边界）。第②条与能不能拿到分合约张数**无关** ⇒ 这不是一个等着被补上的缺口。⇒ 这条腿只进增长图（定基名义额的增长率与张数增长率恒等，所以增长图上它与别人完全可比），不进水平值图与份额图，占比的分母也不含它。 另：ICE Futures Europe 的官方合约规则 SECTION NNNN（https://www.ice.com/publicdocs/contractregs/112_SECTION_NNNN.pdf）通篇只写 ""Unit of trading €2,500 * Rate Index"" 与 ""Contract Multiplier €2,500""，**没有任何 nominal / notional / face value 字样** —— 常被引用的 EUR 1,000,000 是从每指数点欧元数反推的，反推值不许进本表。 ‖ 以下是定案前的旧注，保留是为了留住当时排除过的路径： 🔁 基期常数复查（2026-08-06，来源 _specs_part_ice_eurex.csv）：仍未取到，本轮实测过的路径与排除项已写进 evidence 列。 📌 未取到 Euribor / SONIA 的官方面值（本会话只抓了 ICE 能源合约页）。检索路径：ice.com/products 下各利率合约页的 Contract Size 字段，与 Brent 页同一套模板，服务端可读。跨币种篮子，记账币定为 USD：各成员合约的面值先按 **2019-01 基期汇率**折成美元，再按基期张数加权。所以本行 ccy=USD、fx 那一跳是 1.0，不会二次折算。⚠ 利率期货按**面值**计名义额，不乘结算价：面值是市场惯例的名义额定义，也使定基口径里连价格项都不存在（base_price_local=1）。代价必须留痕：名义额不反映利率风险敞口 —— 同样 1 亿美元名义额，2 年期与 10 年期的 DV01 差 5 倍以上（久期 ~1.9 年 vs ~8 年）。本池占比只能读作「名义额构成」，不可读作「谁承担了更多利率风险」。将来要升级到 DV01 加权，需各合约的 CTD 久期，月度成交报表里没有（📌 未找到，见 build/notional.py 模块 docstring）。"
JPX_CMDTY,JPX 商品（旧 TOCOM）,JPX,energy,pool_product,,,contract,JPY,1,张（篮子：各成员乘数已并入基期单张名义额）,2019-01,,,,,,JPX_CMDTY,,,build/pools.py PRODUCTS[JPX_CMDTY].spec_source,⚠ 2020-07 之前 JPX 并不拥有这块业务，规格表照填，但 pools 里该成员的 start 卡在 2020-07，不得 pro-forma 回填。,📌 未取到旧 TOCOM 各品种规格。⚠ 2020-07 之前 JPX 并不拥有这块业务，pools 里该成员起点卡在 2020-07，不得 pro-forma 回填。
JPX_DERIV,JPX 衍生品合计,JPX,apac_deriv,pool_product,,,contract,JPY,1,张（篮子：各成员乘数已并入基期单张名义额）,2019-01,basket_vw,8818555.107376,8818555.107376,official_notional,,JPX_DERIV,,,build/pools.py PRODUCTS[JPX_DERIV].spec_source | https://www.jpx.co.jp/english/derivatives/products/ + https://www.jpx.co.jp/markets/statistics-derivatives/monthly/ | https://www.jpx.co.jp/english/markets/statistics-derivatives/trading-volume/b5b4pj0000039yyj-att/tv_ts202606.xls + https://www.jpx.co.jp/english/markets/statistics-derivatives/trading-volume/index.html,"⚠ 原始张数被 mini(1/10) 与 micro(1/100) 严重扭曲 —— 这正是名义额口径要解决的问题：篮子常数用 2019-01 的产品结构按**各自真实乘数**加权，扭曲自动被吸收，不再需要 adv_deriv_total_lgeq_kcontracts 那条派生列。 ——【2026-08-06 合并 _specs_part_enx_asia.csv】未算出。乘数已全部实测（jpx.co.jp 英文规格页「Contract Unit」栏）：日経225先物 ¥1000/点、日経225mini ¥100/点、日経225オプション ¥1000/点、TOPIX先物 ¥10000/点、ミニTOPIX先物 ¥1000/点、TOPIXオプション ¥10000/点、JPX日経400先物 ¥100/点；長期国債先物 額面 ¥100,000,000（面值口径，价格项=1）。⚠ 与 fetch/jpx.py 的 _DIVISORS 折算表交叉核对：**5/5 全部一致**，无一处需要改 —— 日経225mini ÷10（¥1,000/¥100）、日経225マイクロ ÷100（¥1,000/¥10）、日経225ミニオプション ÷10（¥1,000/¥100）、ミニTOPIX ÷10（¥10,000/¥1,000）、長期国債先物（現金決済型ミニ）÷10。最后一档要注意量纲：mini 页写的是「¥100,000 × 10 年国債先物価格」、大合约页写的是「額面 ¥1 億」，折成同一口径（价格=100 平价）后比值才是 10；直接拿 1e8÷1e5 会得到 ÷1000，是错的。（本条核对由 build/basefill/enx_asia.py 的 crosscheck_jpx_divisors() 每次运行自动重跑。）张数权重已拿到（cache/jpx_soukatsu_M.xlsx = 官方「取引総括表（月間）」，2019-01 逐产品月度张数；期权只取「合計」行，不重复计 プット/コール）。**卡在指数价格**：日経225（占 OSE 基期张数 89.1%）与 TOPIX 系的 2019-01 月均收盘取不到 —— Nikkei 官网 Cloudflare 拦截，JPX 只免费发月末值。另有两块次要缺口：有価証券オプション 的乘数是「各标的的最低取引単位」（非固定值）；且 pools.py 配的是 adv_deriv_total_raw_kcontracts（含商品関連 pro-forma，2019-01 约 80,155 张/日 = 全池 5.1%），而这块**不在** OSE 取引総括表里 —— 旧 TOCOM 品种（金/白金/ゴム/原油…）的 2019-01 张数与规格要另外取。⚠ 不许只用能算的部分外推：JGB 期货单张名义额 ¥1 亿，日経225mini 约 ¥200 万，差 50 倍。检索路径 = JPX 統計月報「指数」分册（03_sisu1901.pdf，需先找到 2019 年归档目录）或 Nikkei Inc 官方历史数据。 ——【2026-08-06 合并 _specs_part_eastasia2.csv + _specs_part_enx_asia.csv】【主线程 2026-08-06 判定口径】basis=basket_vw / source=official_notional —— JPX 官方「取引金額」÷张数，但已修正 JPX 特有坑：该列对期货是名义额、对期权是权利金(Eurex 分两列，JPX 只有一列)，直接照搬低估 23.0% ｜ kind=contract, level=pool_product, multiplier=1 ⇒ base_price_local = 篮子常数。**走方法①（官方直接发名义额），但 JPX 有一个 Eurex 没有的坑，直接照搬会低估 23.0%。**源 = JPX 官方宽表 tv_ts202606.xls（衍生品落地页发布，逐产品同时给「取引高」与「取引金額」，回溯到 1985-10，含已退市品种）。2019-01 官方合計：张数 29,849,336、取引金額 202,743,594,953,749 円、立会日数 19。⚠ 坑：JPX 的「取引金額」对期货是名义额、对**期权是权利金**（Eurex 的 Capital Volume 与 Paid Premiums 是分开两列，JPX 只有一列）。实测：日経225オプション 取引金額÷张数 = 216,598 円/张，而同月名义额应是 20,371.6 点×¥1,000 = 20,371,604 円/张，差 94 倍。（fetch/jpx.py 第 213 行早已把 adnv_n225_options_jpybn 标为「权利金」，本轮把后果算清。）所以官方合計取引金額÷合計张数 = 6,792,231.32 円/张 是错的 —— 期权占 9.18% 张数被按权利金计价。正确做法：期货/掉期腿直接用官方取引金額；期权腿按标的名义额重算 ⇒ 8,818,555.107376 円/张。**期权腿的标的价格不需要任何外部指数序列**（这是绕开第一轮全部价格阻塞的关键）：从同一张官方表的期货腿反解 —— 隐含 N225 = (日経225先物取引金額+mini取引金額)÷(先物张数×¥1,000+mini张数×¥100) = 20,371.6039（大合约单独反解 20,364.8982、mini 单独 20,376.9701，互差 0.06% ⇒ 两个乘数都没猜错，若猜错会差整数倍）；同构得隐含 TOPIX = 1,535.6413（大 1,535.7015 / 小 1,532.9274，互差 0.18%）。期权腿→标的的映射全部回核过官方规格页（本脚本每次运行自动重核，命中不上就 raise）：日経225オプション「Contract Unit: Option Price × JPY 1,000」→ 隐含N225×1,000；TOPIXオプション「Option Price × ¥10,000」→ 隐含TOPIX×10,000；長期国債先物オプション「1 option contract represents the right to buy or sell 10-year JGB futures of 100 million yen in face value」→ 直接取長期国債先物单张名义额 ¥152,574,029（价格项已内含）；金先物オプション「Underlying Asset: Price of Gold Standard Futures」→ 取金標準先物单张 ¥4,519,300。⚠ 唯一未重算的一腿：有価証券オプション（乘数是各标的売買単位、名义额还要乘各标的股价，官方月表不拆），保留 JPX 自己发的权利金原值、**不编数**。影响已封顶实测：从 0 试到 ¥5,000,000/张，常数只在 8,818,542~8,826,728 之间动（±0.09%），占 0.1637% 张数，不影响任何结论。两条外部校验逐位闭合：合計张数÷19 = 1,571.017684 千张/日 == jpx.csv 的 adv_deriv_total_raw_kcontracts（⇒ 分母与 pools.py 配的列同口径）；合計取引金額÷19 = 10.670715524 兆円/日 == jpx.csv 的 adnv_deriv_total_jpytn（⇒ 分子没读错列）；外加 fetch.jpx._check_wide_closure 的三条官方闭合式每次重跑。⚠ 商品関連（旧 TOCOM，占 5.10% 张数）在宽表里是 pro-forma 回填（2020-07-27 才迁入 OSE），pools.py 配的 adv_deriv_total_raw_kcontracts 同样含它 ⇒ 篮子常数也必须含，本行含。⚠ 名义额 ≠ 风险敞口：長期国債先物只占 2.15% 张数却占 37.28% 名义额（单张 ¥1.5257 亿），本池占比只能读作「名义额构成」。⚠ 口径留痕：本常数隐含的价格项是**成交量加权成交价**，不是表头定义的 avg_close，与第一轮 EUREX_INDEX / EUREX_EQUITY 同路同口径（两家因此可比）—— base_price_basis 不要填 avg_close。 ‖ 未算出。乘数已全部实测（jpx.co.jp 英文规格页「Contract Unit」栏）：日経225先物 ¥1000/点、日経225mini ¥100/点、日経225オプション ¥1000/点、TOPIX先物 ¥10000/点、ミニTOPIX先物 ¥1000/点、TOPIXオプション ¥10000/点、JPX日経400先物 ¥100/点；長期国債先物 額面 ¥100,000,000（面值口径，价格项=1）。⚠ 与 fetch/jpx.py 的 _DIVISORS 折算表交叉核对：**5/5 全部一致**，无一处需要改 —— 日経225mini ÷10（¥1,000/¥100）、日経225マイクロ ÷100（¥1,000/¥10）、日経225ミニオプション ÷10（¥1,000/¥100）、ミニTOPIX ÷10（¥10,000/¥1,000）、長期国債先物（現金決済型ミニ）÷10。最后一档要注意量纲：mini 页写的是「¥100,000 × 10 年国債先物価格」、大合约页写的是「額面 ¥1 億」，折成同一口径（价格=100 平价）后比值才是 10；直接拿 1e8÷1e5 会得到 ÷1000，是错的。（本条核对由 build/basefill/enx_asia.py 的 crosscheck_jpx_divisors() 每次运行自动重跑。）张数权重已拿到（cache/jpx_soukatsu_M.xlsx = 官方「取引総括表（月間）」，2019-01 逐产品月度张数；期权只取「合計」行，不重复计 プット/コール）。**卡在指数价格**：日経225（占 OSE 基期张数 89.1%）与 TOPIX 系的 2019-01 月均收盘取不到 —— Nikkei 官网 Cloudflare 拦截，JPX 只免费发月末值。另有两块次要缺口：有価証券オプション 的乘数是「各标的的最低取引単位」（非固定值）；且 pools.py 配的是 adv_deriv_total_raw_kcontracts（含商品関連 pro-forma，2019-01 约 80,155 张/日 = 全池 5.1%），而这块**不在** OSE 取引総括表里 —— 旧 TOCOM 品种（金/白金/ゴム/原油…）的 2019-01 张数与规格要另外取。⚠ 不许只用能算的部分外推：JGB 期货单张名义额 ¥1 亿，日経225mini 约 ¥200 万，差 50 倍。检索路径 = JPX 統計月報「指数」分册（03_sisu1901.pdf，需先找到 2019 年归档目录）或 Nikkei Inc 官方历史数据。","✅ 基期常数已合并入表（2026-08-06，来源 _specs_part_eastasia2.csv + _specs_part_enx_asia.csv；取数代码在 build/basefill/）：base_price_basis=basket_vw、notional_source=official_notional，逐位复算记录见 evidence 列。以下是填入前的旧注，其中「📌 未取到 / 未找到」已被本次实测取代，保留是为了留住当时排除过的路径。 🔁 基期常数复查（2026-08-06，来源 _specs_part_enx_asia.csv）：仍未取到，本轮实测过的路径与排除项已写进 evidence 列。 📌 篮子常数未实测入库。本表已实测入库三个成员：JPX_N225_FUT_LARGE（¥1,000/点）、JPX_N225_MINI（¥100/点）、JPX_TOPIX_FUT_LARGE（¥10,000/点）；还缺 micro、TOPIX mini、JGB、有价证券期权的规格，以及 2019-01 张数权重与 N225 / TOPIX 基期点位。⚠ 原始张数被 mini(1/10) 与 micro(1/100) 严重扭曲 —— 篮子常数按各自真实乘数加权后，扭曲自动被吸收，不再需要派生的「大合约当量」列。篮子常数 = Σ(各成员合约的 2019-01 张数 × 该合约乘数 × 该合约基期价格) ÷ Σ(各成员 2019-01 张数)，只算一次并写死。⚠ 绝不能每月重算：重算会让价格项随月度品种结构漂移，定基口径当场失效。"
JPX_JGB10Y,JPX 10 年期 JGB 期货,JPX,rates,pool_product,,,contract,JPY,1,张（篮子：各成员乘数已并入基期单张名义额）,2019-01,,,,,,JPX_JGB10Y,,,build/pools.py PRODUCTS[JPX_JGB10Y].spec_source,"JPX 规格页给面值 ¥100,000,000（单一合约，不是篮子）。",📌 未取到：jpx.co.jp 的 JGB 期货页服务端没有 trading unit 字段。检索路径：JPX 英文站 derivatives/products/domestic/jgb-futures 的Contract Specifications 子页，或 JSCC 的合约规格表。⚠ 这是单一合约不是篮子，一旦取到面值即可直接填。⚠ 利率期货按**面值**计名义额，不乘结算价：面值是市场惯例的名义额定义，也使定基口径里连价格项都不存在（base_price_local=1）。代价必须留痕：名义额不反映利率风险敞口 —— 同样 1 亿美元名义额，2 年期与 10 年期的 DV01 差 5 倍以上（久期 ~1.9 年 vs ~8 年）。本池占比只能读作「名义额构成」，不可读作「谁承担了更多利率风险」。将来要升级到 DV01 加权，需各合约的 CTD 久期，月度成交报表里没有（📌 未找到，见 build/notional.py 模块 docstring）。
JPX_N225_LGEQ,JPX 日経225（大合约当量）,JPX,equity_index,pool_product,,,contract,JPY,1,张（篮子：各成员乘数已并入基期单张名义额）,2019-01,,,,,,JPX_N225_LGEQ,,,build/pools.py PRODUCTS[JPX_N225_LGEQ].spec_source,"⚠ 源列已经是大合约当量（mini 记 1/10、micro 记 1/100），所以乘数直接取**大合约**的 ¥1,000/点，不要再折一次 —— 折两次会把 JPX 压掉一个数量级。","⚠ 源列已经是**大合约当量**（mini 记 1/10、micro 记 1/100），所以这里的单位名义额直接取大合约的 ¥1,000/点 × N225 基期点位，**不要再折一次** —— 折两次会把 JPX 压掉一个数量级。乘数已实测（见 JPX_N225_FUT_LARGE），缺的只是 N225 的 2019-01 点位（📌 见该行）。"
JPX_SEC_OPT,JPX 有价证券期权,JPX,single_stock_etf_opt,pool_product,,,contract,JPY,1,张（篮子：各成员乘数已并入基期单张名义额）,2019-01,,,,,,JPX_SEC_OPT,,,build/pools.py PRODUCTS[JPX_SEC_OPT].spec_source,JPX 规格页给各标的的交易单位（多为 100 株）。,📌 未取到：JPX 有价证券期权的交易单位随标的而异（多为 100 株），篮子常数必须按 2019-01 成交结构合成。
JPX_TOPIX_FUT,JPX TOPIX 期货,JPX,equity_index,pool_product,,,contract,JPY,1,张（篮子：各成员乘数已并入基期单张名义额）,2019-01,,,,,,JPX_TOPIX_FUT,,,build/pools.py PRODUCTS[JPX_TOPIX_FUT].spec_source,"JPX 规格页给 ¥10,000/点（mini ¥1,000/点）。","乘数已实测（JPX_TOPIX_FUT_LARGE = ¥10,000/点），缺 TOPIX 2019-01 点位（📌）与 mini（¥1,000/点，未实测）的张数权重。"
JP_CASH_ADT_JPY,JPX 现货成交额（¥）,JPX,apac_cash,pool_product,,,notional,JPY,1,本币元（源列已是金额）,2019-01,definitional,1,1,official_notional,,JP_CASH_ADT_JPY,,,build/pools.py PRODUCTS[JP_CASH_ADT_JPY].spec_source,kind=notional，只用基期 JPY/USD 汇率。,同上，日元成交额。
MIAX_AG_WHEAT,MIAX Futures 硬红春小麦,MIAX,ags,pool_product,,,contract,USD,1,张（篮子：各成员乘数已并入基期单张名义额）,2019-01,,,,,,MIAX_AG_WHEAT,,,build/pools.py PRODUCTS[MIAX_AG_WHEAT].spec_source,"MIAX Futures（原 MGEX）规格页 5,000 蒲式耳/张。","📌 未取到：miaxglobal.com 的硬红春小麦页服务端未渲染规格表。检索路径：MIAX Futures（原 MGEX）规则手册。⚠ 这是单一合约不是篮子，取到 5,000 蒲式耳/张即可直接填。"
MX_BOND,MX 加拿大国债期货（CGB 系）,TMX,rates,pool_product,,,contract,CAD,1,张（篮子：各成员乘数已并入基期单张名义额）,2019-01,basket_vw,100000.0,100000.0,definitional,,MX_BOND,,,build/pools.py PRODUCTS[MX_BOND].spec_source | https://www.m-x.ca/f_regles_en/15_en.pdf | https://www.m-x.ca/en/markets/interest-rate-derivatives/cgb | https://www.m-x.ca/f_stat_en/1901_stats_en.xlsx,"MX 规格页给面值 C$100,000。 ——【2026-08-06 合并 _specs_part_asx_mx.csv】按 2019-01 成交量加权：CGZ 0 张、CGF 179,194 张、CGB 2,070,889 张、LGB 0 张，官方分节 Total 2,250,083 与分项之和逐位相符。有量的 CGF 与 CGB 面值同为 C$100,000，故常数恰为 C$100,000，与权重无关（这也让它对权重误差免疫）。面值取 MX 存档规则书 Rule 15 s.15622/15642/15662；现行 m-x.ca CGB/CGF 页同为 C$100,000，两处互证。⚠ CGZ 唯一不一致：存档 Rule 15 s.15603（末修 18.01.16）写 $200,000，现行 /cgz 页写 C$100,000；本行按基期在效版取 $200,000，因当月 CGZ 成交量为 0，两者都不改变常数。⚠ 利率合约按面值计名义额、不乘结算价（报价是 100−收益率，乘上去无经济含义）。名义额不反映利率风险敞口：同样名义额下 2 年期与 10 年期的 DV01 差 5 倍以上，本池占比只能读作「名义额构成」，不可读作「谁承担了更多利率风险」。",✅ 基期常数已合并入表（2026-08-06，来源 _specs_part_asx_mx.csv；取数代码在 build/basefill/）：base_price_basis=basket_vw、notional_source=definitional，逐位复算记录见 evidence 列。以下是填入前的旧注，其中「📌 未取到 / 未找到」已被本次实测取代，保留是为了留住当时排除过的路径。 📌 同 MX_STIR（CGB 系）。⚠ 利率期货按**面值**计名义额，不乘结算价：面值是市场惯例的名义额定义，也使定基口径里连价格项都不存在（base_price_local=1）。代价必须留痕：名义额不反映利率风险敞口 —— 同样 1 亿美元名义额，2 年期与 10 年期的 DV01 差 5 倍以上（久期 ~1.9 年 vs ~8 年）。本池占比只能读作「名义额构成」，不可读作「谁承担了更多利率风险」。将来要升级到 DV01 加权，需各合约的 CTD 久期，月度成交报表里没有（📌 未找到，见 build/notional.py 模块 docstring）。
MX_EQUITY_OPT,MX 单股期权,TMX,single_stock_etf_opt,pool_product,,,contract,CAD,1,张（篮子：各成员乘数已并入基期单张名义额）,2019-01,,,,,,MX_EQUITY_OPT,,,build/pools.py PRODUCTS[MX_EQUITY_OPT].spec_source | https://www.m-x.ca/en/markets/equity-derivatives/equity-options | https://www.m-x.ca/f_stat_en/1901_stats_en.xlsx | https://www.m-x.ca/en/trading/data/historical,"MX 规格页 100 股/张；基期价格按 2019-01 标的均价加权。 ——【2026-08-06 合并 _specs_part_asx_mx.csv】📌 未填：需要逐个期权类的 2019-01 成交量 + 标的月均收盘。MX 官方月报（f_stat_en/1901_stats_en.xlsx）只给 Equity Options 合计 2,757,998，不拆到类。可行的官方通道已实测：https://www.m-x.ca/en/trading/data/historical?symbol=BNS&from=2019-01-02&to=2019-01-31&dnld=1 → text/csv 1,326,135 字节，含逐日各系列 Volume 与标的自身收盘价行（Class Symbol 为空 / Ins. Type=3），日期下限 2009-01-02（写死在 /assets/application/js/historical-data.*.min.js 的 new Date(2009,0,2)）。代价：期权类下拉框 940 个 symbol × robots.txt Crawl-delay: 15 ≈ 4 小时 / 1.2 GB，超出无人值守边界。取数函数已留在 build/basefill/asx_mx.py 的 mx_option_class_month()，主线程当一次性回补跑一遍即可填上。乘数已核实：100 股/张（m-x.ca 单股期权规格页）。 ——【2026-08-06 合并 _specs_part_asx_mx.csv + _specs_part_us_asx_mx2.csv】📌 未填：需要逐个期权类的 2019-01 成交量 + 标的月均收盘。MX 官方月报（f_stat_en/1901_stats_en.xlsx）只给 Equity Options 合计 2,757,998，不拆到类。可行的官方通道已实测：https://www.m-x.ca/en/trading/data/historical?symbol=BNS&from=2019-01-02&to=2019-01-31&dnld=1 → text/csv 1,326,135 字节，含逐日各系列 Volume 与标的自身收盘价行（Class Symbol 为空 / Ins. Type=3），日期下限 2009-01-02（写死在 /assets/application/js/historical-data.*.min.js 的 new Date(2009,0,2)）。代价：期权类下拉框 940 个 symbol × robots.txt Crawl-delay: 15 ≈ 4 小时 / 1.2 GB，超出无人值守边界。取数函数已留在 build/basefill/asx_mx.py 的 mx_option_class_month()，主线程当一次性回补跑一遍即可填上。乘数已核实：100 股/张（m-x.ca 单股期权规格页）。 ‖ 乘数已核实：100 股/张（m-x.ca 单股期权规格页，第一轮已验）。📌 未填：需要逐个期权类的 2019-01 成交量 + 该标的的 2019-01 月均收盘，MX 官方只发到分节合计，不拆到类。本轮把 m-x.ca / cdcc.ca 的官方通道全验了一遍，结论与第一轮相同但把「为什么只有一条路」钉死了：(1) 官方月报 f_stat_en/1901_stats_en.xlsx 全表 121 列里**没有任何 value / notional / premium 列**（脚本对此加了断言：哪天 MX 加了金额列，模式①就成立，本行要重做），只给 Equity Options 2,757,998 与 ETF Options 884,892 两个合计；同月 PDF 版内容相同。(2) /en/trading/data/monthly-volumes-and-open-interest 页面只挂近三个月的 f_stat_en/{YYMM}_stats_en.{pdf,xlsx}，与 (1) 同一份文件。(3) /files/options-summary-en.xlsx 是**当日**逐系列快照（实测抬头 ""August 5, 2026""、5,195 行），没有历史版本。(4) /en/trading/data/historical 的 symbol= 留空或填 ALL 都只回 401 字节的空 CSV，接口强制单 symbol，没有全市场导出。(5) 通道本身完全可用且可回溯：实测 symbol=BNS&from=2019-01-31&to=2019-01-31&dnld=1 → 200 / text/csv / 58,443 字节 / 428 行，同一个响应里既有标的自身行（Class Symbol 空、Ins. Type=3、Last Price=74.8 即当日收盘）也有各期权系列的 Volume。(6) cdcc.ca 的 files-and-publications 只有规则、风险参数与季度 PQD，没有逐类日量。⇒ 唯一路径仍是对 940 个期权类逐个拉整月 CSV（第一轮 build/basefill/asx_mx.py 的 mx_option_class_month()），robots.txt 写死 Crawl-delay: 15，940 × 15s ≈ 3.9 小时 / ≈1.2 GB，超出本轮单次会话边界，故未跑。⚠ 给下一轮的两条实测结论，别再重新试错：(a) **决定成本的是 15 秒的 Crawl-delay，不是字节数** —— 改成单日查询能把 1.2 GB 压到 ~55 MB，但墙钟时间一分不省，而且单日量不能替代整月量，所以「先单日粗筛再整月细拉」的两段式只会把时间翻倍，直接整月跑一遍最省；建议当 detached 后台任务跑，别放进任何有超时的上下文。(b) ETF 类的名单要在跑完之后才能分：/en/trading/data/options-list 是 2026 年的现况，2019 年在册、之后退市的类不在里面，先用它筛会漏成员；正确做法是 940 个 symbol 全拉，再按响应里的标的信息把 ETF 与个股分开。复算/取数脚本：build/basefill/us_asx_mx2.py 的 mx_option_totals_1901() 与模块常量 MX_BLOCKER。",🔁 基期常数复查（2026-08-06，来源 _specs_part_asx_mx.csv）：仍未取到，本轮实测过的路径与排除项已写进 evidence 列。 📌 未抓 TMX/MX 站点。检索路径：m-x.ca 单股期权规格页（100 股/张）。
MX_ETF_OPT,MX ETF 期权,TMX,single_stock_etf_opt,pool_product,,,contract,CAD,1,张（篮子：各成员乘数已并入基期单张名义额）,2019-01,,,,,,MX_ETF_OPT,,,build/pools.py PRODUCTS[MX_ETF_OPT].spec_source | https://www.m-x.ca/en/markets/equity-derivatives/etf-options | https://www.m-x.ca/f_stat_en/1901_stats_en.xlsx | https://www.m-x.ca/en/trading/data/historical,"同上。 ——【2026-08-06 合并 _specs_part_asx_mx.csv】📌 未填：同 MX_EQUITY_OPT 的卡点（官方月报只给 ETF Options 合计 884,892，不拆到类）。乘数已核实：100 份/张（m-x.ca Options on ETF 规格页）。走 mx_option_class_month() 一次性回补即可；ETF 类比单股类少得多，但 940 个 symbol 的下拉框里没有官方的「哪些是 ETF」标记，要先从 m-x.ca 的 options-list 页把 ETF 类拆出来 —— 而那张表是 2026 年的现况，2019 年在册、之后退市的类不会出现在里面，直接用会漏成员。 ——【2026-08-06 合并 _specs_part_asx_mx.csv + _specs_part_us_asx_mx2.csv】📌 未填：同 MX_EQUITY_OPT 的卡点（官方月报只给 ETF Options 合计 884,892，不拆到类）。乘数已核实：100 份/张（m-x.ca Options on ETF 规格页）。走 mx_option_class_month() 一次性回补即可；ETF 类比单股类少得多，但 940 个 symbol 的下拉框里没有官方的「哪些是 ETF」标记，要先从 m-x.ca 的 options-list 页把 ETF 类拆出来 —— 而那张表是 2026 年的现况，2019 年在册、之后退市的类不会出现在里面，直接用会漏成员。 ‖ 乘数已核实：100 份/张（m-x.ca Options on ETF 规格页，第一轮已验）。📌 未填：需要逐个期权类的 2019-01 成交量 + 该标的的 2019-01 月均收盘，MX 官方只发到分节合计，不拆到类。本轮把 m-x.ca / cdcc.ca 的官方通道全验了一遍，结论与第一轮相同但把「为什么只有一条路」钉死了：(1) 官方月报 f_stat_en/1901_stats_en.xlsx 全表 121 列里**没有任何 value / notional / premium 列**（脚本对此加了断言：哪天 MX 加了金额列，模式①就成立，本行要重做），只给 Equity Options 2,757,998 与 ETF Options 884,892 两个合计；同月 PDF 版内容相同。(2) /en/trading/data/monthly-volumes-and-open-interest 页面只挂近三个月的 f_stat_en/{YYMM}_stats_en.{pdf,xlsx}，与 (1) 同一份文件。(3) /files/options-summary-en.xlsx 是**当日**逐系列快照（实测抬头 ""August 5, 2026""、5,195 行），没有历史版本。(4) /en/trading/data/historical 的 symbol= 留空或填 ALL 都只回 401 字节的空 CSV，接口强制单 symbol，没有全市场导出。(5) 通道本身完全可用且可回溯：实测 symbol=BNS&from=2019-01-31&to=2019-01-31&dnld=1 → 200 / text/csv / 58,443 字节 / 428 行，同一个响应里既有标的自身行（Class Symbol 空、Ins. Type=3、Last Price=74.8 即当日收盘）也有各期权系列的 Volume。(6) cdcc.ca 的 files-and-publications 只有规则、风险参数与季度 PQD，没有逐类日量。⇒ 唯一路径仍是对 940 个期权类逐个拉整月 CSV（第一轮 build/basefill/asx_mx.py 的 mx_option_class_month()），robots.txt 写死 Crawl-delay: 15，940 × 15s ≈ 3.9 小时 / ≈1.2 GB，超出本轮单次会话边界，故未跑。⚠ 给下一轮的两条实测结论，别再重新试错：(a) **决定成本的是 15 秒的 Crawl-delay，不是字节数** —— 改成单日查询能把 1.2 GB 压到 ~55 MB，但墙钟时间一分不省，而且单日量不能替代整月量，所以「先单日粗筛再整月细拉」的两段式只会把时间翻倍，直接整月跑一遍最省；建议当 detached 后台任务跑，别放进任何有超时的上下文。(b) ETF 类的名单要在跑完之后才能分：/en/trading/data/options-list 是 2026 年的现况，2019 年在册、之后退市的类不在里面，先用它筛会漏成员；正确做法是 940 个 symbol 全拉，再按响应里的标的信息把 ETF 与个股分开。复算/取数脚本：build/basefill/us_asx_mx2.py 的 mx_option_totals_1901() 与模块常量 MX_BLOCKER。",🔁 基期常数复查（2026-08-06，来源 _specs_part_asx_mx.csv）：仍未取到，本轮实测过的路径与排除项已写进 evidence 列。 📌 同 MX_EQUITY_OPT。
MX_STIR,MX 加元短端利率（BAX / CORRA）,TMX,rates,pool_product,,,contract,CAD,1,张（篮子：各成员乘数已并入基期单张名义额）,2019-01,basket_vw,1000000.0,1000000.0,definitional,,MX_STIR,,,build/pools.py PRODUCTS[MX_STIR].spec_source | https://www.m-x.ca/f_regles_en/15_en.pdf | https://www.m-x.ca/f_stat_en/1901_stats_en.xlsx,"MX 合约规格页给面值（BAX C$1,000,000）。 ——【2026-08-06 合并 _specs_part_asx_mx.csv】按 2019-01 成交量加权：BAX 2,520,558 张 × 面值 C$1,000,000；CRA 0 张（当月为 0，权重 0）；Others 0 张。官方分节 Total 2,520,558 与分项之和逐位相符。BAX 面值取 MX 自家存档规则书 Rule Fifteen «Futures Contracts Specifications» s.15500 与 s.15503(b)（末次修订 14.09.18，即 2019-01 在效版本）—— BAX 2024 年退市、现行产品页 404，只有存档规则书能给基期在效的规格。CRA 面值 C$1,000,000 由 m-x.ca CRA 页「each basis point per annum of interest = $25 per contract」反推（1e6 × 0.0001 × 0.25 = 25）。⚠ 利率合约按面值计名义额、不乘结算价（报价是 100−收益率，乘上去无经济含义）。名义额不反映利率风险敞口：同样名义额下 2 年期与 10 年期的 DV01 差 5 倍以上，本池占比只能读作「名义额构成」，不可读作「谁承担了更多利率风险」。",✅ 基期常数已合并入表（2026-08-06，来源 _specs_part_asx_mx.csv；取数代码在 build/basefill/）：base_price_basis=basket_vw、notional_source=definitional，逐位复算记录见 evidence 列。以下是填入前的旧注，其中「📌 未取到 / 未找到」已被本次实测取代，保留是为了留住当时排除过的路径。 📌 未抓 TMX/MX 站点。检索路径：m-x.ca 的 BAX / CORRA 合约规格页。⚠ 利率期货按**面值**计名义额，不乘结算价：面值是市场惯例的名义额定义，也使定基口径里连价格项都不存在（base_price_local=1）。代价必须留痕：名义额不反映利率风险敞口 —— 同样 1 亿美元名义额，2 年期与 10 年期的 DV01 差 5 倍以上（久期 ~1.9 年 vs ~8 年）。本池占比只能读作「名义额构成」，不可读作「谁承担了更多利率风险」。将来要升级到 DV01 加权，需各合约的 CTD 久期，月度成交报表里没有（📌 未找到，见 build/notional.py 模块 docstring）。
NDAQ_US_OPT,Nasdaq 六所美股期权（含指数，官方不拆）,Nasdaq,na_total_opt,pool_product,,,contract,USD,1,张（篮子：各成员乘数已并入基期单张名义额）,2019-01,,,,,,NDAQ_US_OPT,,,build/pools.py PRODUCTS[NDAQ_US_OPT].spec_source,Nasdaq 只披露六所合计且含指数期权，拆不开（verify_ndaq）。篮子常数只能按 2019-01 的 multilist / index 结构估一次并在 evidence 写明假设。,📌 篮子常数未实测入库。Nasdaq 六所合计且含指数期权，官方不拆 ⇒ 篮子结构只能按 2019-01 的 multilist / index 比例假设一次，假设必须写进本行 evidence 后再启用。
RAISE_AUD,新挂牌募资额（A$）,ASX,fn_listing,pool_product,,,notional,AUD,1,本币元（源列已是金额）,2019-01,definitional,1,1,official_notional,,RAISE_AUD,,,build/pools.py PRODUCTS[RAISE_AUD].spec_source,同上。,同上。
RAISE_EUR,新上市募资额（€）,Euronext,fn_listing,pool_product,,,notional,EUR,1,本币元（源列已是金额）,2019-01,definitional,1,1,official_notional,,RAISE_EUR,,,build/pools.py PRODUCTS[RAISE_EUR].spec_source,同上。,同上。
RAISE_HKD,IPO 募资额（HK$）,HKEX,fn_listing,pool_product,,,notional,HKD,1,本币元（源列已是金额）,2019-01,definitional,1,1,official_notional,,RAISE_HKD,,,build/pools.py PRODUCTS[RAISE_HKD].spec_source,kind=notional，只锁汇率。,募资额是**月度流量**，汇率取 avg 基准。
RAISE_SGD,IPO 募资额（S$）,SGX,fn_listing,pool_product,,,notional,SGD,1,本币元（源列已是金额）,2019-01,definitional,1,1,official_notional,,RAISE_SGD,,,build/pools.py PRODUCTS[RAISE_SGD].spec_source,同上。,同上。
SGX_DERIV,SGX 衍生品合计,SGX,apac_deriv,pool_product,,,contract,USD,1,张（篮子：各成员乘数已并入基期单张名义额）,2019-01,,,,,,SGX_DERIV,,,build/pools.py PRODUCTS[SGX_DERIV].spec_source | https://www.sgx.com/derivatives/products/ + SGX Monthly Market Statistics Report | https://www.sgx.com/research-education/derivatives + cache/sgx_2019-01.pdf (SGX Monthly Market Statistics Report Jan 2019),"⚠ 跨币种（FTSE China A50 与 Nikkei 以 USD 计、Nifty 以 USD、MSCI Singapore 以 SGD）。记账币在规格表里定死。 跨币种篮子，记账币定为 USD：各成员合约的面值先按 **2019-01 基期汇率**折成美元，再按基期张数加权。所以本行 ccy=USD、fx 那一跳是 1.0，不会二次折算。 ——【2026-08-06 合并 _specs_part_enx_asia.csv】未算出。**乘数零个实测**：sgx.com 是 Angular 单页应用，服务端只返回 14KB 外壳；api.sgx.com/derivatives/v1.0（需 pagestart+pagesize 分页）返回的是实时行情，不含合约规格。张数权重已拿到（cache/sgx_2019-01.pdf = SGX Monthly Market Statistics Report Jan 2019，官方逐合约表，当月 Total 18,614,593 张）：A50 7,488,026（40.2%）、Nifty 50 1,798,179、MSCI Taiwan 1,807,072、Nikkei 225 期货 1,631,290、FX 期货 1,872,510、铁矿石 62% 期货 1,369,025。⚠ 跨币种篮子，记账币定为 USD：各成员面值须先按 2019-01 基期汇率折成美元再加权，所以本行 ccy=USD、fx 那一跳是 1.0，不会二次折算。检索路径 = SGX 官方 contract specification PDF（静态文件）或浏览器渲染 sgx.com 规格页；价格另需 A50 / Nikkei 225 / Nifty 50 / MSCI 各指数与铁矿石掉期的 2019-01 月均收盘。 ——【2026-08-06 合并 _specs_part_eastasia2.csv + _specs_part_enx_asia.csv】未算出。**本轮结论：方法①在 SGX 不存在，是制度性缺失、不是抓取失败。**实测 cache/sgx_2019-01.pdf（SGX Monthly Market Statistics Report Jan 2019，官方 PDF，32 页）：衍生品部分（p.11-22）只有 ""Derivatives Market Volume By Contract Types"" 与 ""Derivatives Market Open Interest By Contract Type"" 两类表，逐页正则扫描 notional / turnover value / contract value 三个词**全文档零命中**；""Turnover Value"" 只出现在现货（Securities market）部分。首页 At-A-Glance 也只给 ""Derivatives Volume 18,614,593"" 与 ""Derivatives Daily Average Volume 867,843""，没有金额。api.sgx.com/derivatives/v1.0 用 curl_cffi impersonate=chrome 可通（HTTP 200），但返回的是**实时行情**（symbol/last-traded-price-adj/…），既无历史名义额也无合约规格；/contract-specification 路径 403 ""Missing Authentication Token""。www.sgx.com/derivatives/products/ftsechinaa50 用 curl_cffi 仍只返回 14,850 bytes 的 Angular 外壳（⇒ 第一轮判断「单页应用」正确，这一条不是 TLS 指纹问题，impersonate 救不了）。张数权重仍然齐（同第一轮）：当月 Total 18,614,593，A50 7,488,026（40.2%）、MSCI Taiwan 1,807,072、Nifty 50 1,798,179、FX 期货 1,872,510、Nikkei 225 期货 1,631,290、铁矿石 62% 期货 1,369,025。⚠ 跨币种篮子，记账币定为 USD：各成员面值须先按 2019-01 基期汇率折成美元再加权，所以本行 ccy=USD、fx 那一跳是 1.0，不会二次折算。下一轮检索路径 = ① SGX 官方 contract specification **静态 PDF**（Angular 页背后的附件，不要再抓 HTML）；② SGX 官方每日结算价档案（links.sgx.com 的 derivatives-historical 序号目录，本轮试 links.sgx.com/1.0.0/derivatives-daily/2019-01-31 返回的是 2KB 提示页、非数据）；③ 各指数编制方的 2019-01 官方历史值（FTSE Russell / Nikkei / NSE / MSCI）。 ‖ 未算出。**乘数零个实测**：sgx.com 是 Angular 单页应用，服务端只返回 14KB 外壳；api.sgx.com/derivatives/v1.0（需 pagestart+pagesize 分页）返回的是实时行情，不含合约规格。张数权重已拿到（cache/sgx_2019-01.pdf = SGX Monthly Market Statistics Report Jan 2019，官方逐合约表，当月 Total 18,614,593 张）：A50 7,488,026（40.2%）、Nifty 50 1,798,179、MSCI Taiwan 1,807,072、Nikkei 225 期货 1,631,290、FX 期货 1,872,510、铁矿石 62% 期货 1,369,025。⚠ 跨币种篮子，记账币定为 USD：各成员面值须先按 2019-01 基期汇率折成美元再加权，所以本行 ccy=USD、fx 那一跳是 1.0，不会二次折算。检索路径 = SGX 官方 contract specification PDF（静态文件）或浏览器渲染 sgx.com 规格页；价格另需 A50 / Nikkei 225 / Nifty 50 / MSCI 各指数与铁矿石掉期的 2019-01 月均收盘。",🔁 基期常数复查（2026-08-06，来源 _specs_part_enx_asia.csv）：仍未取到，本轮实测过的路径与排除项已写进 evidence 列。 📌 未取到 SGX 任何合约规格：sgx.com 是单页应用。检索路径：SGX 官方 contract specification PDF。跨币种篮子，记账币定为 USD：各成员合约的面值先按 **2019-01 基期汇率**折成美元，再按基期张数加权。所以本行 ccy=USD、fx 那一跳是 1.0，不会二次折算。
SGX_FX,SGX 外汇期货（USD/CNH、INR/USD 等）,SGX,fx_futures,pool_product,,,contract,USD,1,张（篮子：各成员乘数已并入基期单张名义额）,2019-01,,,,,,SGX_FX,,,build/pools.py PRODUCTS[SGX_FX].spec_source,SGX 规格页给各合约面值；跨币种，记账币定死。 跨币种篮子，记账币定为 USD：各成员合约的面值先按 **2019-01 基期汇率**折成美元，再按基期张数加权。所以本行 ccy=USD、fx 那一跳是 1.0，不会二次折算。,📌 未取到（同 SGX_DERIV）。跨币种篮子，记账币定为 USD：各成员合约的面值先按 **2019-01 基期汇率**折成美元，再按基期张数加权。所以本行 ccy=USD、fx 那一跳是 1.0，不会二次折算。
SG_CASH_SDAV_SGD,SGX 现货成交额（S$）,SGX,apac_cash,pool_product,,,notional,SGD,1,本币元（源列已是金额）,2019-01,definitional,1,1,official_notional,,SG_CASH_SDAV_SGD,,,build/pools.py PRODUCTS[SG_CASH_SDAV_SGD].spec_source,kind=notional，只用基期 SGD/USD 汇率。,同上，新元 SDAV。
US_CASH_EQUITY_SHARE,美国上市股票（合并市场平均一股）,US,na_cash,pool_product,,,share,USD,1,股,2019-01,basket_vw,45.60788603311065,45.60788603311065,official_notional,,US_CASH_EQUITY_SHARE,,,build/pools.py PRODUCTS[US_CASH_EQUITY_SHARE].spec_source | https://cdn.cboe.com/resources/us/equities/market-statistics/historical-market-volume/market_history_monthly_2019.csv | series/ice.csv（交叉验证，NYSE 官方月度 metrics）,"基期平均成交价 = 2019-01 全美合并成交金额 ÷ 合并成交股数。📌 未找到现成的单一官方字段：ICE/Cboe/Nasdaq 的月度成交表只给股数不给金额。检索路径 = ICE 月度 metrics 的 consolidated volume（股数）配 SEC 的 Market Structure 数据或各所自己的 dollar volume 披露；两者必须同一个月同一个口径。 ——【2026-08-06 合并 _specs_part_us.csv】Cboe 官方美股市场统计月度文件 market_history_monthly_2019.csv，2019-01 全部 15 个 market participant（13 家交易所 + FINRA/NYSE TRF + FINRA/Nasdaq TRF Carteret）的 Total Notional 合计 7444913309745 美元 ÷ Total Shares 合计 163237412590 股 = 每股均价 45.607886 美元。kind=share、乘数=1 股，所以这就是单位名义额。交叉验证：合并股数 ÷ 21 个交易日 = 7773 mn 股/日，与 series/ice.csv 的 tape A+B+C consolidated ADV（3861+1561+2362=7784 mn 股/日）偏差 0.14%。 ——【2026-08-06 合并 _specs_part_us.csv + _specs_part_us_asx_mx2.csv】Cboe 官方美股市场统计月度文件 market_history_monthly_2019.csv，2019-01 全部 15 个 market participant（13 家交易所 + FINRA/NYSE TRF + FINRA/Nasdaq TRF Carteret）的 Total Notional 合计 7444913309745 美元 ÷ Total Shares 合计 163237412590 股 = 每股均价 45.607886 美元。kind=share、乘数=1 股，所以这就是单位名义额。交叉验证：合并股数 ÷ 21 个交易日 = 7773 mn 股/日，与 series/ice.csv 的 tape A+B+C consolidated ADV（3861+1561+2362=7784 mn 股/日）偏差 0.14%。 ‖ 本轮独立复算，结果与第一轮 series/_specs_part_us.csv 逐位相同（45.60788603311065），两份任取其一即可，不冲突。算法：Cboe 官方美股市场统计月度文件 market_history_monthly_2019.csv，取 2019-01 全部 15 个 market participant（13 家股票交易所 + FINRA/NYSE TRF + FINRA/Nasdaq TRF Carteret，正好是合并行情（consolidated tape）的全部上报方，不是 Cboe 自家份额）的 Total Notional 合计 7,444,913,309,745 美元 ÷ Total Shares 合计 163,237,412,590 股 = 每股均价 45.607886033110653 美元。kind=share、乘数=1 股，所以这就是单位名义额，不需要指数代理（见 IDXREF_US_SPX 那行的告诫）。本轮把交叉验证从「总量」细化到「分 tape」：由该文件算出的 2019-01 tape A/B/C 合并 ADV = 3,851 / 1,562 / 2,360 百万股/日（21 个交易日），与 series/ice.csv 里 NYSE 自己报的 adv_tape{A,B,C}_consolidated_mnsh = 3,861 / 1,561 / 2,362 相比，偏差 −0.25% / +0.06% / −0.08% —— 三条独立数各自对上，比第一轮只对总量（0.14%）更强。⚠ 口径提醒：该表含 TRF（场外成交上报），两个 TRF 合计占当月股数 37.4%；若下游哪天改用「仅交易所内成交」口径，这个常数必须重算。",✅ 基期常数已合并入表（2026-08-06，来源 _specs_part_us.csv；取数代码在 build/basefill/）：base_price_basis=basket_vw、notional_source=official_notional，逐位复算记录见 evidence 列。以下是填入前的旧注，其中「📌 未取到 / 未找到」已被本次实测取代，保留是为了留住当时排除过的路径。 📌 未找到 2019-01 全美合并成交金额 ÷ 合并成交股数的官方单一字段。检索路径：ICE 月度 metrics 给合并成交**股数**（series/ice.csv 已有 tape A/B/C），金额需另找 —— 各所自己的 dollar volume 披露或 SEC MIDAS 市场结构数据，两者必须同月同口径。禁用第三方行情站。
US_MULTILIST_EQ_OPT,美国多重挂牌股票/ETF 期权,US,"na_multilist_opt,na_total_opt,single_stock_etf_opt",pool_product,,,contract,USD,1,张（篮子：各成员乘数已并入基期单张名义额）,2019-01,,,,,,US_MULTILIST_EQ_OPT,,,build/pools.py PRODUCTS[US_MULTILIST_EQ_OPT].spec_source | https://www.theocc.com/getmedia/3309eceb-56cf-48fc-b3b3-498669a24572/occ_bylaws.pdf | https://www.theocc.com/getmedia/a151a9ae-d784-4a15-bdeb-23a029f50b70/riskstoc.pdf | https://cdn.cboe.com/resources/options/volume_archive/2019/2019_01_rank_wosym.xlsx | https://marketdata.theocc.com/volume-query,"乘数是行业惯例的 100 股/张（OCC 合约规格）；基期价格 = 2019-01 加权平均标的价。📌 未找到按成交量加权的标的均价的官方单一字段；检索路径 = OCC 月度成交报表配 CBOE 的 average premium / notional 披露。 ——【2026-08-06 合并 _specs_part_us.csv】📌 未填：缺「2019-01 按成交量加权的标的均价」。本会话实测排除：theocc.com 即使用浏览器 TLS 指纹伪装（curl_cffi impersonate=chrome）仍被 Cloudflare 挡在 ""Just a moment..."" 页（403）；Cboe 的期权历史数据（cdn.cboe.com/resources/options/volume_and_call_put_ratios/*）只有张数与 put/call ratio，没有 notional。下一步：OCC ""Volume By Underlying"" 月报（需过 Cloudflare，可能得走浏览器登录态）配各标的 2019-01 官方收盘价加权；或确认 OCC/Cboe 是否有 notional 口径的官方披露。注：乘数 100 股/张这一项本身也仍缺官方出处（见 contract_specs_todo.csv 的 US_EQUITY_OPT_100SH 行）。 ——【2026-08-06 合并 _specs_part_us.csv + _specs_part_us_asx_mx2.csv】📌 未填：缺「2019-01 按成交量加权的标的均价」。本会话实测排除：theocc.com 即使用浏览器 TLS 指纹伪装（curl_cffi impersonate=chrome）仍被 Cloudflare 挡在 ""Just a moment..."" 页（403）；Cboe 的期权历史数据（cdn.cboe.com/resources/options/volume_and_call_put_ratios/*）只有张数与 put/call ratio，没有 notional。下一步：OCC ""Volume By Underlying"" 月报（需过 Cloudflare，可能得走浏览器登录态）配各标的 2019-01 官方收盘价加权；或确认 OCC/Cboe 是否有 notional 口径的官方披露。注：乘数 100 股/张这一项本身也仍缺官方出处（见 contract_specs_todo.csv 的 US_EQUITY_OPT_100SH 行）。 ‖ 📌 未填：乘数那一半本轮解决了，价格那一半仍缺。【已解决 · 100 股/张的官方出处】第一轮报的「theocc.com 被 Cloudflare 挡」是 TLS 指纹版本选错，不是站点不可达：curl_cffi impersonate=""chrome""/""chrome110"" 恒 403 ""Just a moment...""，换成 impersonate=""chrome124""（或 ""safari17_0""）后 theocc.com 全站 200。拿到两处 OCC 自家原文互证：(a) OCC By-Laws（occ_bylaws.pdf）Article I «Definitions» 的 ""Unit of Trading"" 词条 —— ""In the absence of any such designation for a series of options or futures in which the underlying security is a common stock the unit of trading shall be 100 shares.""；同一份 By-Laws 的 Article VI «Clearance of Confirmed Trades» 对期权重述一遍。(b) OCC ODD《Characteristics and Risks of Standardized Options》（riskstoc.pdf）第 10 页 ""UNIT OF TRADING; CONTRACT SIZE"" 节 —— ""the unit of trading for most options on equity securities is 100 shares.""。⚠ 同一份 ODD 第 20 页给了本池必须留痕的例外：""As a general rule a single-stock option covers 100 shares of the underlying security, although in the case of options covering fund shares, options covering 100 or 1000 shares may be available."" —— 即 ETF（fund）期权的 unit of trading 由挂牌所指定，可以是 100 也可以是 1000。US_MULTILIST_EQ_OPT 含 ETF，所以「全池统一 100」这句话本身就不成立，篮子常数必须按基期实际结构合成。【仍缺 · 2019-01 按成交量加权的标的均价】本轮实测排除：(1) OCC 官方 Volume Query（marketdata.theocc.com/volume-query，参数 volumeQueryType=O&symbolType=U&reportType=M）通道已通，但服务端硬性返回 ""Report date cannot be prior to  2 years""；OCC 的 Daily Volume / Exchange Volume by Class / Monthly & Weekly Volume 三个报表的官方 config JSON 也都写死 ""Data available for the past 24 months""，2019-01 在 OCC 公开侧取不到。(2) Cboe《Equity Option Volume Archive》2019_01_rank_wosym.xlsx **可用且是官方一手**：2,889 个期权类的 2019-01 逐类张数，合计 36,259,079 张 —— 但它 (a) 只是 Cboe Options Exchange(C1) 一家的量，(b) **不含 ETF/ETP**（实测 SPY / QQQ / IWM / GLD / VXX 全不在表内）。ETF 期权在全美多重挂牌期权里占比很大、价格结构又与单股完全不同，拿它当全市场权重会系统性偏。(3) 逐标的 2019-01 收盘价：api.nasdaq.com 的 historical 接口 assetclass=stocks / etf 对 2019 至 2026 的**任何**历史月都返回 totalRecords=0（只剩 assetclass=index 还有长历史），已经不能当逐股价格源用了 —— 第一轮拿它取 NDX 能成，是因为走的 index 分支。(4) ftp.nasdaqtrader.com 是公开匿名 FTP（与 ftp.cmegroup.com 同类，通道正常，目录有 MonthlyShareVolume / PHLX / Files/MarketShare），但逐 symbol 数据 MonthlyShareVolume 止于 2006、Files/MarketShare 止于 2016，都不覆盖 2019。(5) SEC MIDAS「Metrics by Individual Security」individual_security_2019_q1.zip 逐日逐股，但价格只有 PriceRank 十分位，没有价格水平也没有成交金额。(6) Cboe 美股 market_history_monthly_2019.csv 只有全市场合计，没有 by-symbol 版本。【诊断值，不可入库】用 (2) 的单股权重配 SEC Fails-to-Deliver 文件（cnsfails201901a/b + 201902a；SEC 对 PRICE 字段的官方定义是「该证券前一交易日的收盘价」）算出加权均价 ≈ 124.76 USD ⇒ 100 股/张 ≈ 12,476 USD（2,851/2,889 个类匹配上，覆盖该文件张数的 99.82%）。之所以没写进来：权重不含 ETF 且只是一家所的类结构；FTD 只在该标的当日有交收失败时才有价格，取到的是**自选样本日**的收盘价均值（AAPL 整月 21 个交易日里只有 13 天有观测），既不是 avg_close 也不是任何可命名的官方基准，写进去等于伪造口径。【下一步，按性价比】(a) 问 OCC 要 24 个月以外的存档（batch processing 历史平面文件，或 data sales 的 2019 Volume By Underlying）；(b) 若接受「Cboe 单股 + 另补 ETF」，先找 2019-01 ETF 期权的官方逐类量；(c) 若最终只能用 FTD 价格，必须在 contract_specs.csv 新增一个明确的 base_price_basis 取值（如 ftd_sampled_close），绝不许混进 avg_close。复算脚本：build/basefill/us_asx_mx2.py 的 us_option_unit_of_trading() 与 cboe_equity_option_classes_1901()。","🔁 基期常数复查（2026-08-06，来源 _specs_part_us.csv）：仍未取到，本轮实测过的路径与排除项已写进 evidence 列。 乘数是全行业统一的 100 股/张，但基期价格需要「按成交量加权的标的均价」。📌 未找到该加权均价的官方单一字段；也 📌 未取到 100 股/张的官方出处 —— theocc.com 被 Cloudflare 挑战页拦（返回 ""Just a moment...""），cboe.com/tradable_products/equity_options/ 服务端只返回 JS 外壳。检索路径：OCC 的 Options Disclosure Document（riskstoc.pdf）或 Cboe 规则手册。"
ICE_BRENT_IFEU,ICE 布伦特原油（期货+期权，IFEU 标准合约当量）,ICE,energy,contract,Brent Crude Futures & Options (ICE Futures Europe standard-size equivalents),B,contract,USD,1000,桶/张,2019-01,avg_close,59.40954545454545,59409.54545454545,reconstructed,BRENT,ICE_BRENT_IFEU,,,"https://www.ice.com/products/219/Brent-Crude-Futures | https://www.eia.gov/dnav/pet/hist_xls/RBRTEd.xls | https://www.eia.gov/dnav/pet/pet_pri_spt_s1_d.htm | https://www.ice.com/report/7 | cache/ice_monthly_stats.xlsx sheet 'Derivs (ADV, RPC, OI)' 脚注(1) | build/basefill/ice_brent.py","【2026-08-06 实测，复算脚本 build/basefill/ice_brent.py】口径一致的**子集**产品，取代原 ICE_ENERGY（全球合成篮子）。① 量列口径：ICE 官方 Monthly Statistics Tracking 工作簿 sheet 'Derivs (ADV, RPC, OI)' 脚注(1) 原文 —— “Brent” includes the standard size contracts at ICE Futures Europe and as of November 2015 also includes mini Brent contracts on ICE Futures Singapore, which are converted to standard ICE Futures Europe equivalent contracts (mini Brent contracts are divided by 10). ⇒ 迷你合约已由官方折成 IFEU 标准当量，因此「张数 × 1,000 桶」对**全列**精确成立，不需要任何权重、不存在覆盖率缺口。同表其余能源行的脚注逐条读过，无一具备这个性质：Other Oil(3) 混 WTI/Murban/RBOB/Heating Oil/Wet Freight（桶+加仑+运费三种量纲）、Nat Gas(4) 与 Power(5) 混 North American/NGX/UK/European（MMBtu+therm+MWh）、Environmentals(6) 混排放权+煤+铁矿石。② 乘数：https://www.ice.com/products/219/Brent-Crude-Futures 2026-08-06 实测 HTTP 200，Market Specifications 表原文 ""Contract Symbol B"" / ""Contract Size 1,000 barrels"" / ""Unit of Trading Any multiple of 1,000 barrels"" / ""Currency US Dollars and cents""。③ 「该列确实就是 IFEU」的独立验证：ICE 官方 https://www.ice.com/report/7（ICE Futures Europe Historical Monthly Volumes，服务端渲染，1995-2026 共 32 张年表）的 Brent 期货列 + Brent 期权列，与 series/ice.csv 的 adv_brent_kcontracts × trading_days_commod 逐月对账：187 个月（2011-01 – 2026-07）中位偏差 0.031%、p95 0.103%、最大 0.135%（2018-05：本仓 26,158,000 张 vs report/7 26,122,679 张），**没有一个月超过 0.5%**。残差还做了**证伪性归因**：ADV 四舍五入到整千张的单月最大影响 = 0.5 千张 × 交易日，160/187 个月落在这条界内；超界的 27 个月全部满足两条判据 —— (a) **2015-11 之前 58 个月无一例外落在界内**（官方脚注说 ICE Futures Singapore 的迷你 Brent 正是 2015-11 才并入的），(b) 超界月份的差**全部为正**（最大 35,321 张），即本仓多出的正是 report/7 不覆盖、而官方已折成 IFEU 标准当量的那一块。若这一列里混进了别的合约规格，这两条判据不可能同时成立 —— 脚本把它们写成硬断言，不成立就炸。两个残差来源都**不改变 1,000 桶这个乘数**。④ 基期价格：美国能源信息署 EIA 官方序列 RBRTE「Europe Brent Spot Price FOB (Dollars per Barrel)」，文件 https://www.eia.gov/dnav/pet/hist_xls/RBRTEd.xls，2019-01 共 22 个报价日（2019-01-02 – 2019-01-31）算术平均 = 59.4095454545 美元/桶 ⇒ 单张名义额 59409.545455 美元。逐日值落库 cache/basefill/ice_brent_eia_2019_01.csv，可逐位复核。⑤ 基差留痕（必须知情）：RBRTE 是 **Dated Brent 现货 FOB 评估价**，不是 ICE Brent 期货结算价 —— EIA 全站没有 Brent 期货序列（https://www.eia.gov/dnav/pet/pet_pri_spt_s1_d.htm 实测：原油只有 ""WTI - Cushing"" 与 ""Brent - Europe"" 两条现货，成品油一律 $/gallon）。同月可比的期货口径参照：本仓 build/basefill/cme2.py 从 CME 官方 SPAN 解出的 NYMEX Brent 现金结算期货（BZ，同样 1,000 桶/张）2019-01 近月月均结算价 ≈ 60.122 美元/桶，比 EIA 现货高 +1.199%，方向与 2019-01 初 Brent 曲线的 contango 一致。这是**已知方向、已知大小**的期货/现货基差，落在本表已明示并接受的基准混用带内（avg_close vs basket_vw 实测 0.4%~4%）；与被否掉的「67% 子集常数套 100% 全口径量」不是一回事 —— 后者偏差方向与大小都不可知。不直接采用 60.122 的理由：那是上一轮留在 series/_specs_part_cme2.csv 里、四舍五入到整数的单张名义额反推出来的，本会话没有重跑 SPAN 解码，照抄等于写一个自己没测过的数。⑥ 期权按「一张期权 = 一张标的期货」折算，与 CME_ENERGY / CME_AG / CME_RATES 同一约定，所以 energy 池里 ICE 与 CME 两条腿对期权的处理是对称的。","⚠ **本产品只含 Brent，不是 ICE 的全部能源** —— 任何出现这条腿的图，图注必须写「ICE 只含 Brent 原油（期货+期权）」，不许让读者读成 ICE 能源全貌。实测覆盖率（张数口径，series/ice.csv）：2019-01 Brent 占 ICE 全能源 34.8%（947 / 2,718 千张日均），187 个月中位 33.3%。这是**主动选择的低覆盖**：原 ICE_ENERGY 挂 adv_energy_kcontracts（全球口径，含 IFEU + Endex + IFUS + IFAD + NGX），而 ICE 唯一不要 reCAPTCHA 的分产品历史表 report/7 只覆盖 ICE Futures Europe（2019-01 各能源列相加只占全球 67.0%），TTF 更在 Endex 上且没有固定乘数 —— 拿 67% 的结构去套 100% 的量，偏差方向与大小都不可知，图上完全看不出来。宁可覆盖 34.8% 而零偏差。 📌 **未找到 Gasoil 的 2019-01 官方基期价格 ⇒ 本轮不含 Gasoil**（缺口详见 ICE_GASOIL_FUT 那一行）。乘数是有的（https://www.ice.com/products/34361119/Low-Sulphur-Gasoil-Futures 2026-08-06 实测 HTTP 200，原文 ""Contract Symbol G"" / ""Contract Size 100 metric tonnes""），缺的只有价格：Gasoil 以**美元/公吨**（ARA 驳船）报价，EIA 全站没有这个口径（现货价页横幅原文 ""Crude Oil in Dollars per Barrel, Products in Dollars per Gallon""，成品油全部是美国口岸，无 Rotterdam / ARA 任何一条），ICE 自己的历史结算价在 Report Center 的 reCAPTCHA 后面（build/basefill/ice_enx2.py 实测 recaptchaRequired=true、criteria 恒 409）。拿 $/gallon 的美国柴油乘一个密度系数折成 $/tonne 就是编数。加 Gasoil 能把张数覆盖率从 34.8% 抬到 46.3%（2019-01），但代价是一个来路不明的常数 —— 按「准确优先于覆盖」不做。 ⚠ 名义额相同 ≠ 能量相同（原油与天然气热值不同），energy 池图注须写明（同 CME_ENERGY）。 ⚠ 期权与期货同记 1,000 桶：一张期权的经济敞口是 delta × 1,000 桶 < 1,000 桶。这是全仓统一约定（CME 各篮子同样如此）所以跨所比较是对称的，但绝不可把这条腿读成「实际转移的原油风险」。"
