month,trading_days_eurex,adv_eurex_total_contracts,adv_eurex_rates_contracts,adv_eurex_index_contracts,adv_eurex_equity_contracts,adv_eurex_dividend_contracts,oi_eurex_total_contracts,oi_eurex_rates_contracts,oi_eurex_index_contracts,oi_eurex_equity_contracts,oi_eurex_dividend_contracts,adv_bund_contracts,oi_bund_contracts,adv_bobl_contracts,oi_bobl_contracts,adv_schatz_contracts,oi_schatz_contracts,adv_btp_contracts,oi_btp_contracts,adv_oat_contracts,oi_oat_contracts,adv_euribor3m_contracts,oi_euribor3m_contracts,adv_estoxx50_fut_contracts,oi_estoxx50_fut_contracts,adv_estoxx50_opt_contracts,oi_estoxx50_opt_contracts,adv_dax_fut_contracts,oi_dax_fut_contracts,adv_dax_opt_contracts,oi_dax_opt_contracts,adv_vstoxx_fut_contracts,oi_vstoxx_fut_contracts,turnover_xetra_eurbn,turnover_fwb_eurbn,turnover_xetra_equities_eurbn,turnover_xetra_etp_eurbn,turnover_xetra_structured_eurbn,turnover_fwb_equities_eurbn,turnover_fwb_etp_eurbn,turnover_fwb_bonds_eurbn,turnover_fwb_funds_eurbn,turnover_fwb_structured_eurbn,trading_days_cash,vol_fd_total_contracts,vol_fd_index_contracts,vol_fd_equity_contracts,vol_fd_rates_contracts,otc_notional_outstanding_eurbn,otc_notional_cleared_eurbn,turnover_cash_total_eurbn,auc_securities_services_eurbn,settle_icsd_txn_mn,gsf_collateral_eurbn,cash_balances_eurmn,auc_fund_services_eurbn,settle_ifs_txn_mn,aum_stoxx_dax_etf_eurbn,vol_licensed_index_contracts,adv_360t_fx_eurbn,vol_power_spot_mwh,vol_power_deriv_mwh,vol_gas_mwh
2002-01,,,,,,,,,,,,,,,,,,,,,,,,,,,,,,,,,,,,,,,,,,,,22,,12115208,13629229,39598218,,,,,,,,,,,,,,,
2002-02,,,,,,,,,,,,,,,,,,,,,,,,,,,,,,,,,,,,,,,,,,,,20,,12688193,12005413,32398281,,,,,,,,,,,,,,,
2002-03,,,,,,,,,,,,,,,,,,,,,,,,,,,,,,,,,,,,,,,,,,,,20,,14710436,11701598,36361632,,,,,,,,,,,,,,,
2002-04,,,,,,,,,,,,,,,,,,,,,,,,,,,,,,,,,,,,,,,,,,,,21,,11293292,13620632,31100485,,,,,,,,,,,,,,,
2002-05,,,,,,,,,,,,,,,,,,,,,,,,,,,,,,,,,,,,,,,,,,,,20,,12006486,12861615,34603162,,,,,,,,,,,,,,,
2002-06,,,,,,,,,,,,,,,,,,,,,,,,,,,,,,,,,,,,,,,,,,,,20,,21957992,10436024,34703335,,,,,,,,,,,,,,,
2002-07,,,,,,,,,,,,,,,,,,,,,,,,,,,,,,,,,,,,,,,,,,,,23,,24581748,12276393,40613293,,,,,,,,,,,,,,,
2002-08,,,,,,,,,,,,,,,,,,,,,,,,,,,,,,,,,,,,,,,,,,,,22,,17188343,8822185,42548279,,,,,,,,,,,,,,,
2002-09,,,,,,,,,,,,,,,,,,,,,,,,,,,,,,,,,,,,,,,,,,,,21,,25236185,12788906,45622517,,,,,,,,,,,,,,,
2002-10,,,,,,,,,,,,,,,,,,,,,,,,,,,,,,,,,,,,,,,,,,,,22,,22943050,13360101,50242189,,,,,,,,,,,,,,,
2002-11,,,,,,,,,,,,,,,,,,,,,,,,,,,,,,,,,,,,,,,,,,,,21,,17172794,12532877,33383746,,,,,,,,,,,,,,,
2002-12,,,,,,,,,,,,,,,,,,,,,,,,,,,,,,,,,,,,,,,,,,,,18,,18811497,9331806,25953733,,,,,,,,,,,,,,,
2003-01,,,,,,,,,,,,,,,,,,,,,,,,,,,,,,,,,,,,,,,,,,,,22,,21641969,15228260,32161415,,,,,,,,,,,,,,,
2003-02,,,,,,,,,,,,,,,,,,,,,,,,,,,,,,,,,,,,,,,,,,,,20,,19085299,11823230,38981446,,,,,,,,,,,,,,,
2003-03,,,,,,,,,,,,,,,,,,,,,,,,,,,,,,,,,,,,,,,,,,,,21,,32838414,15000425,52760374,,,,,,,,,,,,,,,
2003-04,,,,,,,,,,,,,,,,,,,,,,,,,,,,,,,,,,,,,,,,,,,,21,,19860312,15656648,52623921,,,,,,,,,,,,,,,
2003-05,,,,,,,,,,,,,,,,,,,,,,,,,,,,,,,,,,,,,,,,,,,,21,,18565180,14693473,37992336,,,,,,,,,,,,,,,
2003-06,,,,,,,,,,,,,,,,,,,,,,,,,,,,,,,,,,,,,,,,,,,,21,,25733752,18596324,51999985,,,,,,,,,,,,,,,
2003-07,,,,,,,,,,,,,,,,,,,,,,,,,,,,,,,,,,,,,,,,,,,,23,,18348089,17219177,58027165,,,,,,,,,,,,,,,
2003-08,,,,,,,,,,,,,,,,,,,,,,,,,,,,,,,,,,,,,,,,,,,,21,,16306389,15564031,44926319,,,,,,,,,,,,,,,
2003-09,,,,,,,,,,,,,,,,,,,,,,,,,,,,,,,,,,,,,,,,,,,,22,,29373623,17591508,43331606,,,,,,,,,,,,,,,
2003-10,,,,,,,,,,,,,,,,,,,,,,,,,,,,,,,,,,,,,,,,,,,,23,,22811766,17420956,58508179,,,,,,,,,,,,,,,
2003-11,,,,,,,,,,,,,,,,,,,,,,,,,,,,,,,,,,,,,,,,,,,,20,,19725334,15822462,42761131,,,,,,,,,,,,,,,
2003-12,,,,,,,,,,,,,,,,,,,,,,,,,,,,,,,,,,,,,,,,,,,,19,,19944489,13881675,48125650,,,,,,,,,,,,,,,
2004-01,,,,,,,,,,,,,,,,,,,,,,,,,,,,,,,,,,,,,,,,,,,,21,,21289020,21255096,48819887,,,,,,,,,,,,,,,
2004-02,,,,,,,,,,,,,,,,,,,,,,,,,,,,,,,,,,,,,,,,,,,,20,,19090081,17664212,44284044,,,,,,,,,,,,,,,
2004-03,,,,,,,,,,,,,,,,,,,,,,,,,,,,,,,,,,,,,,,,,,,,23,,34467298,23031638,59740129,,,,,,,,,,,,,,,
2004-04,,,,,,,,,,,,,,,,,,,,,,,,,,,,,,,,,,,,,,,,,,,,20,,20901791,20506715,44813223,,,,,,,,,,,,,,,
2004-05,,,,,,,,,,,,,,,,,,,,,,,,,,,,,,,,,,,,,,,,,,,,21,,22643853,16475066,44476771,,,,,,,,,,,,,,,
2004-06,,,,,,,,,,,,,,,,,,,,,,,,,,,,,,,,,,,,,,,,,,,,22,,23751578,15445219,54484500,,,,,,,,,,,,,,,
2004-07,,,,,,,,,,,,,,,,,,,,,,,,,,,,,,,,,,,,,,,,,,,,22,,20440558,16243459,38858515,,,,,,,,,,,,,,,
2004-08,,,,,,,,,,,,,,,,,,,,,,,,,,,,,,,,,,,,,,,,,,,,22,,21542844,15993703,38182722,,,,,,,,,,,,,,,
2004-09,,,,,,,,,,,,,,,,,,,,,,,,,,,,,,,,,,,,,,,,,,,,22,,26805463,15702444,57240848,,,,,,,,,,,,,,,
2004-10,,,,,,,,,,,,,,,,,,,,,,,,,,,,,,,,,,,,,,,,,,,,21,,24115327,18766437,45500770,,,,,,,,,,,,,,,
2004-11,,,,,,,,,,,,,,,,,,,,,,,,,,,,,,,,,,,,,,,,,,,,22,,22733449,17816552,52111063,,,,,,,,,,,,,,,
2004-12,,,,,,,,,,,,,,,,,,,,,,,,,,,,,,,,,,,,,,,,,,,,21,,21647926,12983573,45771896,,,,,,,,,,,,,,,
2005-01,,,,,,,,,,,,,,,,,,,,,,,,,,,,,,,,,,,,,,,,,,,,21,,21366109,18679307,55173405,,,,,,,,,,,,,,,
2005-02,,,,,,,,,,,,,,,,,,,,,,,,,,,,,,,,,,,,,,,,,,,,20,,23295280,18652593,58314520,,,,,,,,,,,,,,,
2005-03,,,,,,,,,,,,,,,,,,,,,,,,,,,,,,,,,,,,,,,,,,,,21,,29505975,19311050,67726003,,,,,,,,,,,,,,,
2005-04,,,,,,,,,,,,,,,,,,,,,,,,,,,,,,,,,,,,,,,,,,,,21,,26758701,27731908,49824119,,,,,,,,,,,,,,,
2005-05,,,,,,,,,,,,,,,,,,,,,,,,,,,,,,,,,,,,,,,,,,,,22,,25064162,24000920,47906925,,,,,,,,,,,,,,,
2005-06,,,,,,,,,,,,,,,,,,,,,,,,,,,,,,,,,,,,,,,,,,,,22,,31628475,19902563,74378853,,,,,,,,,,,,,,,
2005-07,,,,,,,,,,,,,,,,,,,,,,,,,,,,,,,,,,,,,,,,,,,,21,,28475912,21219698,42309958,,,,,,,,,,,,,,,
2005-08,,,,,,,,,,,,,,,,,,,,,,,,,,,,,,,,,,,,,,,,,,,,23,,28376950,21077131,40682375,,,,,,,,,,,,,,,
2005-09,,,,,,,,,,,,,,,,,,,,,,,,,,,,,,,,,,,,,,,,,,,,22,,34941303,22879468,59354460,,,,,,,,,,,,,,,
2005-10,,,,,,,,,,,,,,,,,,,,,,,,,,,,,,,,,,,,,,,,,,,,21,,32629402,20961689,56299315,,,,,,,,,,,,,,,
2005-11,,,,,,,,,,,,,,,,,,,,,,,,,,,,,,,,,,,,,,,,,,,,22,,25499905,24128512,64475108,,,,,,,,,,,,,,,
2005-12,,,,,,,,,,,,,,,,,,,,,,,,,,,,,,,,,,,,,,,,,,,,21,,26291408,17507603,42417087,,,,,,,,,,,,,,,
2006-01,,,,,,,,,,,,,,,,,,,,,,,,,,,,,,,,,,,,,,,,,,,,22,,34131634,24872981,59388871,,,,,,,,,,,,,,,
2006-02,,,,,,,,,,,,,,,,,,,,,,,,,,,,,,,,,,,,,,,,,,,,20,,30053089,21483502,56113861,,,,,,,,,,,,,,,
2006-03,,,,,,,,,,,,,,,,,,,,,,,,,,,,,,,,,,,,,,,,,,,,23,,40398020,26942574,81380833,,,,,,,,,,,,,,,
2006-04,,,,,,,,,,,,,,,,,,,,,,,,,,,,,,,,,,,,,,,,,,,,18,,27622729,35598802,58899695,,,,,,,,,,,,,,,
2006-05,,,,,,,,,,,,,,,,,,,,,,,,,,,,,,,,,,,,,,,,,,,,22,,53370106,48708482,72166115,,,,,,,,,,,,,,,
2006-06,,,,,,,,,,,,,,,,,,,,,,,,,,,,,,,,,,,,,,,,,,,,22,,60413965,25640116,67102277,,,,,,,,,,,,,,,
2006-07,,,,,,,,,,,,,,,,,,,,,,,,,,,,,,,,,,,,,,,,,,,,21,,37533035,19210787,50258930,,,,,,,,,,,,,,,
2006-08,,,,,,,,,,,,,,,,,,,,,,,,,,,,,,,,,,,,,,,,,,,,23,,35116379,21885230,49976872,,,,,,,,,,,,,,,
2006-09,,,,,,,,,,,,,,,,,,,,,,,,,,,,,,,,,,,,,,,,,,,,21,,43376803,20747510,69733363,,,,,,,,,,,,,,,
2006-10,,,,,,,,,,,,,,,,,,,,,,,,,,,,,,,,,,,,,,,,,,,,22,,38268346,23684725,57430115,,,,,,,,,,,,,,,
2006-11,,,,,,,,,,,,,,,,,,,,,,,,,,,,,,,,,,,,,,,,,,,,22,,46630376,23507202,59460672,,,,,,,,,,,,,,,
2006-12,,,,,,,,,,,,,,,,,,,,,,,,,,,,,,,,,,,,,,,,,,,,19,,40454666,15880133,49304320,,,,,,,,,,,,,,,
2007-01,,,,,,,,,,,,,,,,,,,,,,,,,,,,,,,,,,,,,,,,,,,,22,,44534147,27963306,59694788,,,,,,311.1411984968446,,,,,,,,,
2007-02,,,,,,,,,,,,,,,,,,,,,,,,,,,,,,,,,,,,,,,,,,,,20,,46665119,25604151,63415644,,,,,,329.0817854603464,,,,,,,,,
2007-03,,,,,,,,,,,,,,,,,,,,,,,,,,,,,,,,,,,,,,,,,,,,22,,87371213,31605473,80008408,,,,,,320.69296318569445,,,,,,,,,
2007-04,,,,,,,,,,,,,,,,,,,,,,,,,,,,,,,,,,,,,,,,,,,,19,,48931697,52828361,49357849,,,,,,322.8214055804936,,,,,,,,,
2007-05,,,,,,,,,,,,,,,,,,,,,,,,,,,,,,,,,,,,,,,,,,,,21,,51936982,45947271,58416610,,,,,,333.9127276988032,,,,,,,,,
2007-06,,,,,,,,,,,,,,,,,,,,,,,,,,,,,,,,,,,,,,,,,,,,21,,75640924,30573354,90104545,,,,,,330.578972470748,,,,,,,,,
2007-07,,,,,,,,,,,,,,,,,,,,,,,,,,,,,,,,,,,,,,,,,,,,22,,62553886,26755465,73077675,,,,,,336.7077254205863,,,,,,,,,
2007-08,,,,,,,,,,,,,,,,,,,,,,,,,,,,,,,,,,,,,,,,,,,,23,,79315302,28184029,67637536,,,,,,337.76180788302554,,,,,,,,,
2007-09,,,,,,,,,,,,,,,,,,,,,,,,,,,,,,,,,,,,,,,,,,,,20,,69984875,24135870,61813506,,,,,,322.22840642780824,,,,,,,,,
2007-10,,,,,,,,,,,,,,,,,,,,,,,,,,,,,,,,,,,,,,,,,,,,23,,58429812,26593836,60896999,,,,,,343.56262212478117,,,,,,,,,
2007-11,,,,,,,,,,,,,,,,,,,,,,,,,,,,,,,,,,,,,,,,,,,,22,,73239431,34604726,63766422,,,,,,356.26542031583574,,,,,,,,,
2007-12,,,,,,,,,,,,,,,,,,,,,,,,,,,,,,,,,,,,,,,,,,,,17,,54973828,19749019,43543725,,,,,,348.0235146369219,,,,,,,,,
2008-01,22,9429049.22727271,3173047.54545454,4455671.09090909,1796604.40909091,,128319328,7514911,53892750,66885729,,1289983.59090909,1319662,761220.409090909,1230594,780803.181818182,2112700,,,,,2920.7272727273,41566,1881875.77272727,2296472,1690354.45454545,39809639,240572.636363636,222466,482120.090909091,9265801,,,,,,,,,,,,,22,,98024764,39525297,69807046,,,,,,367.03437796126576,,,,,,,,,
2008-02,21,8510270.42857143,3443864.28571429,3620177.9047619,1443490.33333333,,135309192,6933013,56702315,71617161,,1348223.23809524,1423090,799942.380952381,1292350,931957.714285714,2384256,,,,,2802.9523809524,50682,1441329.14285714,2601616,1510630.80952381,41519236,176833.19047619,242616,364485.047619048,9745953,,,,,,,,,,,,,21,,76023736,30313297,72321150,,,,,,386.66266938965515,,,,,,,,,
2008-03,19,9635635.36842105,3663066.36842105,4448371.94736842,1519560.57894737,,124116747,6130777,53406019,64546274,,1473238.73684211,1122232,838645.105263158,1075066,1035166.52631579,2092019,,,,,3635.2631578947,37745,2135587.63157895,2254519,1402722.52631579,39442059,233486.052631579,199190,421685.947368421,9279413,,,,,,,,,,,,,19,,84519067,28871651,69598261,,,,,,387.453881566,,,,,,,,,
2008-04,22,8390784.54545455,2355785.90909091,2961497.81818182,3072456.22727273,,141770185,6244554,57551146,77923780,,971165.409090909,1293489,551342.045454546,1053925,606652.818181818,2180349,,,,,2466.6363636364,37223,1109531.04545455,2273356,1221563.18181818,42407368,150407.045454545,241716,370549.636363636,10143314,,,,,,,,,,,,,22,,65152952,67594037,51827290,,,,,,391.556882019,,,,,,,,,
2008-05,21,9264789.85714285,2253469.66666667,2823111.33333333,4187888.23809524,,147806753,6257763,62193375,79304598,,908733.619047619,1378955,518284.714285714,1065915,605472.904761905,2114860,,,,,2645.6666666667,50771,963616.857142857,2569088,1296960.0952381,45969101,130669.238095238,268971,354073.238095238,10863966,,,,,,,,,,,,,21,,59285338,87945653,47322863,,,,,,394.94065819499997,,,,,,,,,
2008-06,21,9414755.66666667,3098917.76190476,4100817.95238095,2211223.23809524,4.7619047619,125869690,6194659,59449046,60197060,50,1196713.76190476,1327992,701400.476190476,937912,924601.80952381,1804121,,,,,3873.4761904762,32320,1810146.33333333,2479372,1475863.57142857,44993850,203217.19047619,199079,401815.19047619,9531617,,,,,,,,,,,,,21,,86117177,46435688,65077273,,,,,,388.69021947000005,,,,,,,,,
2008-07,23,7805295.21739131,2295094.86956522,3881434.52173913,1627659.34782609,128.6956521739,141391892,5910261,64732594,70714617,2563,904108.130434783,1256904,558559.086956522,988408,544586.086956522,1645320,,,,,2379.347826087,37158,1633354.47826087,2908795,1512440.34782609,48468611,180712.347826087,243057,416927.695652174,10591826,,,,,,,,,,,,,23,,89272994,37436165,52787182,,,,,,387.721607465,,,,,,,,,
2008-08,21,6008066.14285715,1853691.42857143,2952389.33333333,1201227.42857143,268.6666666667,142944561,5316287,68244082,69345724,7474,713126.333333333,1164887,470262.761904762,1017638,452251.761904762,1768222,,,,,2502.4761904762,48866,1102321.9047619,3118119,1227219.71428571,50733145,142605.19047619,258303,384129.714285714,11587875,,,,,,,,,,,,,21,,62000176,25225776,38927520,,,,,,393.329100407,,,,,,,,,
2008-09,22,10426714.6818182,3300811.54545455,5557455.45454546,1567049.81818182,931.5909090909,142156879,6602858,68886885,66614676,24318,1226899.81818182,1045070,778701.818181818,1013031,909391.363636364,1652872,,,,,3539.5909090909,32746,2574092.09090909,2797957,2034652.77272727,52553746,247713.909090909,183567,462623.318181818,10957770,,,,,,,,,,,,,22,,122264020,34475096,72617854,,,,,,401.129902757,,,,,,,,,
2008-10,23,9850463.30434783,2281643.60869565,6085450.30434783,1481023.7826087,1458.8260869565,159800671,6262264,80044897,73419183,37597,860436.217391304,1061290,532212.434782609,1041462,570718.347826087,1670862,,,,,2058.2608695652,37400,2459690.34782609,3269932,2615831.73913043,61333336,267811.086956522,222343,579922.565217391,12773819,,,,,,,,,,,,,23,,139965357,34063547,52477803,,,,,,426.353922113,,,,,,,,,
2008-11,20,7024070.4,1713171.7,3987276.35,1320582.7,2425,162193131,4786414,81224159,76101621,67326,634751.55,986875,396706.35,981167,449273.85,1538578,,,,,1185.75,40404,1644854.1,3496755,1643211.4,61851007,184333.8,229449,401438.05,13136398,,,,,,,,,,,,,20,,79745527,26411654,34263434,,,,,,426.68749298899996,,,,,,,,,
2008-12,19,6148039.21052631,1643307.31578947,3382760.47368421,1118099.52631579,3779.3684210526,109430288,3884296,58178598,47237262,116390,648248.526315789,880900,412590.578947368,784712,431077.157894737,1291259,,,,,3353.3684210526,31069,1609388.89473684,2457391,1153511.26315789,45621115,159318.526315789,132552,286343,8312791,,,,,,,,,,,,,19,,64272449,21243891,31222839,,,,,,434.11785319,,,,,,,,,
2009-01,21,6875452,1622914.04761905,3344751.66666667,1904977.80952381,2565.5238095238,133569026,4513507,66001036,62916823,124330,640220.380952381,889572,371500.714285714,783991,420754.19047619,1282815,,,,,1577.7619047619,31630,1248865.38095238,2681941,1434059.61904762,50984038,156374.428571429,178096,411565.238095238,10391811,,,,,,,,,,,,,21,144384492,70239785,40004534,34081195,,,,,,434.34539130599995,,,,,,,,,
2009-02,20,6862896.3,1784022.05,3325789.3,1741788.55,11021.85,142550145,4695620,71451466,66193953,194854,676622.8,796532,374933.2,771288,428304.3,1233895,,,,,1755.15,30838,1395289.9,2969203,1298846.2,54598649,173443.25,217593,350677.45,11543480,,,,,,,,,,,,,20,137257926,66515786,34835771,35680441,,,,,,454.67119384,,,,,,,,,
2009-03,22,7832374.63636363,2084643.72727273,4208529.54545454,1532177.90909091,6868.9090909091,134701360,4798075,66878809,62770794,238756,817941.590909091,851020,474577.636363636,747399,521534.681818182,1064647,,,,,3115.0909090909,33885,1977270.72727273,2430709,1492087.5,51760492,200138.545454545,161235,336424.409090909,10541642,,,,,,,,,,,,,22,172312242,92587650,33707914,45862162,,,,,,464.158100017,,,,,,,,,
2009-04,20,7610520.4,1667905.05,3001164.4,2928998.9,12262.45,150477181,4428204,69100216,76661300,271903,632011.1,858023,381212.1,775382,428155.3,1129107,,,,,1175.65,31600,1307741.65,2547621,1101936.95,53116395,165814.4,168231,327844.2,11261839,,,,,,,,,,,,,20,152210408,60023288,58579978,33358101,,,,,,485.639596105,,,,,,,,,
2009-05,20,7424564.95000001,1722529.5,2813059.45,2883143.8,5704.9,150148128,3997909,71540729,74309036,283516,651516.35,964469,414627.05,781789,458750.2,1186064,,,,,943.85,36274,1157981.6,2654960,1082517.3,54908764,155181.45,173838,336284.15,11739550,0,,,,,,,,,,,,20,148491299,56261189,57662876,34450590,,,,,,489.83272199999993,,,,,,,,,
2009-06,22,6658834.09090909,2044117.95454545,3231717.40909091,1373968,8804.2727272727,125523439,4091127,63011917,58078928,324221,758205.454545455,847305,449204.272727273,669018,623791.681818182,994729,,,,,2523.7272727273,33394,1453487.09090909,2290474,1157205,48891504,154707.136363636,132699,325003.681818182,9987197,1.8181818182,40,,,,,,,,,,,22,146494350,71097783,30227296,44970595,,,,,,478.9029122659,,,,,,,,,
2009-07,23,5389711.69565217,1476364,2826107.82608696,1075602.7826087,11193.6086956522,135408220,3833858,66871309,64311271,367658,608380.347826087,920044,317460.086956522,665629,379425.304347826,1041876,,,,,832.2173913043,34266,1021931.47826087,2336385,1177050.08695652,51162079,135278.913043478,172317,427529.52173913,11471143,56.5652173913,701,,,,,,,,,,,23,123963369,65000480,24738864,33956372,,,,,,476.6507471482441,,,,,,,,,
2009-08,21,5385880,1525015.47619048,2654310.04761905,1195430.90476191,10790.0476190476,141419671,3511252,69346228,68150357,385995,604580.238095238,823500,333081.571428571,577928,432796.523809524,1099787,,,,,704.3333333333,34484,975860,2461380,1081867.61904762,53074894,125435.523809524,168509,405325.095238095,11780842,69.0476190476,1000,,,,,,,,,,,21,113103480,55740511,25104049,32025325,,,,,,479.80591604099993,,,,,,,,,
2009-09,22,6930671.4090909,2256213.04545454,3367858.31818182,1292893.54545455,13065.0909090909,138172148,3976531,66768427,66977043,422499,880952.409090909,958800,530294.681818182,677023,632654.863636364,1177872,2834.4090909091,6769,,,2265.8636363636,26548,1451582.27272727,2260004,1200564.22727273,51623410,169159.818181818,177637,405368.863636364,11029528,103.1818181818,920,,,,,,,,,,,22,152474771,74092883,28443658,49636687,,,,,,494.504933684,,,,,,,,,
2009-10,22,6437720.22727273,1999976.40909091,3064194.68181818,1358680.09090909,14127,148330623,4417095,69302186,74121149,455923,790038.136363636,964809,439002.454545455,657335,503158.954545455,1339751,4429.5909090909,16126,,,1139.6363636364,21917,1242021.18181818,2512064,1168842.68181818,53373922,166437,198357,406052.863636364,11462023,240.7727272727,1652,,,,,,,,,,,22,141629845,67412283,29890962,43999481,,,,,,519.124568451,,,,,,,,,
2009-11,21,6281376.47619048,1832837.52380952,3049258.42857143,1385960.19047619,12643.9523809524,153911989,4305836,70687113,78420882,475770,726315.80952381,994740,415652.142857143,775516,507593.285714286,1528590,3682.3333333333,14939,,,697.2857142857,22952,1201136.52380952,2629403,1146847.57142857,53785415,150895.476190476,223659,463705.380952381,12140781,91.619047619,1013,,,,,,,,,,,21,131908906,64034427,29105164,38489588,,,,,,515.75758102561,,,,,,,,,
2009-12,20,6146410.5,1958639.7,2724697.7,1451168.3,11186.95,98722372,3758445,47135697,47368460,440865,736438.95,801270,496542.55,664805,590351.2,1308238,4538.85,13924,,,2253.35,28749,1300178.2,1998963,807037.75,36559071,141234.6,147451,325121.85,7262377,114.7,1300,,,,,,,,,,,20,122928210,54493954,29023366,39172794,,,,,,509.35568088099996,,,,,,,,,
2010-01,20,7008535.6,1980991.8,3168274.65,1840053.2,18491.95,116762071,5001607,51749455,59468572,516379,748845.35,936301,437131.75,748047,529794.35,1649496,4892.35,19475,,,1401.9,28223,1327938.45,2195197,1176499.1,39419730,156283.85,163978,399758.95,8445019,181.95,2350,,,,,,,,,,,21,140170712,63705116,36835102,39619836,,,106.21848599925,,2.3838380000000003,490.5730581697024,,,0.9264822372904653,,,,,,
2010-02,20,7447612.2,2436822.15,3353867.4,1632912.8,23332.8,125676869,4970858,53982450,66083325,611742,966054.15,1033757,537222.6,899556,632038.45,1862595,7335.95,26799,,,1618.55,23841,1567156.5,2364108,1145488.1,41087020,171944.9,168304,356197.6,8839503,221.3,2107,,,,,,,,,,,22,148952244,67499318,32707525,48736443,,,102.99201914832001,,2.43028,488.60063875164286,,,0.9294494501302086,,,,,,
2010-03,23,7115685.47826087,2489896.39130435,3023300.82608696,1583296.7826087,15430.5217391304,119511409,5131801,51512157,62064683,728865,929558.391304348,999358,643901.608695652,809320,694536,1718346,6324.3913043478,22221,,,1162.7826086957,13790,1387463.65217391,1953726,1005227.17391304,39660894,153369.565217391,162014,313765.086956522,8334117,526.3913043478,4556,,,,,,,,,,,21,163660766,69846871,36529084,57267617,,,110.23238165224,,3.0644380000000004,493.27524377899994,,,1.1275687444338272,,,,,,
2010-04,20,9378608.6,2439599.55,2906396.5,4008251.15,15229.4,139444802,5534931,53298543,79638668,813630,945852.15,1074210,582047.55,842255,586357.25,1805023,5726.5,27518,,,980.35,16578,1332386.25,2329461,1018739.85,40821287,163890.35,180867,289962.45,8424734,1285.05,13748,,,,,,,,,,,22,187572172,58532561,80236241,48791991,,,126.01575393718,,2.784929,490.277239859,,,1.048338839819307,,,,,,
2010-05,21,12213749.2380952,2495886.38095238,4829718,4851239.33333334,25873.619047619,138836884,4635786,57508493,75635577,861189,1022039.28571429,1001043,573737.095238095,807512,634717.238095238,1678970,6085.7619047619,25926,,,1078.4285714286,18254,2270206.95238095,2673387,1807942.61904762,44194695,231325.523809524,197569,389955.476190476,8839221,1625.5238095238,15937,,,,,,,,,,,22,256488734,102168047,101895880,52413614,,,163.53111259575002,,2.895019,509.57612109400003,,,1.2095873234805465,,,,,,
2010-06,22,8323313.77272727,2405590.81818182,3602423.81818182,2295217.95454546,14331.4545454545,117006597,4821564,51790807,59311531,953286,984835.636363636,859573,567670.5,685015,621255.318181818,1481459,6984.5454545455,23517,,,1101.4090909091,11611,1870230.81818182,2358769,1099780.86363636,40760634,183015.727272727,155325,287694.227272727,7211054,789.3636363636,10970,,,,,,,,,,,22,183112903,79576990,50574002,52922998,,,111.38486257679,,2.628236,527.812593012,,,1.0668934666161332,,,,,,
2010-07,22,5607481.31818182,1652799.09090909,2562907.13636364,1370404.68181818,17132.1363636364,122229772,4596406,52383902,64017735,1073027,685551.954545455,893622,410424.181818182,700957,407595.681818182,1504927,3309.9545454546,24588,,,774.4545454545,11047,1187009.72727273,2252106,931410.863636364,41386294,132010.363636364,171699,226438.090909091,7191628,757,13351,,,,,,,,,,,22,123364589,56653284,30314097,36361580,,,94.89760146181,,2.353821,529.548073621,,,0.9514930566589608,,,,,,
2010-08,22,5427498.90909091,1749617.5,2523616.86363636,1135116.13636364,14555.5454545455,127509197,4927261,53738436,67541479,1156700,760118.363636364,1058104,385104.272727273,856558,391647.409090909,1517527,3121.9545454546,21075,,,320.3181818182,11629,1125980.90909091,2376259,965114.227272727,42125796,130603.954545455,167337,227155.181818182,7597904,571.8181818182,9632,,,,,,,,,,,21,119404976,55775653,25117880,38491585,,,89.68452486330003,,2.336366,525.2443510960001,,,0.9485034611006096,,,,,,
2010-09,22,7343580.36363636,2804927.77272727,3153675.77272727,1364462.04545455,16013.5909090909,122989064,4863785,52645984,64078440,1230938,1205060.27272727,902748,637842.5,772616,623036,1153138,5253.5454545455,20343,,,796.7272727273,11735,1570840.90909091,2169401,1013422.81818182,41467924,170067.545454545,167749,237379.454545455,7400331,1411.7272727273,17427,,,,,,,,,,,20,161558768,69778689,30030007,61708411,,,103.77145094958001,,2.425526,547.5186869940001,,,0.9869790272875716,,,,,,
2010-10,21,6281350.42857144,2176213.04761905,2748812.71428571,1333761.42857143,18259.3333333333,132512591,5452627,55608133,70003209,1279028,889834.857142857,935361,474398.095238095,817235,494138.380952381,1304322,3734.380952381,21245,,,968.2857142857,16350,1169573.28571429,2241314,1073137.0952381,43442339,137497.952380952,196804,273356.619047619,8144995,2700.4285714286,21053,,,,,,,,,,,23,131908359,58107656,28077952,45700474,,,99.87330391277001,,2.69581,544.68778662,,,1.0630387945323883,,,,,,
2010-11,22,7224957.45454546,2416221.77272727,3236562.45454545,1541616.31818182,21928.6363636364,138657722,4577674,57942540,74557629,1394248,993189.681818182,974038,550924.136363636,772777,507190.272727273,1156984,7297.9090909091,22707,,,1426.3181818182,25420,1394174.54545455,2787734,1260045.63636364,44226927,152505.136363636,234180,306263.772727273,8718018,5676.4090909091,46781,,,,,,,,,,,20,158949064,71725317,34044626,53156879,,,113.51841409562,,3.0008519999999996,540.233474846,,,1.1764774280179442,,,,,,
2010-12,21,5798719.57142857,1887560.61904762,2672085.9047619,1218035.95238095,12224.0476190476,94474764,4372423,41675431,47096898,1200925,709888.857142857,905173,464734.19047619,659093,483993.238095238,1018899,5470.4285714286,23188,,,1001,26473,1251041.95238095,2114888,873087.666666667,32843249,141859.714285714,205996,228111.857142857,5017048,4400.5714285714,58700,,,,,,,,,,,20,121773111,56485256,25612781,39638773,,,92.85260127206,,2.95246,572.382941329,,,1.1777945443343403,,,,,,
2011-01,21,7077789.76190477,2282339.33333333,2817135.19047619,1946398.04761905,23913.2857142857,111195671,5222568,44704611,59842047,1286259,834645.952380952,920528,511708.714285714,753258,571317,1341921,6092.2380952381,28090,,,320.6666666667,24640,1176756.04761905,2118591,1141494,35210388,131448.857142857,203270,241051.952380952,5238416,4676.380952381,57723,,,,,,,,,,,21,148682733,59676648,41005506,47929126,,,121.68379321620002,,2.826356,550.724221609,,,1.170463603010126,,,,,,
2011-02,20,7104576.5,2431374.4,2918881.55,1721038.3,24537.6,119991028,5068999,47563868,65842152,1362708,832333.45,929260,554578.25,724128,703641.95,1588807,7782.05,31935,,,405.4,25450,1196011.7,2105708,1178694.55,37101892,131451.45,213914,275253.7,5958331,4684.15,62084,,,,,,,,,,,22,142131030,58925648,34514214,48627488,,,112.63648767298,,2.836719,536.351408384,,,1.1646990275380311,,,,,,
2011-03,23,8654118.47826088,3001212.30434783,4227787.82608696,1396175.17391304,20322.8260869565,114565826,5073352,47215587,60651700,1449920,1085342.2173913,902826,720747.043478261,814265,873469.217391304,1423933,9573.1739130435,28382,,,819.0434782609,22206,2005465.17391304,2142996,1395985.56521739,36949846,213363.173913043,173054,355471.565217391,5858710,4265.3043478261,64513,,,,,,,,,,,21,199104844,97783758,32188716,69027883,,,149.95523357968,,3.2273130000000005,541.86578076,,,1.372939526115574,,,,,,
2011-04,19,7635108.21052633,2126820.21052632,2625019.73684211,2857626.52631579,14838.3157894737,124519892,4908922,47842880,70059112,1505183,828068.684210526,916490,475274.894736842,816535,542266.684210526,1526154,6570.5263157895,27627,,,1116,12525,1093999.31578947,2999603,1063405.57894737,37025463,118593,183234,226966.578947368,5583568,6587.7368421053,66692,,,,,,,,,,,22,145102796,50293981,54347567,40409584,,,108.24376439158002,,2.6868939999999997,542.454385987,,,1.0139794277684564,,,,,,
2011-05,22,9983529.99999998,2633738.68181818,2923908.90909091,4402116.90909091,13130.2727272727,121731133,5576831,49013324,65422947,1543480,963225.863636364,1059095,621922.181818182,903791,733015.136363636,1698004,6097.4090909091,26226,,,654,11549,1287143,2847351,1125675.72727273,37815342,142183.454545455,194724,237323.090909091,5771136,6523.0454545455,72077,,,,,,,,,,,23,219674953,64768378,96906585,57942251,,,136.53027606468,,2.8235279999999996,552.6590981520001,,,1.1495656793146563,,,,,,
2011-06,22,8592419.77272726,3278119.27272727,3740253.63636364,1541907.72727273,19600.8636363636,107278153,5116904,45267527,55029687,1626797,1228475.81818182,943148,786747.181818182,763633,883310.181818182,1308736,9535.6818181818,24158,,,410.0909090909,6914,1797306.86363636,2136598,1251255.81818182,35768634,182108.727272727,153070,218912.727272727,4942753,8174.9090909091,93611,,,,,,,,,,,21,189074402,82914921,33972021,72118624,,,109.89803011580001,,2.542993,565.094197967,,,0.9840076915200899,,,,,,
2011-07,21,7231122.19047618,2611989.76190476,3451099.47619048,1141533.71428571,15699,113724496,5357410,47009960,59462352,1692559,1012094.76190476,1010883,578521.619047619,744296,652685.285714286,1229510,12474.0476190476,33168,,,279.4285714286,10047,1488643.66666667,2359891,1394151.71428571,37213355,145061.476190476,163421,198648.333333333,5023640,8671.7619047619,85269,,,,,,,,,,,22,151890949,72953135,24036172,54851785,,,118.71099490310002,,2.6907609999999993,588.2127524985788,,,1.0296933018018903,,,,,,
2011-08,23,9127708.52173915,2366734.65217391,5370944.73913043,1342582.82608696,33986.9565217391,126841913,4314567,56900036,63533059,1864085,890647.782608696,905822,533615.739130435,744360,599611.043478261,1249546,9819.9565217391,38136,,,258.4347826087,10064,2202277.39130435,3184901,2263117.56521739,44476593,232603.260869565,195476,357630.913043478,6325626,10425.7391304348,102124,,,,,,,,,,,22,209976922,124548494,30933887,54434897,,,181.61092837993,,2.940528,616.486112292,,,1.3412571857037214,,,,,,
2011-09,22,9139577.72727271,2738249.18181818,5120451.86363636,1232568.77272727,35177.8636363636,125808154,4589852,58542424,60423463,2020593,1067599.27272727,873165,591670.136363636,697596,717707.636363636,1159246,11390.8636363636,27249,,,435.3636363636,9054,2319425.86363636,3627770,1875217.36363636,46509262,252150.636363636,179304,294805.181818182,6111897,9826.5909090909,106772,,,,,,,,,,,19,201111566,113612056,27191648,60241482,,,131.66687801637002,,2.6027750000000003,653.6114542338872,,,1.0855203935301407,,,,,,
2011-10,21,7331856.42857143,2191968.71428571,3917070.76190476,1174426.38095238,33603.8571428571,128535628,4148384,56497883,65413846,2055227,878276.380952381,878445,441025.095238095,721373,524380.666666667,1108722,6860.5238095238,30376,,,271.9523809524,8361,1489789.66666667,3129075,1732857.61904762,45083195,181794.714285714,162756,252324.095238095,5930040,11536,99651,,,,,,,,,,,23,153968985,83104589,24782470,46031343,,,109.53634084485,,2.4194,657.5612791552009,,,0.981252181703759,,,,,,
2011-11,22,7230059.4090909,2099631.54545455,3868431,1222641.95454545,27558.3181818182,134639017,4210819,58795569,69112875,2185947,802391.772727273,940927,450940.363636364,750523,491714.136363636,1105203,13328.9090909091,49951,,,464.0909090909,9943,1442496.86363636,3543458,1592658.81818182,45992706,188738.863636364,187655,294789.272727273,6433200,6816.9090909091,75964,,,,,,,,,,,20,159061307,85768873,27051233,46191894,,,111.5706784045,,2.600368,663.1241556341623,,,1.0928883845235413,,,,,,
2011-12,21,5911420.99999999,1550008.19047619,3210820.47619047,1123915.95238095,15745.5238095238,92368566,4075336,42493315,43631474,1689619,560880.380952381,856507,345357.047619048,661962,412367.714285714,978260,11358.0476190476,26912,,,473.9047619048,5858,1404596.57142857,2728342,1099030.61904762,33848920,161530.619047619,154617,183686.80952381,3904815,5746.1428571429,68088,,,,,,,,,,,21,124139841,67856779,23673597,32550172,,,86.50826375167,,2.3666669999999996,638.7037891988718,,,1.0530054180152089,,,,,,
2012-01,22,5468428.0909091,1512055.95454545,2719284.09090909,1194064.13636364,25938.0454545455,104048800,4957868,45188211,51523589,1855334,582685.863636364,893764,319715.454545455,717074,330092.636363636,1109505,10111.0454545455,30915,,,252.7727272727,6498,957377.681818182,2487819,1132625.13636364,35534403,137217.454545455,169195,214508.227272727,4672818,7232.0909090909,67284,,,,,,,,,,,22,120305418,60471620,26476189,33265231,,,104.36739592019,9797.310779244672,2.489822,594.0372084777505,,1161.8899758431135,1.1123409999999998,64.15,,,,,
2012-02,21,5991169.33333333,1736341.33333333,2774943.85714286,1431535.0952381,32911.7619047619,115206243,4090453,47853161,60783800,2005833,695151.523809524,1005242,387249.714285714,753352,368529.380952381,1099945,14299.619047619,35931,,,178.2380952381,6768,1016970.0952381,2613303,1091698.0952381,37407205,141720,166811,246510.857142857,5165783,8408.7619047619,85680,,,,,,,,,,,21,125814556,58942316,30328763,36463168,,,102.06314418474001,9842.493979055169,2.949015,599.6575353546996,,1174.6776806424627,1.157619,65.43,,,,,
2012-03,22,7413822.99999999,2342757.18181818,3623686.77272727,1401801,23235.2727272727,109862554,4728004,45949216,56489684,2137311,880658.818181818,838309,546579.227272727,765651,568002.636363636,971148,15519.5454545455,34275,,,387.8636363636,5284,1576019.5,2313517,1258915.77272727,36417829,174407.545454545,163983,223914.954545455,4842920,12014.1818181818,110536,,,,,,,,,,,22,163104106,80491186,30985122,51540658,,,115.22824743621001,9939.394971051013,3.084871,571.7843507993109,,1164.254194800515,1.214056,64.45,,,,,
2012-04,19,8256842.57894737,1808280.84210526,3399544.05263158,3010553.47368421,22427.7894736842,117827008,5209607,48040341,61870720,2221634,726453.526315789,960505,397401.842105263,800613,357262.631578947,1160583,15146.8947368421,48455,6807.5789473684,36524,198.5263157895,6459,1374980.89473684,2751447,1318575.47368421,37747861,160367.421052632,183337,221399.315789474,4974439,9875.6315789474,110069,,,,,,,,,,,19,156880009,65198536,57277192,34357336,,,99.19632362052,9946.649862975126,2.600398,570.6838617994638,,1134.7848347923923,0.9862719999999999,58.3982685832596,,,,,
2012-05,22,8447779.5909091,1900957.95454545,3483035.81818182,3017869.36363636,23981.9090909091,123754517,5173234,51253399,64476946,2338853,757203.272727273,1041988,454095.409090909,772526,363300.409090909,1270418,20962.6363636364,53760,18091.3636363636,72100,152.2727272727,6422,1407515.5,3292698,1282491.5,39593503,170074.818181818,209108,201334.181818182,5269820,15207.9090909091,149033,,,,,,,,,,,22,185851151,77504229,66469908,41821075,,,99.00414725696001,9946.403084176756,2.884048,579.224279305893,,1118.481950400272,1.076252,58.126370535813294,,,,,
2012-06,21,8518322.47619049,2502009.0952381,4123400.14285714,1844281.14285714,23383.1904761905,104456716,4500390,46906535,49976398,2428850,1011750.80952381,822007,573006.047619048,585541,507812.761904762,919962,26210,48868,20247.0952380952,63857,660.1428571429,6542,1962865.71428571,3044863,1227954.76190476,36798360,200716.047619048,176969,229012.142857143,4660873,14643.5714285714,156091,,,,,,,,,,,21,178884772,87395905,38862887,52542191,,,93.82323235793999,9956.277655326227,2.626362,598.2500787499683,,1105.4221461167726,1.026494,60.5113250580669,,,,,
2012-07,22,5734229.40909091,1507226.04545455,2870401.36363636,1309249.72727273,29250.8636363636,107567931,4663652,46809982,52968350,2523194,592425,896660,344708.590909091,610763,259315.181818182,1000372,20702.7272727273,57022,19597.7272727273,104869,242.7272727273,7602,1149445.45454545,2740288,1150595.81818182,36548686,136441.227272727,173679,208956.045454545,4899324,12715.0454545455,154378,,,,,,,,,,,22,126153047,63943683,28994133,33158973,,,92.98912172769,10054.323984505634,2.72748,563.6747524465807,,1129.4072084959553,1.146837,62.9055463497385,,,,,
2012-08,23,5097726.26086957,1572226,2468438.7826087,1017776.91304348,18448.5217391304,112880582,4531204,48273956,56829787,2633496,604940.695652174,898586,346053.913043478,731013,289043.260869565,1131368,17015.347826087,58432,19465,127771,83.1739130435,7415,911460.217391304,2714545,1050523.30434783,37645284,114113.173913043,167268,180379.217391304,5087275,12443.3913043478,177154,,,,,,,,,,,23,117247704,57428728,23584138,36161198,,,83.82855723310001,10021.955510482709,2.603857,557.6718737176883,,1149.802057179852,1.226742,64.2084651393252,,,,,
2012-09,20,7492534.55000001,2357526.7,3445936.8,1627726.25,32541.9,106731762,4848964,46010113,52378187,2807963,890342.9,870833,547544.1,735594,471156.75,881178,25600.95,57165,32536.95,126530,281.35,5419,1531231.7,2544563,1176902.65,36442401,155974.1,157652,189694.15,4559552,19979.3,195447,,,,,,,,,,,20,149850691,69786010,32838789,47150534,,,95.76794180039,10003.111784538763,2.6758680000000004,552.2219103424079,,1164.8007756619234,1.097692,66.0613210554472,,,,,
2012-10,23,5288660.82608697,1657549.34782609,2348056.39130435,1222277.65217391,30013.3043478261,112152173,4759294,46868948,56745087,2989355,661473.869565217,928748,378465.086956522,797189,273864.695652174,866955,16764.5652173913,69826,24316.5652173913,145031,206.6086956522,7036,957174.826086957,2577420,904919.391304348,36874379,117232.869565217,157560,157196.260869565,4718254,22155.6086956522,297662,,,,,,,,,,,23,121639199,55090684,28354099,38123635,,,88.73363409560001,9935.895902212582,2.957024,551.3254096563675,,1166.5398102711733,1.190346,66.824714376997,,,,,
2012-11,22,5017940.63636364,1562349.22727273,2238781.90909091,1140759.77272727,36221.5909090909,117608931,4653598,47907764,61057635,3051584,621436.818181818,1018811,342949.818181818,873945,281138.227272727,994291,20032.5,78423,28694.1363636364,181755,203.4090909091,8447,877436.090909091,2719120,810254.136363636,37377802,120593.136363636,180159,190290.590909091,4994214,25099.2727272727,337851,,,,,,,,,,,22,110394694,50642300,25291840,34371683,,,85.19097141265,9958.141061088085,2.5891599999999997,549.4190801795174,,1206.0246303584697,1.173841,67.06395511498769,,,,,
2012-12,17,6122319.17647058,1850367.05882353,2814788.52941176,1383806.82352941,29402.6470588235,79378088,4178568,34531352,37700373,2190929,717631.176470588,882224,478667.411764706,760434,390516.647058824,854412,30704.0588235294,74857,39425.4705882353,168199,319.4705882353,8000,1269629.11764706,2635991,844980.176470588,26941424,145812.117647059,156500,173488.882352941,3016542,26148.4705882353,224061,,,,,,,,,,,17,104079426,48882986,23673564,31456240,,,66.07527463282,10011.167043240584,2.489362,555.6721882923842,,1234.4581086368555,1.100503,70.14629660665861,,,,,
2013-01,22,5905331.68181818,2317686.5,2175176.04545455,1332456.72727273,34078.3181818182,93748162,5995879,37935084,46452037,2417281,822546.363636364,1132420,558176.909090909,962502,473148.772727273,901949,25483.5454545455,91770,28848.5,205583,968.1363636364,16730,746437.590909091,2646204,929190.590909091,29566614,99022.6818181818,157312,171961.954545455,3366610,25106.6818181818,226478,,,,,,,,,,,22,129922809,49243459,29592551,50989103,,,90.67086086130001,10011.252684417617,2.950661,548.789756288215,,1250.3393765600404,1.390738,71.66,,,,,
2013-02,20,6303570.2,2302531,2844281.85,1089178.45,26371.3,99339326,4799661,40535331,50604147,2550309,887487.35,931432,541258.25,864714,436723.35,824060,45496,89250,46603.4,217527,746.6,10867,1137944.1,2561716,1109185.2,31587652,126807.35,164937,205649.85,3729122,26399.85,220318,,,,,,,,,,,20,126073226,57964348,21990746,46050620,,,89.69389789684,10168.493959583833,2.706883,563.3433804964902,,1254.346530698846,1.265508,70.81800000000001,,,,,
2013-03,20,7263448.39999998,2338775.75,3296851.9,1557272.95,29795.8,95272707,5046102,38373522,48379581,2683706,916282.1,1025967,574279.3,928375,473705.2,828919,45151.65,87861,53722.1,209549,619.15,7781,1531108.85,2663664,1024688.75,30008194,161296.35,165407,195475.8,3410596,26361.9,194405,,,,,,,,,,,20,145271622,67113223,31307458,46775515,,,93.93201864546002,10267.261815730948,2.7253520000000004,576.2094574792008,,1279.3701686220165,1.322292,69.9451995224386,,,,,
2013-04,21,7047529.7142857,1710247.80952381,2586273.95238095,2692749.66666667,23400.6666666667,107606051,5350690,39308152,59394240,2769751,706415.809523809,1090761,425347.952380952,1054644,266067.952380952,862528,31762.6666666667,97939,46336.0952380952,210307,432.619047619,8018,1059107,2654074,936051.380952381,30318100,127583.19047619,165118,187625.904761905,3523526,18588.2380952381,161146,,,,,,,,,,,21,147997194,55218190,56805593,35915204,,,99.88841002858001,10246.715828310458,2.8344570000000004,583.8101047830386,,1309.9933396616093,1.330323,69.6367603039062,,,,,
2013-05,22,7380267.31818182,2213493.54545455,2357101.31818182,2752348.81818182,20560.8181818182,108300253,5556999,41830131,57408680,2875191,836171.772727273,956733,583883.181818182,947646,360304.181818182,893076,35364.6818181818,84756,45759.4090909091,209435,319.8636363636,9043,937601.545454545,3193493,844753.090909091,31204359,103021.590909091,197261,183186.409090909,4025193,18478.7272727273,154276,,,,,,,,,,,22,162364806,52747624,60875761,48696858,,,104.92193712184002,10322.500225181233,3.0391940000000006,574.8764998826357,,1335.5157975754182,1.4893960000000002,72.50153616277402,,,,,
2013-06,20,8131934.95000001,2858340.1,3415719.6,1798060.1,30009.7,92467894,6305452,37721664,44808037,3021934,979227.55,871861,743526.35,790950,581967.7,872054,51670.7,82981,71201.95,161803,1518.75,20240,1677892.75,2722484,958128.85,28576331,159229.45,133768,200780.95,3478323,19868.15,156952,,,,,,,,,,,20,162637555,69314475,36089409,57166802,,,99.44183333924,10270.567871827327,2.7278290000000003,581.9342541144186,,1311.3244711466173,1.393262,68.8042077060838,,,,,
2013-07,23,4646689.95652174,1653651.95652174,1947947.7826087,997860.739130434,23245.4782608696,95865967,5376854,39090742,47630157,3152220,600456.347826087,1010129,407025.434782609,877714,312984.869565217,839434,28224.7391304348,94980,35066.652173913,193854,888.8260869565,22612,792863.130434783,2910263,643301.260869565,29229840,92006.9130434783,166224,131478.695652174,3569761,14687.3913043478,161371,,,,,,,,,,,23,106872879,45674338,23090340,38033995,,,95.05232856961001,10221.470442806964,2.813097,575.1290026661351,,1319.5190046110367,1.440764,72.3201185419995,,,,,
2013-08,22,4494706.36363637,1538790.81818182,2005006.95454546,901731.227272727,23001.6363636364,101620684,4760860,41157911,51841285,3270406,598741.727272727,1003972,384524.863636364,1008656,277357.272727273,995587,22562.8636363636,96652,33692.5909090909,196531,1172.8181818182,31727,760853.5,3226817,744676.318181818,30522903,84676.7272727273,177006,125593.363636364,3647321,18197.2727272727,171277,,,,,,,,,,,22,98882970,44985876,19963657,33853398,,,80.87477984693999,10248.59415253267,2.4998039999999997,562.6334942120408,,1328.610907439694,1.24536,72.50725295643619,,,,,
2013-09,21,6687149.66666666,2180012.85714286,2941220.52380952,1488158.19047619,47079.8571428572,98343398,4759081,39627485,49701387,3523989,824481.904761905,894453,562098.952380952,888286,419939.714285714,897452,42125.619047619,96426,61886.0476190476,163826,1338.1428571429,34150,1339228.19047619,2673168,923572.666666667,29928108,115070.380952381,149178,159628.952380952,3396585,18325.2380952381,201293,,,,,,,,,,,21,140429423,62819535,31712688,45780270,,,92.95942382701001,10345.652609942865,2.578307,575.1776216122533,,1350.333772679135,1.25504,75.62722311346971,,,,,
2013-10,23,5092647.69565217,1598418.95652174,2297833.65217391,1126086.56521739,36054.0869565218,106512487,5201110,41911026,54932385,3686253,604442.782608696,946137,405254.956521739,1057918,273414.565217391,944620,37502.6086956522,116739,36376.5652173913,177929,604.652173913,37489,849939.173913043,2797229,924206.782608696,31570878,86908.4782608696,168236,141807.434782609,3467023,23136.4347826087,236504,,,,,,,,,,,23,117129782,54087907,26192199,36763636,,,95.23502387602001,10415.141997035378,2.9967289999999998,578.6986693119889,,1367.9687289683193,1.403244,77.1668796245115,,,,,
2013-11,21,4924933.90476189,1640153.23809524,2047877.80952381,1183895.38095238,24846.0952380952,110047540,4250705,43156400,58101624,3767024,610708.476190476,898679,470790.761904762,931115,285331.19047619,896912,32246,121603,42008.7619047619,168222,2544.0476190476,17541,774754.571428571,2897204,756606.238095238,32056060,88247,184336,154673.047619048,3832823,19109.7619047619,265261,,,,,,,,,,,21,104208383,43935552,25729925,34443218,,,88.21750388465999,10527.655291231178,2.8000479999999994,602.6027044462925,,1389.591644614628,1.38859,78.51118958693911,,,,,
2013-12,18,6186508.88888892,1949910.77777778,2952732.16666667,1229579.22222222,19308.9444444444,77164344,4511720,31866958,37563043,2453665,682723.055555556,962101,525521.666666667,912579,407481.833333333,847586,47969.8888888889,141780,62404,183723,2128.2777777778,31110,1297183.27777778,2857080,936812.722222222,23897739,116624.944444444,159290,158207.277777778,2116778,25914.1666666667,184900,,,,,,,,,,,18,111972678,54080770,22637573,35098394,,,81.37272672841002,10552.739768668787,2.581994,594.7936814110475,,1401.5935445099215,1.3674149999999998,79.6078906220919,,,,,
2014-01,22,5525024.40909091,1728219.81818182,2653371.40909091,1068684.54545454,43079.7272727273,90723224,5614822,36335709,45311715,2712225,646563.272727273,1077836,424121.318181818,957364,293825.818181818,886632,44915.5454545455,152420,48182.1363636364,193642,1588.4545454546,26327,956838.681818182,2885319,1068964.45454545,26936911,108997.954545455,148419,141217.954545455,2487192,23915.6818181818,194537,,,,,,,,,,,22,121593043,59705780,23799961,38020836,,,118.70837871347001,10551.836559476436,3.1178690000000002,571.8538510611971,,1405.478474877154,1.621401,77.7318779252722,,,,,
2014-02,20,5443964.4,1925550.85,2534123.55,906738.750000001,32998.35,96533623,5934872,37810597,49119138,2934383,759279,1529995,500154.95,1249996,314084.45,1005126,50847.85,202280,57676.05,244080,825.6,29738,969092.3,3186897,931426.4,27668357,107210.85,165048,138037.3,2655673,34203.7,226680,,,,,,,,,,,20,108969782,51945908.5,18410059,38511017,,,98.04532415392002,10665.225817578572,2.9262309999999996,581.1025380913319,,1421.700236036983,1.474766,80.8563603079898,,,,,
2014-03,21,7049581.8095238,2400993.95238095,3306787.19047619,1240101.33333333,51716.8571428572,89290312,5097601,34422631,45742734,3224653,924950.190476191,1042039,637479.047619048,941612,423695.952380952,774332,65204.8095238095,142503,77572.4761904762,169713,596.7142857143,30558,1512040.38095238,2664089,962591.714285714,25811154,145651.19047619,127694,174063.857142857,2448376,34440.0952380952,180200,,,,,,,,,,,21,148041218,71031533,26481055,50420873,,,115.15237459604,10645.177175566554,3.120823,587.0438500392193,,1438.4310265253898,1.492874,76.0354269125508,,,,,
2014-04,20,6112545.74999998,1651212.95,2381990.95,1993367.45,40654.75,96645988,5514724,35240701,51633621,3405071,602974.75,1133162,405191.65,931246,268324.2,795863,49681.55,152146,54044.75,183236,305.15,31238,929602.35,2911061,852659.1,25989821,107157.35,131229,131322.85,2499903,21175.15,159519,,,,,,,,,,,20,122250915,48939999,40226618,33024259,,,92.35628411006002,10632.141033078817,2.8885919999999996,589.8375995308412,,1446.8468468085698,1.3722759999999998,76.66403480166821,,,,,
2014-05,21,6015664.42857142,1686014.9047619,1959634.76190476,2303124.66666667,28924.3333333333,97009662,5884243,37093297,49669944,3589507,594870.285714286,1181891,411053.80952381,918793,281952.428571429,997301,80155.5238095238,187276,56280.2380952381,215586,185.4761904762,31449,757621.523809524,3081053,717233.428571429,27247721,88337.1428571429,139551,122534.857142857,2693098,18306.8571428571,159297,,,,,,,,,,,21,126328953,42258256,48609173,35406313,,,92.23763168626002,10680.656986632235,3.0016040000000004,593.6980162348107,,1445.0644701041322,1.360685,78.4789086224711,,,,,
2014-06,21,6000991.23809525,2149057.23809524,2687495.76190476,1079289.19047619,40463.2380952381,83286418,5257732,34474036,39012763,3718866,759727.619047619,1146905,565236.428571429,851767,374890.904761905,924365,75527.1428571429,164693,84367.8095238095,189132,604.9047619048,29789,1252364.76190476,3086836,829613.476190476,25591745,102115.428571429,131103,104270.523809524,2271104,23395.1428571429,143938,,,,,,,,,,,21,126020816,57741080,23052478,45130202,,,90.12062620763001,10744.872906576456,2.9474530000000003,626.8561024209325,,1502.2259400090356,1.3509,78.891367175765,,,,,
2014-07,23,4218833.4347826,1283731.13043478,2119562.65217391,756323.608695652,27517.0434782609,88979575,5319450,36386187,42654396,3860388,533037.565217391,1163381,333128.739130435,925064,145047.434782609,900868,48669.7391304348,188926,56222.2608695652,214954,101.0869565217,29949,871324.695652174,3109265,729566.956521739,26754721,93172.2173913044,141603,116605.565217391,2376853,19965.7826086957,152249,,,,,,,,,,,23,97033169,49795741,17622914,29525816,,,95.42055307878,10696.749085587042,2.9145969999999997,619.4525514183385,,1505.4601806464293,1.4979770000000001,77.4,,,,,
2014-08,21,4781325.57142855,1496614.28571429,2440130.76190476,771112.333333334,28316.9047619048,95017740,5321500,38551376,46442397,3989640,613474.952380952,1225251,345076.571428571,1011346,203099.523809524,920324,66782.2857142857,199679,59685.380952381,226279,395.1904761905,31640,999615.428571429,3360714,865879.857142857,28023110,109400.619047619,149969,151503.142857143,2695606,29776.5714285714,189358,,,,,,,,,,,21,100407837,52536364,16367140,31428900,,,90.82259162402,10693.757178020438,2.4259920000000004,612.9645928240852,,1522.3689222913622,1.3830500000000001,78.2,,,,,
2014-09,22,6491981.9090909,2301708.31818182,3089565.22727273,1020072.63636364,32193.6363636364,92840718,5039294,38422038,44362777,4156092,934437.636363636,1226933,560759.045454545,899228,348069.590909091,845384,95555.4090909091,195449,103352.181818182,185835,1803.6818181818,48881,1414738.77272727,3109755,883843.454545455,28090357,130284.045454545,138324,144154.5,2659296,28879,204048,,,,,,,,,,,22,142823602,69361096,22683807,50637583,,,97.24164992048001,10777.366925158884,2.862382,632.1973761584991,,1538.7550130274744,1.4150066666666667,74,,,,,
2014-10,23,6637408.56521739,1809498.04347826,3756753.30434783,944074.434782609,56155.6086956522,103556532,5318723,42709141,50333917,4415749,797413.086956522,1267960,421700.826086957,918565,204431.565217391,820122,87736.652173913,227678,82206.8260869565,196197,252.3913043478,51494,1509481.04347826,3456983,1347002.56521739,30778023,151779.130434783,138574,231609.217391304,3271910,43388.9565217391,177112,,,,,,,,,,,22,152660397,88930812,21975215,41618455,,,136.83269734806,10732.917500807598,3.202598,636.729911356964,,1547.2559810834346,1.6831666666666667,73.1,,,,,
2014-11,20,5349327.34999999,1450459.4,2689612.2,1117202,42990.6,106747304,6275381,42656479,52482562,4564538,572767.55,1311376,301614,976418,226612.4,1097271,58803.25,241529,61288.9,194653,506.1,50926,1004750.8,3600299,967886.15,30168376,113362.5,160705,215862.9,3391551,23840.1,183961,,,,,,,,,,,20,106986547,55175551,22666831,29009188,,,99.98367135464001,10857.520406355965,2.653281,638.5513714072979,,1587.2736024298692,1.3921006666666667,73.6,,,,,
2014-12,19,7287617.10526317,2032099.68421053,4025403.52631579,1140716.47368421,32493.7368421053,78617926,5710000,31911639,36835451,3289043,752659.315789474,1131061,486891.894736842,851398,320012.52631579,926782,100071.736842105,230233,82034.1052631579,183349,391.2105263158,57582,1783206.78947368,2928978,1291688.05263158,23161145,153161.210526316,129105,221036.421052632,2432435,28062,173986,,,,,,,,,,,19,138464725,77906972,21801586,38609894,,,104.60447994161001,10889.206949763568,2.8011369999999998,627.5820624819696,,1605.00071653226,1.6044376666666667,70.5,,,,,
2015-01,21,6647228.14285714,1854923.33333333,3646994.57142857,1042701.80952381,45935.1904761905,92388456,6173348,37664061,44699510,3410989,684738.761904762,1143181,383084.047619048,930973,245574.19047619,997879,92814.1428571429,259066,75715.6666666667,199627,488.2380952381,58959,1388564.66666667,3488330,1348940.66666667,26539081,138345.523809524,153467,237626.904761905,3138354,32049.7142857143,177926,,,,,,,,,,,21,139592620,78474545,22160233,38953390,,,140.79381905475,11144.615099416842,2.953782,602.5474447486165,12845,1661,1.7366596666666665,77.7,,54.8,38765701.55,226514061,72055332
2015-02,20,5838633.79999999,1694092,2855949.25,1209865.05,37369.9,101040781,7470578,40348896,49255788,3485416,640021,1430600,347618.9,1047891,229913.85,1207243,100810.5,271185,65930.1,241701,456.55,62657,987747.25,3608736,1167428.6,28218545,99012.6,175646,193931.7,3464521,21892.2,174726,,,,,,,,,,,20,116773508,58375736,24508817,33881840,,,118.30447046624002,11441.212926732238,3.0761100000000003,629.4903297760209,13955,1734,1.5434056666666667,85.9,,50.6,32924043.8,228776251,79888525
2015-03,22,7263866.68181819,2320854.72727273,3595976.86363636,1269535.77272727,30723.1818181818,97557169,7281921,38958827,47143008,3655713,795140.318181818,1317737,556314.136363636,1034839,372457.227272727,1237371,126260.363636364,238109,94312.4545454545,180802,1111.4545454546,61343,1608837,3494928,1096731.18181818,27817860,148764.863636364,183905,201967.227272727,3291169,26466.8636363636,175438,,,,,,,,,,,22,159805450,80575951,28149542,51058804,,,153.55028207078,11676.56155545211,3.565247,653.2333574767719,13126,1805,2.0534396666666663,91.3,,59,36264138.3,223618404,91884600.77675
2015-04,20,5900619.99999999,1581723.35,2602117.5,1627173.05,30847.4,105977646,7974297,40858621,52923871,3745251,548368.75,1382949,358524.1,1157400,185099.35,1229934,91637.5,220637,69342.95,182503,2752.65,87744,1045067.95,3491217,944081.35,29362084,113932.05,189250,160987.8,3420494,32611.45,191240,,,,,,,,,,,20,118015980,53654605,32716299,31634467,,,130.20604944486,11537.706462678929,2.9357629999999997,628.3514011912138,12668,1807,1.7425896666666665,86.4,,55.8,36689658.55,167136625,77042989.140025
2015-05,19,7736978.4736842,2626586.94736842,2695271.15789474,2333192.68421053,32157.7368421053,107662807,8643988,41971628,52648096,3838288,908760.210526316,1497778,573169.736842105,1222979,280629.315789474,1173318,116718.842105263,226473,107425.526315789,192675,2392.8421052632,75842,1060816.15789474,3652989,1019522.94736842,29999491,105342.421052632,187730,149550.842105263,3543788,27392.1578947368,177081,,,,,,,,,,,19,147006435,52522322,44560025,49905152,,,120.82664948206002,11565.49586767082,2.8424549999999997,622.4956661431411,13122,1791,1.552168,89.10000000000001,,57.4,47213530.45,154568094,45665233
2015-06,22,8623867.04545455,2971432.63636364,4221922.81818182,1304910.54545454,37573.3181818182,95939069,7623551,40168882,43277672,4002969,1017962.27272727,1151200,735375.681818182,1002722,374967.363636364,893084,145070.363636364,226644,132414.409090909,194691,1780.0909090909,82463,1811156.59090909,3595868,1449156.18181818,29091031,145857.045454545,159192,179824.454545455,2987989,34828.2727272727,223739,,,,,,,,,,,22,189726543,95389932,28937851,65371518,,,144.1786689936,11570.542827432393,2.968509,609.2785722238984,12477,1826,1.605441,88.69999999999999,,58.6,45696865.2,183965854,68861527.88956
2015-07,23,5858370.69565219,1660299.26086957,3110884.47826087,992076.695652173,33157.6521739131,102934366,6695407,41476284,50040286,4126820,549834.391304348,1197353,404337.304347826,1022390,193555.565217391,919714,71031.4347826087,231875,65258.2173913043,193523,1428.6956521739,89090,1087628.08695652,3588612,1391479,30354941,95729.7826086956,159539,148825.52173913,3048286,30619.0869565217,206366,,,,,,,,,,,23,134746812,73573038,22971727,38186883,,,131.69939934932,11610.632252168598,2.7838149999999997,600.8075197361273,11936,1844,1.758289,92.2,,50.6,48539249.35,172946488,71639029.035905
2015-08,21,5786220.04761902,1409666.66666667,3329277.14285714,957444.714285715,37790.3333333333,105768997,5613758,43947544,51265619,4286534,541700.238095238,1194889,358234.523809524,1110978,191753.619047619,1015378,63109.7142857143,221135,61070.9047619048,189179,1260.2857142857,96428,1305311.57142857,3965114,1320051.61904762,31865152,118903.666666667,150862,180914.476190476,3374281,28956.8095238095,240395,,,,,,,,,,,21,121519044,71644896,20256062,29603000,,,135.60417532236002,11432.920503368376,2.552256,591.6604478835999,10771,1800.036269520206,1.6274780000000002,87.6,,51.7,44457969.6,168231279,65898684.08585
2015-09,22,7504811.49999999,2216878.90909091,4116638.90909091,1077673.13636364,43401.5454545455,104841922,6230755,42744934,50702840,4563525,781517.090909091,1161504,552016.590909091,1002891,362679.727272727,979623,105602.454545455,236307,93860.3181818182,193635,2138.3181818182,66438,1838761.63636364,3862629,1382782.77272727,31154532,133795.136363636,146253,161756.318181818,3147261,30669.9545454545,205948,,,,,,,,,,,22,165115038,92365998,23954563,48771336,,,137.20815779987998,11336.70373613538,2.4916149999999995,581.3437321450533,11194,1755,1.442322,85.2,,56.6,42951534.2,225845985,70566026.46737
2015-10,22,5335307.72727272,1646544,2639340.31818182,952625.136363636,41359.8636363636,110755949,6979396,43973351,54434034,4707822,562491.545454545,1256555,369676.136363636,1058449,220644.045454545,1018135,89677.4545454545,250205,77861.6363636364,190851,1542.6818181818,69561,1070091.5,3903549,1014844.5,31903187,103030.818181818,146779,120879.954545455,3294977,23525.4545454545,167348,,,,,,,,,,,22,117382772,59954173,21190538,36223968,,,120.87097629150001,11398.35008257035,2.6745609999999997,571.0738347143365,11728,1826.701730492,1.45282,93.69999999999999,,52.1,47249296.2,270091310,110174343.992865
2015-11,21,5324046.19047619,1898417.52380952,2503569.66666667,843530.809523811,30180.2380952381,116040847,8102554,45310746,57249788,4831774,632242.333333333,1435000,430298.285714286,1203324,280613.523809524,1303898,95998.7142857143,247243,80391.9523809524,213027,1260.5714285714,73318,1067956.38095238,4189885,860866.333333333,32449351,91418.6666666667,173040,117941.428571429,3320788,24197.1904761905,123666,,,,,,,,,,,21,111815957,53959495,17971896,39866768,,,110.77130063786001,11514.405745158663,2.7555960000000006,550.3088994056463,12672,1931.6768207656876,1.504812,97.9,,56.6,51286977.85,281769886,131092959
2015-12,20,7560385.9,2281583.55,3978458,1217833.6,28151.5,80384670,5462389,34049720,37189484,3197904,746908.05,1100761,567615.05,894773,392091.65,1018369,114382.25,210617,99416.2,201392,1287.35,71120,1888200.25,3748772,1169604.75,24013157,125773.85,138012,144223.35,2168521,29015.85,108129,,,,,,,,,,,20,151222533,81052526,24509636,45631671,,,116.22633577296,11352.37126816544,2.7511900000000002,542.0961673743815,12843,1911,1.592083,94.60000000000001,,59.9,52229824.65,233596617,143312895.93474
2016-01,20,7239846.34999998,1763547.05,3996804.15,1346624.1,61052.75,96565925,5876869,39664909,47041621,3465033,654192.45,1231254,417172,962429,221449.45,1078900,99976.05,237765,98808.1,220533,1158.75,69898,1609994.15,4201325,1492078.65,27673072,126048.55,156458,143147.9,2474846,37209.55,134620,123.447145357101,4.08475699348914,,,,,,,,,20,144793645,82239435,27280208,35270941,279.04709092881797,26.66856589953042,127.53190238119,11154.531562899272,2.5687100000000003,519.8232589182938,11751,1816.878694695,1.514888,93.5,77232080,58.93,49337290.2,332403605,180195445
2016-02,21,7203752.42857141,2025918.42857143,3843504.0952381,1219630.76190476,70133.8571428572,107308786,6925478,44615752,51587590,3826561,740826.809523809,1385471,492478.476190476,1136905,286156.666666667,1247601,112735.095238095,247470,109498.333333333,219958,896.6666666667,69717,1651421.19047619,4441244,1301169.04761905,30942605,119880.904761905,153424,124095.952380952,2685262,26670.0952380952,136050,120.695880810711,4.00047448814165,,,,,,,,,21,151275890,82578740,26145068,42544287,307.54289085295386,28.064410441972104,124.69635532947001,11104.695020561714,2.917561,532.7129573507432,12751,1833.412733655,1.557834,90,78721480,52.59,47736154.65,300265155,230395285.007329
2016-03,21,8169134.85714284,2565175.66666667,4403868.85714286,1107859.47619047,43208.619047619,98845808,5667469,41984100,46803166,3994635,842000.428571429,1225408,674225.666666667,974244,397292.238095238,988802,136394.238095238,269353,123311.523809524,193374,1188.7619047619,71783,2088042,3791092,1201883.71428571,29609717,130864.666666667,113886,121489.523809524,2374648,33530.0952380952,153357,111.735127717694,3.54706343849508,,,,,,,,,21,171548086,94160810,23500389,53868689,335.3872459009686,33.59452386655209,115.28219118546001,11116.286742408827,3.070389,538.1653547960019,14184,1858.8841540519998,1.497614,88.9,89702531,60.8,48089568.55,255754867,135137785.797675
2016-04,21,6086808.47619045,1664769.80952381,2985534.04761905,1348397.76190476,37199.4761904762,111111654,6103701,44493956,55814289,4190148,658441.571428571,1450815,397089.666666667,1035041,172138.476190476,916044,87391.7142857143,246705,91949.4761904762,218879,535.2857142857,74202,1306194.0952381,4020163,966687.095238095,31347633,111425.428571429,128698,103233.428571429,2524373,36987.2380952381,205039,100.596803815325,3.72389608146381,,,,,,,,,21,127817842,64232579,28616852,34960166,453.5225670577121,129.4313428199996,104.32069992439001,11148.146998930266,2.919587,530.1076127899959,13260,1877.2700249870002,1.4526919999999999,87.4,61063297,57.8,42560306.2,416341858,155955887.3872
2016-05,22,5923838.72727272,1618785.27272727,2820567.95454545,1402856,33684.4545454545,113111016,5881306,47967607,54540040,4160564,610362.090909091,1472921,450926.045454545,1214362,180079.727272727,960352,88652.4090909091,272823,76929.7727272727,246052,535.0454545455,64658,1241143.22727273,3951993,977450.681818182,33872742,92756.8181818182,130179,92375.7727272727,2746662,34757.9090909091,214973,96.1000912602959,2.8567236875520803,,,,,,,,,22,130225835.5,63500127,31145157.5,35578755,559.2293243151919,127.26019834924443,98.95681497656,11195.538532562325,2.8880299999999997,522.7728291090157,13311,1843.0947894370001,1.3609139999999997,87.9,60933656,64.6,46117254.15,287827565,125979375.512
2016-06,22,9442814.63636362,2630329.04545455,5189743.04545455,1486138.86363636,45841.9090909091,105685869,5929452,48043553,46687368,4350767,875174.090909091,1327829,701671.681818182,1094480,389084.5,950233,154521.454545455,282998,132650.727272727,221651,749.4090909091,96187,2266117.86363636,4089138,1738770.81818182,34041062,129074.5,110792,143393.318181818,2300872,56446.2272727273,199951,123.89688262982001,4.18917258183883,105.571312005343,18.2984213796856,0.027135769291000002,1.90489857193072,0.148426827558,0.6301495669942301,0.109136533449,1.3965610819068799,22,207548957,116794996,33059291,57678663,642.5654801597815,92.24467050242353,128.08605524272002,11136.77049467076,2.9960310000000003,520.7710993903148,13914,1856.064023210999,1.5798050000000001,83.6,111756583,59.2,43815520.95,377986166,127024547.032
2016-07,21,5468629.99999999,1472901.19047619,2807356.85714286,1094333.33333333,35524.1904761905,108663769,5635967,47554566,50293338,4572248,533508.285714286,1431017,389473.904761905,1153492,197071,986323,74626.2380952381,264260,80772.5714285714,225771,503.380952381,77150,1099972.38095238,3895133,901144.857142857,32832906,80651.6190476191,123763,94839.5714285714,2318643,31858.3333333333,210889,91.8028501570002,3.4376792099525,,,,,,,,,21,114722190,60615921,23286179,30816239,678.0843694311945,48.464784218181826,95.24052939774,11131.749805168394,2.8944790000000005,539.8088178795979,13244,1898.4526314830002,1.5711150000000003,85.11476459655287,57504297,52.9,44485989.05,245623171,87910895.4
2016-08,23,4066976.08695652,1229002,2085831.73913043,681488.304347825,20301.8695652174,111520039,5790043,47739691,52696651,4673252,472994.173913043,1592626,309136.173913043,1344608,163657.217391304,1143759,64244,277981,70950.8695652174,250688,540,76995,851449.739130435,3971705,668263.913043478,33172314,77497.5652173913,129575,84845.9565217391,2509116,31708.9130434783,248690,84.662617207331,3.31392652407866,74.679704825957,9.96291942277996,0.019983645894,1.59955879516165,0.097610358172,0.484692550028266,0.082339145418,1.04972567529875,23,93534491,49378044,15885703,28267046,722.0017555443335,57.81703771678351,87.97654476867001,11152.908955393548,2.871817,514.2166998292672,12255,1930.0045307239989,1.5643259999999999,84.6,46480764,54.1,42415302.2,199722035,126690032.87199998
2016-09,22,7384665.54545454,2560369.09090909,3823443.27272727,902848.636363638,37928.0454545455,109087437,6351503,45251899,51981426,4844733,890892.954545455,1529489,637242.181818182,1224408,407282.363636364,1051008,138971.636363636,262010,145552.090909091,275024,445.6363636364,74348,1726803.63636364,3628061,1023040.68181818,31427889,122002.090909091,124103,93896.1818181818,2292865,40941.2727272727,295348,100.824548189341,3.2987394373905503,89.379846952755,11.425155403346901,0.019531052479,1.49889755358651,0.08703163256100001,0.506902696231455,0.078954389626,1.12695316538558,22,162455964,85901971,20209140,56328120,773.086171364638,74.42735568333941,104.1232876569,11178.237705794563,2.98722,501.6239217079186,12962,1937.354075592,1.4728430000000001,83.1,80989583,55.3,40696369.7125,375874127,154352401.1712
2016-10,21,5452854.71428571,1984298.95238095,2413425.0952381,949965.76190476,47736.3333333334,116327833,6908600,46606451,57038226,5085168,755061.380952381,1737771,436796.333333333,1226237,229976.666666667,1072554,107376.571428571,301541,123030.80952381,308761,422.0476190476,74792,918137.238095238,3601011,770189.714285714,31945652,87538.5238095238,138879,82466.5714285714,2361390,38949.6666666667,290901,90.4229446898213,3.0524537400802596,80.52831334270199,9.85883852320533,0.035720357314,1.4795990142363,0.094965908599,0.380667915851767,0.080009101441,1.0172117999521901,20,114509949,52462728,20369292,41670278,804.2715649320572,49.82540054457714,93.47539845933001,11148.855850020678,3.0539579999999997,490.99486543668246,13203,1957.920262367891,1.50645,83.5,49434964,58.4,43456530.99999999,413315872,133074174
2016-11,22,6901969.54545455,2574936.90909091,3274279.63636364,934291.59090909,35627.8181818182,125071626,7851840,50027961,61279500,5219484,879194.181818182,1739159,610472.5,1261053,375273.272727273,1222421,128207.454545455,336755,158931.954545455,462711,522.6818181818,73752,1163763.54545455,3920328,1231109.68181818,34140848,100809.545454545,136107,119209.636363636,2562044,50980.0454545455,269249,113.34456807834599,4.2294339312768106,97.697073410138,15.611986550700198,0.035494393208,2.060199934261,0.135277452115,0.40591905171618303,0.10965731845200001,1.51838017473262,22,151843330,74333948,20856865,56648612,842.7709944342421,69.59007299133607,117.57400204378001,11243.54831620222,3.406954,487.2352989929022,13313,1970.7035210200008,1.7987510000000002,84.84936975100004,70542883,55.9,42265770.85000001,425413974,146848901
2016-12,21,7485987.04761903,2520346,3866581.38095238,990195.19047619,35575.3333333334,92917584,7499769,40571469,40825996,3466049,813393.428571429,1585454,583781,1252273,420118.523809524,1250461,130763.476190476,306936,144005.857142857,485207,462.380952381,71206,1598929.38095238,3443699,1129890.19047619,28313561,97081.7619047619,138825,106489.095238095,1796370,50233.6666666667,221853,104.575578262584,4.18841650305653,90.509567090545,14.0117521769303,0.054193431309,2.06490038355733,0.158025032951,0.40281756813739,0.11186247681200001,1.45081104159881,21,157205728,83182037,21077513,52927266,948.4490302407127,132.9050623910102,108.76399479993,11363.145403704195,3.1501339999999995,492.54604218199154,13154,2043.3812466772679,1.828509,91.5,78506328,62.1,44323737.95,289728487,152619572
2017-01,22,5725802.95454546,2123517.54545455,2553219.04545454,917458.954545454,53645.3181818182,103862796,7685051,44144072,47512287,3629388,760639.727272727,1806537,508720.636363636,1326734,265638.136363636,1203460,103428.636363636,367300,122100.318181818,548774,288.9090909091,73116,887457.909090909,3625692,993982.090909091,30563313,73626.7727272727,154438,97484.5454545455,1967601,42918.0454545455,316542,104.67936056339501,4.38541432392479,92.339676313392,12.3013581529458,0.038298439147,2.2383224775666397,0.15255034268599998,0.44229282155825594,0.125244717979,1.4270039641348902,22,125981409,58626933,20628883,46717386,1013.9448168870832,82.91029445803865,109.06477997437,11337.427638334944,3.453951,495.00917978264306,14535,2073.04839288862,1.8586269999999998,91.69999999999999,55737226,59.7,43781529.199999996,292201090,165995794
2017-02,20,6485984.24999999,2557568.5,2791148.3,973949.599999999,42441.75,118924052,10199839,48956289,54416227,3898130,813347.25,2035481,560305.3,1557556,354051.6,1400656,130281.85,435029,182912.3,670317,263.15,73029,1010550.3,4209100,1013416.05,33296021,76876.55,172949,95507.9,2230614,61664.25,392575,97.8422670489117,3.95866994685703,86.973882607004,10.8295026734917,0.038881768416,2.05122756482603,0.112442515939,0.43163240318118695,0.110244314373,1.25312314853781,20,129719685,58597169,19970220,51151370,1106.9666060327384,107.76347183319118,101.80100385476,11433.965034800018,3.5366219999999995,489.43403857252656,15687.34304563608,2144.206186543,1.826283,94.2,55509995,55.8,42084255.475,201544463,163971079
2017-03,23,8280066.30434782,3004831.26086957,3943416,1186248.73913044,41631.2608695652,119921929,10063997,50054547,53937383,4123957,997012.347826087,1676772,730611.608695652,1190550,447066.565217391,1187503,152543.434782609,403559,196099.565217391,585983,420.6956521739,71210,1552558.7826087,3947952,1091844.08695652,33215068,98280.5217391304,166100,90733.7391304348,2173411,47797.5652173913,365735,123.564196971639,4.30732103625447,110.407045969912,12.6603845156904,0.496766486037,2.17448907170715,0.144868541185,0.468712329712431,0.110451157771,1.40879993587889,23,190441525,93545064,27762138,69111119,1247.237968528156,154.85112501793745,127.87151804541001,11232.294646870965,4.150348,474.43289272441785,15213,2155.60253658659,2.151268,99.69999999999999,88301670,62,48720595.550000004,313233505,166944832
2017-04,18,7745464.8888889,2200425.16666667,3869359.38888889,1479371.61111111,43061.5,131027398,10705422,53933119,60601636,4210667,678507,1905167,422641.277777778,1202974,263151.888888889,1228207,90455.3888888889,407300,143278.833333333,526577,405.8888888889,72308,1143840.27777778,4065919,1575333.05555556,35740162,82179.1111111111,156488,96020.3333333333,2197900,62961.9444444444,320120,96.900573133718,3.4155430385682997,85.019291534698,11.728370382638001,0.152911216382,1.58216278677199,0.10139487621099999,0.37065046724,0.088330009926,1.27300489841932,18,139418368,72867599,26938903,39607653,1287.614806937081,104.91966879577396,100.31617087623,11199.966483712888,3.141158,460.1767238117668,14499,2168.952920836403,1.666064,103,69343837,65.1,46289361.349999994,221545116,123526909.9904
2017-05,22,7429107.68181819,2115518.86363636,3257668.86363636,1906191.45454546,36141.4545454545,127094631,7801378,54636280,59311344,4301645,706281.136363636,2004353,492669.863636364,1335895,287132.045454545,1377669,99039.6363636364,435849,124963.863636364,557973,188.5454545455,74388,961475.272727273,4047243,1274893.31818182,36283227,75010.9545454545,158013,93478.2727272727,2351486,54255.4090909091,287998,119.590820598786,4.0807745819858,105.6747484297,13.883214727672899,0.032857441412999996,2.14656998236198,0.13196564535799998,0.43675968549512,0.11104094208,1.2544383266907,22,163440369,74620115,42275665,46541415,1371.1264164141721,100.16212038050354,123.67160635393999,11256.731905658395,3.9622130000000007,451.51065753407727,13742,2198.5508034895856,2.039455,106.2,69521863,59.4,45889315.6,332667405,140832405.0144
2017-06,22,7997510.5909091,2787017.22727273,3815379.54545455,1272735.95454545,29991.5,109437329,7308163,48016558,48590690,4487879,933297.681818182,1591873,668601.636363636,1316594,470236,1201325,163810.045454545,326888,171929.227272727,480719,287.5909090909,42417,1510736.27272727,3624073,1033467.81818182,32832545,102975.227272727,141177,83781.9090909091,1877609,56103.1363636364,270884,116.9,3.7,,,,,,,,,22,175945233,86255261,28362975,61314379,1484.998800689151,168.3105147379941,120.51126195116,11246.162508899175,3.732642000000001,452.6850591360468,13719,2213.51604150074,1.8553610000000003,103.45020290501178,79760465,64.3,43636378.502500005,229371917,167849563
2017-07,21,4803973.42857141,1756968.71428571,2301205.14285714,629703.809523811,25578.6666666667,113911600,7376364,48701613,52096086,4625787,627262.333333333,1621477,375630,1328468,251283.714285714,1295330,87821.2857142857,316903,102261.666666667,531777,290.1428571429,38770,816992.523809524,3498867,768357.333333333,33105204,77508.4761904762,125363,84866.4285714286,1960329,51532.9047619048,299884,109.1,3.5,,,,,,,,,21,100883442,50474280,13506099,36896343,1569.458127414345,108.94826251960303,112.55773802973,11133.555341270328,3.517183,455.283275070888,13040,2209.7365513612485,1.8005569999999997,106.1726033574263,46415735,58,44607521.05000001,186043955,150423329
2017-08,23,4813406.78260868,1597489.13043478,2511828.73913043,595244.869565217,28807.2173913044,120731605,8354488,50721588,55915303,4838692,548170.956521739,1888491,345048.956521739,1482550,245964.086956522,1511198,70742.0869565217,373684,104372.565217391,588854,315.0434782609,39811,870610.217391304,3595027,878379.47826087,34247791,83806.652173913,128175,82689.0434782609,2086856,56033.7826086957,273891,105.9,3.6,,,,,,,,,23,110708356,59923179,14037417,36742250,1617.7139937414915,83.90291750418965,109.53838753590999,11147.107500858787,3.6702019999999993,451.6981262597598,11534,2222.417745803147,1.7683229999999999,106.73565470630794,54106519,53.2,44624736.45000001,220445760,164800000
2017-09,21,7042728.23809523,2626997.85714286,3370769.14285714,944173.238095238,33178.7619047619,115007676,7592093,47209934,54536093,4980173,887846.095238095,1700053,643135.333333333,1436203,423676.238095238,1247319,135886.619047619,317391,172638.714285714,435448,367.1904761905,36225,1342908.47619048,3381308,890007,32066743,89475.1904761905,120193,70197,1826062,42686.5238095238,322770,107.3,3.4,,,,,,,,,21,147897293,72598498,20105549,55166955,1705.6685554140681,123.05177874139362,110.70338213424,11159.965610659641,3.5541090000000004,446.75826167355524,12564,2245.2868508781316,1.7190779999999999,113.16208613406434,66874866,64.8,44313467.6,326738228,184389016.512
2017-10,22,5263865.36363636,2003643.63636364,2300989.90909091,852462.136363636,40217.7727272727,124015222,8138427,50879498,59084742,5180548,710864.863636364,1934513,500607.409090909,1563868,248233.954545455,1455818,102419.272727273,347770,107644.363636364,479860,203.0909090909,37744,738618.863636364,3658283,888241.136363636,34466637,61647.4545454545,130001,75664.1818181818,2010404,48474.6363636364,323383,102.9,4.1,,,,,,,,,22,115805038,52519211,19199825,44080160,1772.0167958299794,90.24523613054019,106.98275527589,11298.419623434705,3.977719,444.0593936094112,13519,2269.91897063712,1.9571429999999999,115.7,49709803,60.9,47299081.949999996,300038641,188150213
2017-11,22,6058937.45454546,1945286.31818182,3018249.59090909,968357.318181818,43788.6363636364,134992547,8933851,54905377,64825041,5541911,693607.454545455,2161353,446554.590909091,1721498,269300.909090909,1814264,95655.2727272727,377582,119268.272727273,535230,184.6818181818,38320,1063684.54545455,4112423,1063294.09090909,36661353,92217,148499,103305.136363636,2283305,55968.0454545455,289962,138,4.7,,,,,,,,,22,133296624,68755509,21743910,42796299,1841.5609080177467,97.24540889529804,142.76838712716003,11268.96133257027,4.181657999999999,450.2020559990494,12527,2347.9503214708066,2.1115709999999996,114.4232953311329,63819790,59.2,44157830.1,315779704,195210172
2017-12,19,7492682.52631581,2737388.78947368,3582341.26315789,1067193.10526316,26607.7368421053,102070266,8362871,42953970,46053589,4017667,844224.315789474,1743431,677322.578947368,1510108,535650.368421053,1496731,129883.052631579,345526,147900.052631579,485584,307.7894736842,31895,1402787.84210526,3454398,989560.842105263,29374021,100833.789473684,124284,71054.7894736842,1454692,53680.6315789474,255706,107.1,3.6,,,,,,,,,19,142360968,69828217,20503425,52010387,1930.8344194908766,114.34178041959204,110.61772756823001,11235.982626488352,3.7769429999999997,446.6286621775262,13200,2375.71043022229,1.925691,112.5,64488952,69.6,47943891.6,277696418,169494346
2018-01,22,6329609.63636365,2305269.77272727,2728179.31818182,1145802.95454545,64127.5909090909,119893959,9405237,45904374,59336571,4430447,685478.681818182,1827396,570820.863636364,1737257,373952.090909091,1866904,109230.136363636,372995,107894,480704,244.1818181818,32766,899349.136363636,3580463,901595,30199424,79275.6363636364,125608,94021.9545454545,1706650,53445.3181818182,267452,140.4,4.5,,,,,,,,,22,139251412,62653348,25872702,50715935,2694.3105908209764,814.2707537564122,144.90955783855003,11246.547194581786,4.518329999999999,419.30088454302165,12575,2413.0105153763852,2.344166,118.3,57861463,60.9,49476697.949999996,300481401,162876546.392
2018-02,20,8544964.49999999,2475565.05,4353010.85,1524234.2,75240.05,129599872,9029846,50376821,64464545,4939167,833401.5,2000211,585159.25,1757300,361468.9,1934483,115840.15,400996,120214.25,520998,286.05,34491,1406420.5,3824815,1743347.3,33031579,107399.55,128545,139006.4,1847172,81602.1,272792,143.4,4.3,,,,,,,,,20,170899290,90284917,31096635,49511301,3308.387012712079,715.1804161530156,147.72916078863003,11054.61902912111,3.95306,420.88450721317236,13002.2502737925,2380,2.1804569999999996,119,83979487,61.3,43423329.95,366450659,174944781.7872
2018-03,21,9243326.00000002,2993339.52380952,4702152.23809524,1403928.14285714,50550.0952380952,126782473,8455732,49584381,62993586,5217044,932799.571428571,1794062,701924.142857143,1473519,536689.857142857,1629150,162111.952380952,412888,172787.285714286,511018,532.0476190476,33389,1800681.66666667,3914902,1266990,32726634,133253.476190476,115203,94712.6190476191,1727049,67398.2380952381,197783,152.2,3.7,,,,,,,,,21,194109846,101392563,29848685,62860130,4686.537030928965,1731.897731549998,155.90412064106002,11164.364940970623,4.07423,427.7975549628812,12851.614899262899,2359.1966685056605,2.118371,114.5,93077553,66.3,48520662.349999994,318283441,187345747.3216
2018-04,20,7433859.79999999,1944413.05,2893606.65,2472410.65,45741.9,137526852,9079329,50017717,72326528,5431503,713338.15,1961912,430737.15,1591789,272901.15,1813375,94751.8,417279,118244.8,527382,194.85,35017,941943.55,3921185,1033295,32746864,100468.8,116341,84676.9,1741208,47011.5,221576,117.1,2.9,,,,,,,,,20,148677196,59987840,49799107,38888261,5184.784159726,788.739063304,120.00423536737,11241.102909709358,3.707091,434.42855108091703,12543.493714544662,2346.8208120225045,1.8837960000000002,116.76198234502995,55264211,66.6,49494653.05000003,346253205,147695813.23680001
2018-05,22,8361539.22727273,3062485.40909091,3233413.86363636,1905624.95454545,58051.9090909091,142698735,10916079,54434646,70513434,5852380,975203.227272727,2268676,582397.363636364,1880523,531185.045454545,2042807,183793.818181818,385955,176865.772727273,671237,524.9545454545,36686,1016908.22727273,4249984,1112601.90909091,34152512,89690.7727272727,119307,95329.7272727273,1987298,61395,236937,134.1,3.3,119.4,14.7,,,,,,,22,183953863,74020040,42535067,67374679,6478.446152609,1568.857409791,137.45571491022,11424.572092789484,4.114815,449.54332596059686,13551.584278044194,2368.61225920479,2.039439,111.46902200687197,68988526,65.7,51708563.39999999,398148965,155977619.14880002
2018-06,21,9514218.90476192,3256217.85714286,4380464,1709744.52380953,62911.0952380952,124699106,9334124,49502392,58740111,6224849,1041097.52380952,1701801,753682.238095238,1506355,613732.714285714,1748519,136775.333333333,339256,210768.380952381,618027,359.3333333333,29714,1714762.9047619,3767428,986460.619047619,31095041,125679.666666667,93201,118717.047619048,1783605,62372.8571428571,236872,142.1,3.4,,,,,,,,,21,199798597,94867885,36529933,68380575,7150.703653951,1410.371222849,145.44669416472001,11397.0204894241,4.001974,444.0034121581235,13927.83145598433,2418.16732412714,2.031372,110.30000000000001,87525196,67.8,45754849,279607324,130382319.0944
2018-07,22,4994453.90909091,1396535.31818182,2420184.77272727,1061762.18181818,38839.6363636364,134189706,8860509,50490317,67395330,6453894,488427.409090909,1758313,307777.545454545,1521544,207236.227272727,1820044,52498.0454545455,352108,91200.4545454545,631026,93.5454545455,30476,810763.272727273,3631172,691661.454545455,31249658,79990.2727272727,94524,92555.3181818182,1881207,41956,268763,113.6,2.9,,,,,,,,,22,109877986,55357467,23794506,30723777,8310.125574899,1770.358562822,116.44363053236,11353.765447306028,3.802414,432.50171397841495,12672.287103297092,2395.6055149267295,1.961109,113.4,51428247,71.6394957848862,46353544.679999985,246651384,140657494.6976
2018-08,23,5559491.04347827,2027968.69565217,2445855.65217391,934937.739130435,42722.652173913,137841619,10132900,52398706,67445032,6751785,623263.826086957,2021583,422544.782608696,1726172,383348.434782609,1992374,101483.347826087,477372,132540.608695652,760065,141.3043478261,30516,772379.869565217,3596376,789071.782608696,31825336,77188.5217391304,90663,72694,1917739,58507.347826087,287803,117.9,3.2,106.6,11.3,,,,,,,23,127868294,59036950,21923681,46643280,9175.563324181,1481.191549158,121.15152649395,11378.440591889945,3.8243349999999987,433.55490660542705,11638.521840675812,2426.391780541207,2.0098870000000004,110.58410802038313,55011077,68.6040486783012,46192639.6,346165342,150644040.1056
2018-09,20,8492238.74999998,2894279.7,4280785.65,1163393.75,60851.1,133598252,9682311,52029271,63618909,7122712,915738.9,1788940,666011.05,1464192,557121.15,1739325,139980.15,384082,188842.7,580130,197.85,27465,1534929.25,3461058,979957,31662537,106433.6,91690,87880.6,1712490,52089.55,290024,120.5,2.7,109.7,10.8,,,,,,,20,169844775,88039895,23681992,57885594,9087.894967566,1031.050220601,123.23272357319001,11387.82,3.75,426.36,13448.813245306668,2381.19,1.86,108.3250912672607,81131295,75.725733804805,45467161.800000004,498771433,169350929.6432
2018-10,23,7975661.86956521,2530975.2173913,3986212.95652174,1193827.04347826,119422.956521739,148458943,9766041,59013216,70399293,7864441,766130.695652174,1902761,483379.086956522,1436576,444244.304347826,1808539,113420.086956522,412441,148952.173913043,591226,125,27840,1314375.95652174,4140418,1218432.34782609,34735398,124822.173913043,102175,117013,2052404,79233.9130434783,320900,156.7,3.7,141.3,15.4,,,,,,,22,183440223,96241844,28364171,58212430,9797.05624148461,1475.83363172853,160.44925059183004,11367.9656138643,4.4877020000000005,423.56322276519296,13179.508230339992,2397.82183343314,2.172105,99.89287542574914,88444078,74.6944820757446,50247663.2,464840336,191478686.3184
2018-11,22,6794263.50000001,2273397.77272727,3132929.86363636,1201814.81818182,84885.0454545454,156923120,9964134,60914428,76280501,8281159,741280.454545455,2021695,446246.727272727,1639796,374027.772727273,1852779,117835.363636364,484586,156391.818181818,648069,216.1818181818,26351,1061089.09090909,4200871,1012398.31818182,36220371,105717.590909091,103288,107507.363636364,2198585,63345.4545454545,258221,129,2.8,117.7,11.3,,,,,,,22,149473797,71857428,27459814,50014751,10535.650804392,1510.174946873,131.82629336039,11360.1408101974,4.293228,434.9088534318811,13191.151701044331,2376.27360249962,1.97343,99.56832371040802,65416357,71.88669813140912,47739359.699999996,464960626,193399158.4624
2018-12,17,10268694.2352941,2779307,5499750.70588235,1804121.52941176,75177.1176470588,120467829,8465807,51127099,53033908,6493667,928338.647058824,1733647,647079.411764706,1353737,506029.352941176,1707870,109357.235294118,390763,187302.470588235,613184,506.2941176471,14819,2106572.05882353,3747864,1365022.05882353,30826049,140652.411764706,97349,128293.529411765,1620323,69903.5882352941,181024,106.6,2.7,95.5,11.1,,,,,,,17,174567802,96041283,31158560,47248219,7912.870698614,801.395715268,109.24428041503,11256.470038695901,3.8632050000000002,430.74049678242096,14636,2355.3535529624323,1.89471,92.3211387083904,87264160,79.62898771071247,52226695,354861703,158116579.7136
2019-01,22,6717300.09090909,1862737.95454545,3112367.45454545,1538227.68181818,109714.409090909,143918956,9199795,54861440,70686003,7463377,635390.954545455,1796937,402354.590909091,1418979,294842.863636364,1919358,75736.8181818182,426074,121081.636363636,627665,170.1363636364,14220,973132.318181818,3911704,997135.636363636,32509415,99628.5454545455,106710,96068.4090909091,1881402,55408.6363636364,208885,112.3,2.9,100.8,11.4,,,,,,,22,147780602,71195948,35242511,40980235,10357.089039779,3129.62367592,115.17775019902001,11255.0664321673,4.495477,417.6451747510312,14139.444640465174,2364.82019851046,2.1287409999999998,96.21574499455093,65217729,75.14128863750868,51456537,437504027,177961004
2019-02,20,7104831.99999998,2099915.65,3247615.7,1560436.6,80039.15,153981943,9465388,59315996,75133226,7637116,678813,1928918,408402.75,1468414,355847.55,1961250,126010.1,510879,160201.55,683108,159.7,13819,968753.4,4202251,1046679,34546671,99351.8,106011,100269.6,2087841,58530.35,202586,104,2.8,94.4,9.5,,,,,,,20,142096640,68101743,31873463,41998313,12167.667582388,2486.558077003,106.81669641334,11383.2562140742,4.227692,443.0255428513749,14846.881450393954,2421.58398781012,2.067604,96.69434177419295,63084416,72.8135433709534,46607590.5,532380626,182506077.7408
2019-03,21,9678921.95238099,3058051.42857143,4683442.76190476,1728850.95238095,78758.1904761905,150807979,9054775,59112179,72491420,7734629,942054.761904762,1713561,713199.190476191,1280571,567663.714285714,1682722,139140.095238095,476046,233870.285714286,618048,137.3333333333,11344,1625044.71428571,3998689,1115765.76190476,34323442,132199.571428571,98185,101666.428571429,2040211,59130.9523809524,183321,117.8,2.9,106.5,11.3,,,,,,,21,203257361,101208176,36865728,64219080,12898.310508952,2458.766749986,120.676160952,11447.1256415838,4.6669089999999995,445.38463264126943,16760.482675086485,2399.02060112797,2.154513,95.1647982543648,92631244,79.791411421373,54785866.5,465924995,223396765.976
2019-04,20,8041338.64999999,1863110.55,3357826,2681094.45,47921.9,164006122,8508905,63320036,82099662,7673974,640318.6,1776597,416926.1,1263382,271101.45,1714742,74685.75,475749,126216.4,619194,269.85,9256,860016.05,4424360,1217898,37430759,95800.4,106639,122159.25,2321871,53714.15,179904,107.8,2.8,97.9,9.9,,,,,,,20,160826773,69500137,53959381,37262211,14261.535601695,2389.246588928,110.5567153946,11563.144381838,4.673706,453.91183596159493,15612.025440731692,2475.18433217093,2.195565,97.5078025953218,65023687,79.32347676911779,48423097.9,521705145,207103521.0608
2019-05,22,7874520.09090911,2299405.31818182,3310717.13636364,2065666.95454545,62231.2727272727,161422130,8641452,64349244,78367315,7821715,793155.954545455,1680840,500563.863636364,1485961,381156.227272727,1696384,124408.681818182,586046,143980.909090909,676027,25.9090909091,9399,1056380.27272727,4479640,1046662.63636364,37152368,123309.681818182,101499,127295.045454545,2545979,80052.7272727273,175508,131.4,3.2,119.4,12,,,,,,,22,173239442,76392666,46053770,50586917,15244.32725511,2211.238457921,134.5861717484,11552.97714623222,4.844196,447.04267258929036,15092.431386808397,2489.122608961181,2.448245,92.33540697216296,70846304,77.7178389116538,49956717.2,431802723,254280329.8288
2019-06,20,9271064.40000002,2776485.2,4319278.2,2017869,54982.7,135847306,7754473,58856743,60145569,7911130,879761.7,1534118,673338.05,1252704,452369.15,1519603,163300.3,440804,199244.9,604368,127.9,7530,1535938.55,3912467,1050558.65,35079999,124340.9,95029,104047.6,2255912,61697,221090,106.3,2.3,95.1,11.1,,,,,,,19,185421288,88771993,41009465,55529704,11162.48027911,2525.855848553,108.54792882292,11478.2586910582,4.411621,451.0747451907601,17107.7055798937,2488.00632452475,2.047,95.5104627347097,80483725,86.3007852604279,51645107.7,431030930,219367094.4928
2019-07,23,5651822.56521739,1751792.04347826,2790544.69565217,944949.739130434,46445.6086956522,145022589,7787545,62230452,65611696,8107044,598961.043478261,1653267,374689.739130435,1167596,220299.695652174,1537895,100496.47826087,439461,125327.695652174,576928,63.6956521739,7549,828875.913043478,3891232,929575.391304348,36675008,102615.652173913,91107,99420.1739130435,2445836,70330.3043478261,274144,112.1,2.9,101.2,10.8,,,,,,,23,129991919,67355969,22187231,40291217,12700.072385776,2631.270036982,114.91575526460001,11560.9560341778,5.162025,459.9047206036821,15620.6761621984,2525.74277214996,2.567825,93.5316281548632,63118375,82.9812608862914,49017303.8,460194701,263153858.9952
2019-08,22,7110689.95454546,2168713.54545455,3608294.31818182,1138142.63636364,65041.0454545454,153715514,8701445,65301473,70008925,8385191,707555.181818182,1731037,453391.909090909,1318008,328986.363636364,1658280,109507.272727273,469855,127987.272727273,554191,133.5909090909,8011,1205421.5,4057842,1061196.90909091,37735580,124478.454545455,94277,125670.954545455,2515581,95618.4090909091,227602,117.4,3,102.9,14.5,,,,,,,22,156435179,83007656,25500602,47711698,12821.435833697,1251.755355116,120.40916516196002,11502.16195768235,4.6016449999999995,463.8037113486992,14498.57733836358,2512.3133399118174,2.408425,90.90778512289668,76829267,83.0027538063333,47863176.7,410050048,223086732.432
2019-09,21,8829816.95238096,2788852.28571429,4561263.0952381,1285060.80952381,66563.7142857143,149746575,7861971,62548668,69180336,8605345,861482.047619048,1399752,559786.333333333,1074258,477550.761904762,1432926,139943.619047619,418833,188178.095238095,465055,114.0476190476,5864,1541655.9047619,3597617,1200191.71428571,36648560,109730.19047619,89251,118678.142857143,2427608,55085.5714285714,205653,109.7,2.5,98.7,11,,,,,,,21,185426156,98094709,27634203,58565898,12253.178341586,1573.406146925,112.19060898157,11648.0331371666,4.691939,445.7893551394614,16853.0393128803,2548.77165505429,2.302455,93.8545049569723,90400243,94.9955322939271,47842858.6,568928537,195866471.4608
2019-10,23,7145791.73913043,1806212.95652174,3341101.69565217,1773771.65217391,58411.9565217391,169450340,8089284,66467363,83995714,8674167,606684.217391304,1444408,363374.130434783,1138508,244363.739130435,1466320,75474.9130434783,450842,132691.956521739,549513,94.7391304348,6149,980708.739130435,3665963,1129383.65217391,38450220,102216.52173913,99111,131898.217391304,2680454,55304.8695652174,205960,122.7,2.6,110.5,12.1,,,,,,,22,164353210,79623957,41168000,41542898,12464.343739681,2779.935348942,125.24466336948001,11649.4423881677,5.00665,448.4157933121869,15847.350002571,2516.65206072293,2.511072,94.7249511796918,75178448,83.9105713475897,49241455.7,587208146,214048364.8592
2019-11,21,6582510.52380952,1871515.71428571,2975061.90476191,1519044.23809524,62668.9523809524,169050777,7645516,69008331,82166493,8524702,659146.952380952,1525216,360521,1238295,290711.619047619,1484497,104845.619047619,479401,130426.619047619,568670,101.2380952381,6109,816603.809523809,3829657,986725.190476191,39248405,86866.1904761905,97981,137054.476190476,3218171,47167.9523809524,213428,113.4,2.7,102,11.3,,,,,,,21,138232721,64425772,32734989,39301830,14318.720362892,3034.02726632,116.08905798263,11867.728508806,4.845151,482.0808157539446,16432.577341309,2622.69932942525,2.532215,97.6716174852993,60073253,80.6355129436184,47145954.2,500599823,194966718.6896
2019-12,18,8893494.72222224,2376941.77777778,4624827.61111111,1703441.38888889,45718.9444444445,126625804,6814146,53616276,59394500,5818351,798263.722222222,1356478,544585.611111111,1061724,418824,1342874,120178.833333333,412321,178912.833333333,532497,106.0555555556,4774,1590432.66666667,3392722,1063308.83333333,31008749,119401.777777778,83965,130695.666666667,2267970,60193.4444444444,187105,97.9,2.5,,,,,,,,,18,160082905,85290944,30955956,42784952,12886.332177538,1592.631363735,100.37142162322,11819.4224876679,4.469957,449.5689817355627,15659.5810550907,2662.61071812884,2.498621,98.98501913549501,76728080,93.1703894088379,53694024.55,482408314,190612082.82
2020-01,22,6614659.72727275,1880958.68181818,3410152.09090909,1122503.27272727,74735.4545454545,144028379,7530829,58646396,70116371,6247232,657073.5,1421688,390213,1110770,279244.545454545,1432848,99996.5909090909,449306,132350.227272727,554388,65.4545454545,5115,1029199.54545455,3467949,1084968.09090909,33648864,110759.681818182,86008,133598.5,2509842,73559.4545454545,266682,123.2,4.1,108.7,14.5,,,,,,,22,145522514,78293916,25460144,41381091,17042.573447613,5280.475647449,127.29852999227,11953.8757416061,5.407611,478.2904616843248,16457.0983443652,2777.26952205013,3.023651,96.1650190599441,72759226,82.2386781249659,53356437.9,558024567,252455586.4272
2020-02,20,9483397.75,2583255.5,5229652.25,1382976.9,102941.75,163371928,8050128,66521116,79932636,6755273,918166.55,1688409,502924.75,1189009,425979.45,1479458,147253.4,634514,210355.9,727079,98.7,5366,1673092.35,4485069,1634603.4,37527012,134022.6,90379,179968.75,2800773,105330.3,303379,153.8,5.6,134.2,19.5,,,,,,,20,189664717,109069429,28343728,51665110,18109.881296297,2290.204371858,159.35979019946,11989.3898005289,5.411297,510.9158765522711,18103.6863266617,2779.93096494124,3.085659,87.10137977912899,100974412,92.7347294210542,53653255.3,567371244,230881020.7648
2020-03,22,13454102.3181818,3097323.86363636,8486906.63636363,1443932.86363636,169577.045454546,155318083,5605569,69033011,71816635,7274537,1035952.18181818,1044314,605616.863636364,898622,521576.363636364,945441,199673.954545455,315577,271289.454545455,425258,230.6363636364,5048,3524556.59090909,4618016,2315771.68181818,41444262,165943.954545455,90690,174855.818181818,2619648,106131.909090909,171280,259.6,8.4,225.7,33.9,,,,,,,22,295990251,193153561,32560571,68141125,17575.054136389,1659.337354196,267.93672292080004,11478.2276406409,7.493036,523.8653114132755,23744.0040326506,2502.29975313581,4.653825,77.055182089292,180300066,109.719676953251,54232675.9,678107734,277334423.028344
2020-04,20,6068739.79999998,1481994.7,3408023.05,1029734.8,85904.4,155292608,6195632,69849922,71097709,7504841,475057.85,1118885,290483.1,865814,233470.45,1126529,89078.85,314670,106344.35,425754,139.65,5226,1281153.8,4719164,1069189.2,41611825,93803.35,94034,81285.2,2533887,26845,133899,141.9,5.3,123.5,18.4,,,,,,,20,121374796,70057170,21162887,29639894,17942.965886626,1870.400071264,147.16203984796,11634.3084893652,6.318211,554.988028989587,17346.78199470269,2453.30173045624,3.275193,81.61046959298852,67017178,82.0948220443425,50997600.6,662635818,215706616.432677
2020-05,20,6091859.65,1809830.2,3230143.05,938232.400000002,61129.3,162758861,6145344,72222139,76126336,7655878,585186.75,1221615,370393.45,1050572,352965.25,1374636,87053.9,365537,134813.25,524797,74.15,4553,1098049.65,4697651,1018782.35,41801699,80152.95,92387,75750.3,2564392,25791.05,127864,135.4,4,119.8,15.7,,,,,,,20,121837193,66140671,19271808,36196604,18959.656622877,2838.066684962,139.41239185000998,11808.3652515964,5.76551,569.502719100309,15278.3299090216,2512.90111008168,2.940101,84.9257324577772,63321740,74.1250591826441,51235214.6,497408362,191673582.795986
2020-06,22,8773889.6818182,2332058.36363636,4982734.81818182,1291688.95454545,66971.7272727273,141749977,6181562,63169611,62971763,7991706,774338.136363636,1064284,507673.363636364,950366,402034.272727273,1351275,128598.136363636,354290,191768.909090909,455081,149.4090909091,4577,1778440.45454545,3930297,1326733.86363636,37570377,113443.363636364,71120,94489.3636363636,1900829,34074.5454545455,116843,166,5.2,147.6,18.4,,,,,,,21,193025573,111718927,28959737,51305284,18879.343992922,4383.825940749,171.17753287426999,12044.00408015,6.374071,564.832809928667,14785.328024025,2612.53346360173,3.271624,88.10170623829644,104332515,87.5463684728563,50563125,499726172,183643834
2020-07,23,4906018.21739129,1468508.39130435,2551722.43478261,715320.173913043,48495.2173913044,146270644,6494474,63842018,66011654,8012058,469864.217391304,1084002,334812.217391304,963027,251330.043478261,1584510,69354.347826087,386600,126543,482351,66.3043478261,3496,870161.043478261,3801282,764673.347826087,37564457,84642.3043478261,63701,56512.3043478261,2021570,31782.652173913,98625,118.4,4.9,102.9,15.5,,,,,,,23,112838419,60312358,17129371,33775693,19488.125179191,2280.640082399,123.32972166288002,11991.1352730931,6.053261,554.569851177221,13366.0272010316,2659.15487805359,3.215754,88.3355461354864,57355330,82.8897037175274,49959799,448695053,161103464.637867
2020-08,21,4477260.23809523,1722415,2109701.61904762,563530.904761905,25433.4285714286,149046162,5912633,65074662,68515902,8150942,589923.238095238,1207650,372475.142857143,952428,321019.571428571,1533277,71424.4761904762,390701,151544.428571429,516492,75.5714285714,3615,708218.857142857,3697297,629874.142857143,37838087,69208.8095238095,63123,46623.4285714286,1991315,31205.2857142857,106460,95.8,3.7,83.8,12,,,,,,,21,94022465,45423657,12150517,36170715,19265.89824372,1505.699417914,99.52417810701002,12058.326380875,4.859338,531.035432421519,11569.7819357,2732.84162492806,2.787829,91.1692891640333,42472093,79.358625422596,47738486.2625,386206398,145163883.5632
2020-09,22,7395950.86363638,2438415,3902812.90909091,921405.818181818,49059.4090909091,143681934,5945844,63094391,65314916,8357611,739703.136363636,1122797,510804.454545455,897844,521730.818181818,1417798,152359.5,389020,212066.818181818,493957,91.2727272727,3456,1379848.77272727,3354269,896715.954545455,35915457,94504.1363636364,59767,62460,1797504,41960.5454545455,125223,124.9,4,110,14.9,,,,,,,22,162710919,87701844,20851698,53645130,17771.103580276,3183.523468032,128.90264917461002,12137.7694944976,5.427999,515.618626822132,13567.9531502267,2771.55652399072,3.101513,88.9219336861036,80510320,87.2893577853485,47843944.7625,484670425,160189458.432
2020-10,22,5725908.22727275,1821536.09090909,2879467.13636364,871341.727272728,67286.1818181818,155727707,6457786,67161167,72423355,8763145,592018.818181818,1205036,304649.954545455,974950,352373.909090909,1464311,129407.045454545,391363,148774.863636364,490431,49.5909090909,3979,940749.272727273,3621584,917519.954545455,37812033,85944.7727272727,66162,67000.8181818182,1929280,42377.9090909091,119080,119.4,4.3,104,15.4,,,,,,,22,125969981,65941964,19790112,40073794,19013.4780631719,2717.957945253,123.73386719078,12123.9708375514,5.466761,515.877373851097,13217.3152146252,2827.80430962288,3.287912,83.4764059493987,62928272,79.0209711892138,53792953.325,570555898,187922486.233603
2020-11,21,7120535.5238095,1902139.33333333,3904811.71428572,1094444.95238095,97152.4285714286,163818077,6648920,68962583,78183488,8839581,634996.714285714,1344598,343388.80952381,1040225,352389.19047619,1441260,103753.142857143,381382,159620.285714286,578754,77.1904761905,3865,1076375.0952381,3286062,1251698.28571429,39376624,74659.9047619048,67217,74542.9047619048,2033171,41610.2857142857,131120,150.7,5.3,130.7,19.9,,,,,,,21,149531246,84899782,23975877,39944926,18535.302035601,3641.745193377,155.90526697925,12131.362486867,5.957585,527.089585346135,13978.756537669,2871.83835483766,3.668147,96.65270407588929,80245806,88.9659141050949,52428533.4875,596975359,200728586.5984
2020-12,20,7446263.60000001,2328820.15,3807167.7,1185575.15,49090.45,122135249,6516415,53809392,55081285,5873126,735819.55,1115217,477988.45,959919,438331.4,1226490,135590.05,349918,190651.45,529352,124.1,3733,1164878.8,2917794,984400.05,30447850,67933.95,53576,71733.3,1255914,35671.05,104455,117.9,4.8,101.5,16.4,,,,,,,20,148925272,78028397,24121753,46576403,16580.013003091,2410.151162839,122.68407711108001,12226.32140722,6.467553,509.757598358784,14045.1180175549,2955.68547173089,3.878806,100.406349768965,71013757,96.8456671261688,55806856.5625,505382339,205568756.432
2021-01,20,6477453.84999998,2179725.35,2937183.3,1160648.7,83685.55,136225378,6553033,57638911,64539987,6253148,731032.75,1177585,386900.85,1010396,349548.3,1424970,147359.4,334889,184592.4,565440,25.35,3483,871351.65,3237282,976867.3,32347521,55873.1,59582,66198.45,1530037,56250.75,141261,137.9,6.7,117.9,19.6,,,,,,,20,129549077,61815158,23943964,43594507,20389.620591291,4983.812453506,144.53663429134,12363.2293532041,6.810869,503.996961166244,14129.5955259613,2964.95412822485,3.4549400000000006,99.02094429947,58371457,88.3296146660972,54748096.475,464536263,249417831.1856
2021-02,20,7098429.64999999,2774620.1,2937767.1,1179234.95,83815.55,150171050,7543245,61414180,73001198,6594400,994238.25,1400529,528061.15,1162144,332620.8,1469885,166421.5,368814,252190.55,649362,67.85,3649,839522,3385839,1006265.6,34332987,56736.9,66721,59247.7,1555520,61292.7,151582,126.7,6.1,107.5,19.2,,,,,,,20,141968593,61664028,24533852,55492402,19902.725850537,3270.507135938,132.76569004896,12528.9919950238,7.939893,522.377001907366,15323.01948851,3036.58944327884,3.6778660000000003,101.912643767362,58720029,89.6592278169291,52483266.925,571239883,243507221.24801
2021-03,23,8477856.95652173,2872659.43478261,3948547.34782609,1477487.65217391,64410.6956521739,143907883,7233940,58645841,70101139,6873695,947866.347826087,1221214,609808.782608696,1064991,434855.47826087,1436492,189620.913043478,324555,248777.347826087,573488,111.4782608696,3915,1261394.56521739,2999856,983483.695652174,33293602,73945.3913043478,66766,66718.6086956522,1412163,58402.5652173913,132650,169.2,5.5,146.2,23,,,,,,,23,194990710,93759488,34726296,66071167,21226.20186542,4154.956846052,174.74794573521,12715.7809975024,8.285329,531.176706417452,15918.5508339339,3078.23762836961,4.118952,108.781392679337,86672687,96.7186046918339,55943468.875,581584235,209612267.0048
2021-04,20,5986181.1,2033242.65,2456478.9,1343660.8,71844.3,153495212,7576405,62253476,75418018,7333169,715145.65,1434868,389309.65,1163430,221205.3,1463166,150621.95,318292,187363.7,637012,81.55,4532,679047.75,3106638,886597.7,35291370,49354.85,66227,52331.75,1516452,53705.75,163464,118.4,4.1,101.8,16.5,,,,,,,20,119723622,51231408,27797816,40664853,23033.860371123,3330.491281334,122.45468040264001,12784.6645539082,6.0774170000000005,545.959384915506,14577.4659590467,3136.81907062198,3.4873299999999996,110.130688912702,48956172,88.5158036145855,51664299.875,545879461,221214886.168
2021-05,21,6544311.85714284,2358861.09523809,2754602.76190476,1242208.85714286,80328.6666666667,158520076,7404472,64495739,78069325,7584717,809149.476190476,1596692,454431.047619048,1257262,324338.380952381,1593027,159344.095238095,348420,215365.80952381,749356,98.2380952381,4714,808024.952380952,3223519,918227.857142857,36708710,58886.619047619,67001,59702.8095238095,1614732,68478.2857142857,139336,128.1,4.3,109.8,18.3,,,,,,,20,137430549,60526324,27215643,49536083,21743.676632641,2853.139860452,132.38545229838002,12818.9217928616,5.949428,542.790767056565,13555.9047077839,3151.17773507333,3.325366,113.791330457107,57389692,85.0425731956381,52735709.85,512569245,220509368.306929
2021-06,22,7621921.72727274,2629100.77272727,3442065.36363636,1406068.90909091,68761.1818181818,139947967,6339757,58279572,66927782,7495689,891077.136363636,1371755,569718.181818182,1191827,373067.954545455,1176947,169300.181818182,308863,251485.090909091,659212,103.6818181818,3727,1104451.40909091,2831158,794191.727272727,33598607,64839.5,63377,44762.6818181818,1088527,44814.4090909091,149970,119.8,3.8,103.1,16.7,,,,,,,22,167682278,77881559,31823668,57840217,22484.382353684,3536.590114576,123.52243242603001,13039.9462961507,6.187488,547.603157926071,14034.4941606183,3234.22541115829,3.4296949999999997,115.603298107639,71123773,97.7904766161626,47814431.875,517358836,182182208.623322
2021-07,22,5017532.63636364,1750223.22727273,2345483.27272727,773547.545454545,57120.9090909091,147413206,7138988,60825473,70843962,7829947,640177.636363636,1378068,338103.454545455,1322453,225895.5,1259848,99715.2727272727,354481,158162.272727273,630037,16.4090909091,3896,684797.045454545,2937525,694251.909090909,34786931,73454.4090909091,64546,45363.6363636364,1261570,66708.7727272727,140249,115.7,3.8,97.7,18,,,,,,,22,110385718,53925725,17828482,38504911,20423.498295814,4830.276097904,119.47276523938001,13099.4935288688,5.808636,550.68989539021,13337.4592689622,3280.24471993513,3.541421,116.480595375871,50875742,86.9374405745473,50803477.8125,382857217,190651779.9472
2021-08,22,4609401.86363636,1711227.04545455,2057397.40909091,738798.09090909,31628.5454545455,151827390,7116787,61971037,74002733,7891779,557620.272727273,1507354,333583.818181818,1392914,290945.772727273,1450849,100668.909090909,360256,164915.227272727,670998,39.5909090909,4382,559392.954545455,3132151,686153.863636364,35667059,59868.0454545455,66262,47435.1363636364,1320909,46356.0909090909,129260,106.7,3.9,91.1,15.6,,,,,,,22,101406841,47025988,16612935,37646995,20611.553750011,1514.037050745,110.63861748801001,13168.1644153825,5.428494,552.313426579644,12102.600322298422,3337.70954462479,3.3229349999999998,118.69963045526397,43595325,84.0789752765461,50424380.3,478462256,182109425.672
2021-09,22,8162687.63636362,2934913.81818182,3734674.68181818,1313854.18181818,71644.3636363637,150282886,6944997,59839767,74210039,8455343,941353.409090909,1378192,678861.136363636,1253374,406635.318181818,1263800,180449.454545455,334446,263942,567096,72.5909090909,3556,1171764.36363636,2993516,950231.954545455,34285534,86872.5454545455,56333,55766.5454545455,1173975,60508,129140,131.1,4,112.6,18,,,,,,,22,179579128,84799590,29891981,64568104,20698.234330733,4543.853154452,135.10546539117001,13223.2922346181,5.910632,549.2911394491438,14704.1270202231,3379.23578055597,3.493394,113.831636342832,77290208,96.9878903038016,48573311.6375,722896369,255980122.476583
2021-10,21,6277355.04761905,2486861.61904762,2603014.38095238,1017138.52380952,82107.3333333333,157049022,7272573,63007977,77096695,8698364,844898.380952381,1432993,557263.857142857,1371456,355133.285714286,1250390,161650.095238095,344290,171334.523809524,640045,55.1904761905,3862,674854.476190476,2883452,840741.190476191,35998294,68089.8571428571,62700,46651.8571428571,1220853,51967.380952381,163680,119.7,3.7,100.2,19.4,,,,,,,21,131824456,56918589,22548236,52224094,20498.65732669,1099.911344404,123.48845221280001,13208.0404674485,5.797119,560.746198554821,14727.4577004987,3347.0991799244,3.667494,118.150041085149,53527686,94.8246276608843,53694037.4875,749824620,349614633.563892
2021-11,22,6481908.31818182,2286138.81818182,3009639.31818182,1027824.09090909,75151.4090909091,167621631,7199791,67421112,82942960,9255636,749567.590909091,1335265,465747.272727273,1380714,335100.045454545,1257351,144562.954545455,322530,182443.590909091,574935,56.2727272727,4713,700877.590909091,3088008,1053144.22727273,38256121,69561.8181818182,78125,55069.1818181818,1346558,57192.4090909091,166003,155.4,5.3,131.3,23.9,,,,,,,22,142601983,68708076,23537853,50295054,21255.16976297,4934.624724694,160.63667366696,13464.5435589458,6.769128,578.127295766227,15792.112295551,3453.08221705415,4.251544,113.41630674914,63964782,102.345084437785,53343243.9,621936093,386435462.453249
2021-12,21,6959565.23809523,2226425.14285714,3466102.23809524,1141286.09523809,34328,124715991,7134920,51315823,59777390,5809071,675204.761904762,1243915,517782.142857143,1364835,349076.80952381,1254972,138495.571428571,326001,180797.333333333,571916,14.380952381,3709,1097700.61904762,2677946,873474.571428571,29206474,72846.6190476191,57549,40555.380952381,796096,57205.2380952381,151706,126.3,3.9,105.3,20.9,,,,,,,21,146150870,74816866,24345624,46759374,20076.633922319,3496.931125335,130.16023714944,13438.5770605736,6.074295,566.950713126928,15315.9802110829,3437.62022892111,4.251544,117.871238863692,67220918,107.684858495529,57265291.975,627084649,450824501.740107
2022-01,21,6352352.7142857,2152687.76190476,2982028.14285714,1021129,84559.380952381,137473723,7634785,54983562,67629643,6407677,707479.476190476,1321804,436714.476190476,1535171,296508.571428571,1280094,131973.571428571,387016,171852.904761905,592099,11.0952380952,3776,780397.428571429,2938379,877723.571428571,30399429,86563.8571428571,65414,51775.4285714286,1012562,81047.3809523809,183340,151.142156942957,4.62498254146821,124.5,26.7,,,,,,,21,133399407,65713434,22334529,45206443,24560.390138199,5801.867788518,155.76713951024863,13462.4941120997,5.942202,553.147325611311,15534.145509559,3444.84107269157,4.189791,115.647370527578,60528214,101.819278573175,54570957.2625,615623711,411549957.582883
2022-02,20,8320423.5,3280155.7,3760111.05,1049497.55,98481.4,150648188,7953529,61308667,73308912,6959536,961977.55,1237364,739938.35,1698113,536893.75,1387991,207991.7,462380,247711.85,649162,40.4,3878,993255.85,3707448,1120894.8,32848498,85188.95,81314,58994.55,1138444,79329.95,205989,168.222922719067,4.73120227728103,140.6,27.6,,,,,,,20,166408470,78847757,21702394,65603114,25932.971477041,2888.755357293,172.95412499634804,13372.7625342672,5.991492999999999,573.158349352877,16868.71298749111,3337.30132627423,4.115181,110.73395510222,74071236,104.049376553863,49931590.7,733234426,386502495.474572
2022-03,23,10703808.7826087,3531465.95652174,5409078.17391304,1543216.43478261,125730.043478261,148894528,8036203,61512638,70838093,7547254,1007131.39130435,1204238,839851,1591801,580211.434782609,1384043,202871.043478261,402504,277891.913043478,557532,56.0869565217,3272,1634389.56521739,3736869,1366419.30434783,33190992,87145.6956521739,65671,57414.9130434783,1059950,54928.7391304348,144812,212.139801195597,4.86713583454066,178.8,33.3,,,,,,,23,246187602,127944248,36679272,81303055,27162.212793481,3768.70759257,217.00693703013764,13196.4267125097,7.182269,590.626912287457,18778.5161599359,3271.14616974598,4.933557,111.64425840591,118272554,118.355848690359,52000248.45,657203479,648503557.319106
2022-04,19,7199061.52631579,2587320.94736842,2966425.73684211,1473770.57894737,101280.789473684,158120676,8259477,63982576,77121107,8033700,811664.842105263,1320097,534069.789473684,1633033,473334.789473684,1850882,144390.631578947,470713,224617.894736842,601133,26.1052631579,3411,840355.052631579,4158640,843055.631578947,33697481,57178.8421052632,79006,42046.0526315789,1051377,47915.3157894737,137966,126.53000637602699,2.93230152058448,106.2,20.3,,,,,,,19,136782169,58164910,29336286,49195047,27421.98752262,6476.527721483,129.46230865711146,13401.8230238603,5.74094,591.455586297106,17405.16612303004,3329.23781534896,3.629613,107.294861167003,53753944,121.330370829025,49936065.5625,464090088,486373782.671994
2022-05,22,7113440.81818183,2729564.54545455,3154435.31818182,1082466.5,80796.9545454546,162583810,8322660,66633182,78747216,8156434,859109.636363636,1444203,583612.409090909,1842424,505675.272727273,2016538,174172.772727273,548536,222074.227272727,677091,16.1818181818,3405,945729.954545455,4501028,962067.318181818,34631452,66636.8636363636,79367,51782.5909090909,1194652,45809.8636363636,106191,138.078821466969,2.9855318356427496,116.988560701725,21.090260765244597,,1.33116985250051,0.14553791448249997,0.242953399305981,0.066012903889,1.19985776546476,22,156495698,71668111,24644337,60053260,26890.143803738,5940.221422372,141.06435330261178,13262.0546909217,5.795603,595.852851790305,17274.224506982,3217.11491107225,3.820688,108.107542934602,64988368,111.664044794508,49652574.4625,488639863,578870855.125366
2022-06,22,9584529.18181818,3726892.36363636,4405500.31818182,1294348.36363636,68664.6818181818,143677000,7727852,61477198,66006673,7740929,1106362.45454545,1215426,827640.136363636,1628828,786768.636363636,2023979,225029.090909091,469335,276444.363636364,596261,61.3181818182,3174,1575675.68181818,4432438,947719.909090909,32214826,80767.3181818182,80723,61526.2727272727,1086677,55710.2727272727,123352,123.894037741593,2.73882313202421,104.317918576294,19.576119165299,,1.15946873767027,0.1524292142567,0.252197861331736,0.060428317505,1.11429900126051,22,210859642,99309825,29198275,82001082,27247.351373647,2787.835016281,126.63286087361723,13347.1640727986,5.602049,590.617173686019,17859.276658538,3203.39453284212,3.690389,99.6186241004244,88478879,123.610258785369,50409175.5625,426625174,511513197.28875047
2022-07,21,6109586.19047617,2396685.61904762,2803769.80952381,751781.904761906,81705.1904761905,150299666,8289808,63914182,69223217,8070897,710911.857142857,1226661,499749.476190476,1511578,511088.619047619,2326872,143223.380952381,442942,174093.523809524,558818,13.0952380952,3216,869259.095238095,4577383,762140.142857143,33584798,63084.1904761905,80696,54803.0952380952,1213594,53286.2380952381,172138,102.244967118283,2.28666475884013,85.37752439325399,16.8292600592788,0.038182665749900105,0.98679398069626,0.10428902037690001,0.217345553575312,0.054043396507,0.9241928076846591,21,128301310,61354555,16432223,50405423,27093.016622086,6212.991279163,104.53163187712315,13336.2810962954,5.28587,602.9402616624876,17692.0026876078,3191.81899478225,3.386118,102.917105635763,55930014,116.912381896624,50501292.0625,369891584,621494188.944
2022-08,23,5373485.69565217,2150571.30434783,2478576.60869565,643656.086956522,47451,155789827,8173955,66532599,72170095,8185908,598050.47826087,1245441,454646.47826087,1679839,507606.173913043,2463608,108098,475136,157426.956521739,567186,13.5217391304,2980,740891.043478261,4727717,747172.217391304,35014653,55878.0434782609,92085,51748.9130434783,1393257,41522,165560,96.6483471245485,2.58292574542741,80.3976320223369,16.2507151022116,,1.20325595470654,0.1271318549252,0.19511997691976,0.056212453342,1.00120550553391,23,123590171,58739242,15294125,49465375,28792.470501034,3557.117144539,99.23127286997591,13510.2895053957,5.831496,614.450483513452,16508.7997866336,3291.3600545962,3.77402,96.0210802807098,52042984,116.472104985722,50408897,364215832,574942932.214861
2022-09,22,9737185.45454542,3804614.45454545,4858567.40909091,908071.272727272,75824.7727272727,150433244,8294977,65031859,68071378,8313988,1054611.40909091,1262300,837409.363636364,1561298,898001.590909091,2205248,211589.5,445432,262823.409090909,441136,29.8636363636,1819,1660640.95454545,4598199,1115319.54545455,34467693,95179.7272727273,93451,74368.3181818182,1378842,54803.1818181818,158614,111.11475837152099,2.51059500473032,91.7181228472779,19.3966355242429,,0.99053438548168,0.1296454667226,0.227746596599392,0.050521630375,1.11214692555165,22,214218080,109418521,20680998,83709034,26286.431199896,6771.521425642,113.62535337625133,13369.7381599114,5.8456339999999996,587.4681870443575,18378.3615042774,3201.75890857893,3.590933,90.30231051945862,97720279,140.760844422846,49257281.775,358249004,583290904.3328
2022-10,21,6635871.95238095,2530843.85714286,3248737.33333333,720941.761904761,64522,155422934,7587362,66836467,71749470,8587476,793861.190476191,1280322,513918.761904762,1478294,549161.238095238,1911889,142018.952380952,409889,157898.19047619,455325,31.5238095238,1564,981792.476190476,4558656,947100.428571429,35034723,73354,92496,62815,1373291,47758.2857142857,139344,96.01801279971049,2.1424220360806703,77.8874475533175,18.130565246393,,0.8673121658274879,0.1582013824366,0.269636430175978,0.046491714797,0.8007803428436019,21,139353311,70393746,15620725,53171396,28378.558550245,3857.180349518,98.16043483579118,13333.5998088557,5.806572,519.444499804302,17775.3105513413,3152.13421016506,3.370284,93.66956066975409,62547035,124.231121428315,52581068.025,387465006,572878539.3696
2022-11,22,6444192.72727273,2152818.81818182,3313104.45454545,820688.272727272,85665,165702868,7154409,71195729,77662330,8964293,673119.681818182,1321867,486899.090909091,1604285,417455.090909091,1876113,127882.863636364,400595,141499.136363636,501158,15.5454545455,1394,899367.954545455,4678012,1054666,36925472,62358.9090909091,87054,80750.9545454545,1577144,44706.6363636364,148906,112.510170826578,2.58810824445207,94.7354469440954,17.774723882483002,,1.1419325646534702,0.1698929199277,0.394768372132121,0.049686199773000005,0.831828187965783,22,141772240,75340770,18846550,47406014,27343.908255362,7306.887116406,115.09827907103008,13522.2124219574,6.389925,551.6324036320577,18194.15569677537,3128.57544327424,3.585259,102.28816927995844,67151524,121.395922011875,51671203.01249999,477294660,670820716.8189833
2022-12,21,7541058.66666664,2763542.38095238,3701227.23809524,955703.761904762,43332.1428571428,121451258,7410544,53961356,53537036,5871992,807872.523809524,1222384,620484,1544325,559895.380952381,1697853,160819.333333333,447024,183146.476190476,470360,3.9047619048,1089,1326630.38095238,3836722,743857.476190476,29177580,68585.4761904762,68185,48121.4285714286,1129335,47852.619047619,133356,89.824199472745,2.19000827136099,74.1691928880268,15.654955974400101,5.06103181e-05,0.908232017647818,0.1166221697203,0.39308340471340397,0.045512997931,0.7265576813484711,21,158362232,79583087,20430133,58066050,26186.109827915,5293.929436067,92.014207744106,13568.8768467151,5.998596,552.334774079755,17925.6246382862,3144.50810772386,3.443028,98.0892711497693,69579568,127.567061522095,55411743.05,391861355,622753235.439852
2023-01,22,6574140.09090911,2487980.31818182,3010976.13636364,912564.818181817,91725.3636363636,134911808,7668813,59920245,60173161,6308874,776208.5,1252873,558813.318181818,1584730,404819.227272727,1782566,148921.318181818,472462,162220.5,473499,12.2272727273,1004,814259,3741489,886356.136363636,31745590,55000.9090909091,78368,66795.9545454545,1485001,43168.9090909091,146328,103.934518149908,3.0140234476964203,87.97246679601601,15.9619635848806,8.776901159999999e-05,1.35790796820801,0.13133888999600002,0.442244462610577,0.050458154645,1.03207397223683,22,144631082,68740872,20918754,54749487,31083.218528363,7376.79728982,106.94854159760443,13812.2675701696,6.417574,542.358488707462,16879.280694850666,3189.35909411399,3.659493,106.500509576068,61749513,113.623728456512,58750031.16250001,586312828,694193026.8381
2023-02,20,7305860.39999999,3068553.35,3252364.25,803599.749999999,83318.15,145369837,8080796,64769204,65071787,6448326,847987,1357877,718502.05,1837103,634694.9,2028414,178226.2,470142,196995.85,498616,28.45,830,953703.75,4027466,948580.75,34013288,73107.3,73958,70624.2,1652955,55724.6,151946,110.377608169007,2.93273276155993,95.65229262207491,14.725315546931801,,1.27694523255007,0.1161375622216,0.527803122937857,0.041896469221,0.969950374629394,20,146117208,67850714,16741130,61371287,31473.207019924,7350.076588167,113.31034093056701,13979.7813093305,6.302252,550.643442663631,18542.151082527897,3227.35380832813,3.597751,109.13729752076851,61670178,123.473182617972,53199131.00000001,589620771,580872242.6877999
2023-03,23,11344141.3913043,4333761.43478261,5466931,1327589.43478261,98562.5652173913,141569419,7059245,62743622,64226016,6667694,1172005,1055179,992444,1311614,1016264.17391304,1564019,253602.956521739,394461,269637.652173913,384096,34.6086956522,494,1663331.13043478,3520565,1141452.91304348,32419874,94366.4782608696,63143,72260.9565217391,1389525,70328.0434782609,128174,136.419557092472,3.79265477335698,115.08679164182001,21.2659011762402,0.0668642744114,1.35346461019075,0.1645166080935,1.04594979076179,0.053674503779,1.17504926053194,23,260915252,129695483,31209739,99697989,32135.563115031,3929.939549633,140.21221186582898,14047.0972693963,7.15677,574.0469007815777,18281.648578120024,3176.57338163129,4.157867,110.05069952473002,118474853,127.399382374545,65234294.7125,694887492,672224964.3119768
2023-04,18,6429280.94444445,2304584.05555556,2724883.77777778,1248199.94444445,87550.9444444445,145397481,6457532,62930281,68143509,7076719,726865.888888889,1073438,516933.111111111,1276513,436721.611111111,1524435,159869.166666667,414343,157442.888888889,378327,10.6666666667,417,707257.333333333,3611787,870855.5,32522402,52829.6111111111,67653,63349.5555555556,1549931,39387.5555555556,135369,83.1765114034376,2.4423317524882897,70.73800186830749,12.3569157255298,0.0815938096002998,0.920259056712194,0.12329336691859999,0.6942898929184149,0.031412355411,0.673077080528083,18,115727057,50750676,23423291,41494599,33125.698610465,2863.480802265,85.6188431559259,14076.21788408812,5.390594000000001,609.7910370558692,17301.080442831008,3204.267771701288,3.2732910000000004,111.09974921460986,46183337,128.071501676333,55500240.25,606412916,519414708.0688723
2023-05,22,6477357.45454543,2524602.86363636,2722626.81818182,1075011.77272727,77406.0454545455,151076878,6278819,65026884,71668861,7204765,727075.818181818,1077038,579161.045454545,1313906,497708.409090909,1772383,186817.636363636,445633,179915.318181818,482413,5.0909090909,406,759016.272727273,3465938,878516.818181818,34528528,60825.9545454545,66885,79463.1363636364,1771388,47777.0909090909,158975,103.794394570882,2.7464006538194297,88.74,15.06,,1.11,,0.59,,0.9,22,142501864,62231988,24556917,55542263,34050.668535157,3332.844255395,106.54079522470144,14238.852975542712,6.161751000000001,664.5045534620972,17092.720426444863,3217.323525903659,3.677274,107.85002221359672,57054784,127.138175080473,56900256,592000932,540534364
2023-06,22,8276286.5,3276748.36363636,3704916.72727273,1138292.63636364,78653.8181818182,130236464,6067013,55872511,60671781,6936298,931815.590909091,1030397,778964,1266945,679011.181818182,1673028,221404.090909091,377374,257786.636363636,379476,0.5454545455,336,1183656.54545455,3077337,966596.090909091,31234780,68303.0454545455,63174,72358.5,1391477,46280.1363636364,172767,103.149620130351,2.86771145999126,89.2,13.95,,1.18,,0.66,,0.87,22,182078303,83700173,25909859,72127850,33623.41602396,3798.643106111,106.01733159034227,14278.7896990545,6.291659,681.1460773578065,16760.657251219676,3247.32293455255,3.841009,109.23132229002005,73825507,129.821547189799,58238628.525000006,702752704,615668421.2302772
2023-07,21,5647252.47619047,2287222.66666667,2503355.09523809,727265.142857144,56027.0952380952,135889603,6174497,57784973,63998413,7153958,692022.857142857,1068141,540123.190476191,1177665,423856.285714286,1746367,139097.619047619,362443,159157.142857143,384744,0.1904761905,336,731373.523809524,2931274,897481.285714286,32693437,54394,57866,61472.0476190476,1442354,47429.5238095238,168914,86.1687016920108,2.75643001122978,73.14,13.03,,1.12,,0.61,,0.87,21,118592302,54387096,15905210,48031676,32492.46812897,6880.04779248,88.9251317032406,14286.6179073559,5.865371000000001,688.3455964916668,15505.065646425523,3259.06934564521,3.606376,110.57203509248993,48865604,116.397473583486,58101005.425000004,547289874,569903898.78765
2023-08,23,5801539.26086956,2385289.34782609,2581090.2173913,717891.608695652,44772.1739130435,141731439,6659658,59581018,67421049,7352242,650202.173913043,1171676,582450.695652174,1291288,525643.652173913,2066983,146810.347826087,396635,156102.043478261,414923,0,336,752665.391304348,2856865,904819.173913043,33708961,55223.0434782609,51863,68480.2173913044,1483938,52214.4347826087,149288,89.56070728929649,2.94148390077924,76.1109682599695,13.449739029327,,1.09322683102799,0.1060607128553,0.6475724098682589,0.038762509556000004,1.0558614374717,23,133435403,61387128,16974218,54861655,32699.446056796,3078.240368318,92.50219119007573,14283.081595845168,6.4044989999999995,686.3699539531298,13927.13481079647,3279.8252016863985,3.8059459999999996,107.39941844694997,54604209,117.057004985585,58237434.72500001,566036879,566062701.3428694
2023-09,21,8410338.47619047,3414550.85714286,3732501.38095238,1086117.09523809,96694.1904761905,137924246,6876773,57293874,65327249,7680820,923896.476190476,1214024,793124.619047619,1161004,761713.666666667,1911884,231816.904761905,377003,227312.285714286,399789,0.2380952381,267,1212086.0952381,2723258,1012810.66666667,32711013,73908.4285714286,49945,77261.1904761905,1333267,48842.8571428571,167524,92.5456718109283,2.5195572808373097,79.8310056505346,12.7146661603937,,0.948664723340976,0.0820685102228,0.6649398821600979,0.035597481093000004,0.788286684020438,21,176617108,80810414,23789970,71705568,30069.049838468,5614.290742288,95.06522909176562,14492.743608480663,6.083388000000001,693.7643714842643,14864.73200962368,3305.3231064315423,3.3884909999999997,103.91046211090003,71284254,142.405952856041,62028846.225,694606458,585157209.4077333
2023-10,22,7325506.13636364,2951453.40909091,3205582.40909091,980001.40909091,82425,149168797,6531496,61112759,72370690,8175585,938294.818181818,1183842,644373.090909091,1112558,543991.363636364,2007041,212254.181818182,364674,193657.772727273,386030,1.4545454545,277,863221.5,2947798,1259940.09090909,35103310,68996.2272727273,59672,77958,1381233,62965.1818181818,193667,92.7875208097183,2.79739405558538,76.611122685388,16.176398124330298,,0.996669768114105,0.1115779375758,0.817276731479303,0.037541355638,0.834328262778175,22,161161135,73341958,22396883,64935507,32497.457594224,4939.945262066,95.58491486530369,14411.574351136938,6.543738000000001,732.4306983895725,15654.974528758723,3244.513014494196,3.859454,99.89055137957001,66433354,126.845891664902,66028642.112500004,814667652,633878074.2818999
2023-11,22,7614386.31818183,3516990.86363636,2931875.09090909,987360.090909091,101206.045454545,154991770,6564941,63551790,75224084,8627160,1013252.63636364,1264178,841395.863636364,1267583,697182,1943118,225838.045454545,396500,201401.136363636,427987,71004.6363636364,6799,727318.590909091,2961083,1084021.13636364,35601813,53677.9545454545,52666,69022,1484926,50679.3181818182,215084,101.44324277828,3.0181054191346504,85.86,15.59,,1.1,,0.88,,0.89,22,167516499,67148777,22813529,77382560,31663.339188809,7106.295202517,104.46134819741465,14462.0921063749,6.792405000000002,759.0718210281808,15714.411546146677,3280.39182528938,3.945735,106.58627591724998,59075973,122.159762573054,63211089.86250001,835454002,709638160.2618581
2023-12,19,8727509.57894737,3658732.7368421,3662011.10526316,1239373.73684211,65820.4210526316,115347073,6300114,48162408,54379178,5615046,1024889.52631579,1088347,819209.368421053,1226202,774567.473684211,1600663,230093.473684211,316356,231321.473684211,376941,77405.2631578947,10180,1154189.78947368,2557226,1009647.26315789,27685588,65510,57587,64497.0526315789,1024160,54459.2105263158,168390,94.1371687923238,3.25834066075827,78.01318924384779,16.123979548476,,1.1603719322692398,0.1277366622597,0.9705816476184941,0.054176965460000004,0.9454734531508271,19,165822682,71662428,24057176,69519622,29942.772424813,6536.090635655,97.39550945308208,14526.6931486944,6.355007000000001,731.1549798983483,16315.695565414195,3388.4014331759,4.011784,110.83924081163408,62197848,140.978766353466,69035172.83749999,706379849,606316096.4235888
2024-01,22,6942991.31818182,3344456.95454546,2657882.68181818,760135.590909091,94570.1363636363,126212880,6832928,51399573,60959821,5985087,1007146.27272727,1126615,744679.909090909,1188100,568735.818181818,1904804,244404.318181818,351404,208573.772727273,383382,59116.8636363636,9802,698398.5,2676995,921126.590909091,28557392,53075.5909090909,58216,53752.9545454545,1108494,58114.5909090909,215653,101.353134426153,3.66069180191426,83.0920255563372,18.2611088698156,,1.33425654503384,0.1438554135277,0.974510175149522,0.053949213764,1.1541204544392099,22,152745809,61387622,17413130,73578053,33537.386932481,6189.833424021,105.01382622806727,14532.0477675561,7.1992,707.8182806273497,15847.516809222572,3460.91799462831,4.489686,111.68170973207788,53991383,124.744520683545,74746438.7125,863648606,707069118.0013137
2024-02,21,7361408.33333332,3681015.90476191,2597452.57142857,904962.619047619,99240.4285714286,137330337,7528000,55352331,66917984,6467385,1032277.57142857,1201299,852560.190476191,1387502,693325.142857143,2220294,232414.285714286,364324,223059.095238095,394525,80382.2380952381,17102,683780.047619048,2665565,951410.142857143,31227635,47743.4761904762,66192,61870.8571428571,1276278,50212.0952380952,181591,104.40990960116001,4.0087201178195,87.8067404723715,16.6031691287883,,1.69774102471034,0.1710074175553,1.00291193006946,0.058529785637,1.0785299598473999,21,154585676,57104640,19897504,77301334,33882.087003582,8253.625887066,108.41862971897952,14722.6438472665,7.411408999999999,732.5773171649571,16574.825315803777,3514.0552243979,4.618274,114.63211348852003,51842412,123.276529337517,67140045.89999999,999765153,608126355.5941861
2024-03,20,10251191.7,4739101.25,3946251.75,1351880.7,111452.65,133885707,6787400,54541234,64083269,7225992,1195423.35,1107861,1071323.85,1129389,976648,2127567,298538.85,348052,285618.1,379190,232302.3,28954,1208333.7,2548383,1023967.75,30830495,58041.55,64515,65807.95,1130038,54958.1,162630,117.164277438729,3.96954282146858,100.438692930727,16.7255845080017,,1.6684531598663002,0.1784507144514,0.874952086383551,0.058679046915,1.18900781385232,20,204963369,81433645,28322722,94782125,33937.460980415,4246.612813784,121.1338202601976,14914.343486371348,7.678635999999999,731.9480930870479,17331.264458850976,3580.206170204484,4.5125340000000005,120.87751981050539,71566857,146.307138028784,72851606,983660677,560011930
2024-04,21,8645495.90476189,3747781.42857143,3208186.95238095,1468285.28571429,89623.2380952381,144562917,7313706,57898233,70698487,7708394,1105624.95238095,1214179,786042.238095238,1168728,694496.666666667,2235269,239813.428571429,349292,229987.666666667,391506,104009.333333333,42350,860176.904761905,2517726,1163424,32564731,55796.2857142857,58666,60387.3333333333,1187975,77058.3809523809,149553,115.82471503737,3.62603262164081,97.78749650649921,18.0372185308708,,1.48440590135432,0.15373262401840002,0.7482296004611779,0.052985594394,1.18667890141291,21,181543674,70447315,31849059,78701410,34264.380877,8061.008745461,119.45074765901082,15004.4286895516,7.689837000000001,705.2727804406801,17097.6546325224,3596.53273019685,4.690434000000001,120.9151997106486,63233299,141.983100551944,68299884,1070638118,576826646
2024-05,22,7332433.45454545,3557959.59090909,2374193.22727273,1233407.09090909,79696.8636363636,147929096,7704216,60830056,70462426,7760899,926720.227272727,1290318,778881.227272727,1403257,709773.818181818,2279444,224553.5,381472,238202.272727273,472908,99296.7272727273,58492,587488.590909091,2615510,878477.590909091,34264092,35343.2727272727,58153,61462.9090909091,1325505,49325.4090909091,178152,111.061599140871,3.1317120300049903,95.55329162816871,15.5083075127025,,1.3345884614635501,0.1141248297159,0.685119445431023,0.043252872832,0.954626420562513,22,161309597,54499250,28260082,78275111,36133.990383674,4665.412850575,114.193311170876,15085.5418111671,8.007263,710.398616550812,16591.067755798413,3620.45350974312,4.450424999999999,124.68318543960996,48076885,139.151269632129,72705842,879826428,620115059.7166333
2024-06,20,10407323.7,4572243.25,4178579.5,1405654.85,97410.1,132910166,7869659,55761274,60524605,7239631,1258137.35,1185159,915841.75,1097799,925365.5,2063079,337404.65,401397,331300.9,549786,90700.7,70938,1192843.4,2245222,1181924.9,31845655,53783.55,55610,59951.5,1038465,76550.15,224568,103.493813643336,3.25276299620897,86.95,16.54,,1.37,,0.77,,0.95,20,208146474,87365390,28892210,91476865,35411.787529561,3996.820200139,106.74657663954497,15137.9420624355,7.6304419999999995,715.1334743313248,17283.177115974362,3719.55395912443,4.309088,122.67761875242363,76941267,164.684612289242,74798859.39999999,818829790,546465460.0557551
2024-07,23,6708777.4347826,2969221.04347826,2602211.04347826,963843.173913043,60962.9130434782,136612747,7135804,55465864,65197811,7499056,810572.695652174,1090387,600671.608695652,1155900,505597.043478261,2174453,229442.347826087,411585,216253.130434783,488618,103330.173913043,110648,685900.434782609,2305172,895295.043478261,31198468,39025.2608695652,46628,58925.5217391304,1114965,58900.7826086957,171773,98.5964456422932,3.20599395018333,78.36,20.24,,1.42,,0.61,,0.98,23,154301881,62972839,22784467,68293644,35789.092138149,7136.546798496,101.80243959247653,15097.0990166741,8.688669,707.5979455110321,16793.40345818454,3768.89442654723,4.941872,124.59744667739238,55007998,144.58012767025,72525120.325,742049078,541734709.1726743
2024-08,22,7029284.81818184,3097860,2801073.90909091,928117.090909091,51364.1818181818,144674434,7481818,58453059,69037476,7802277,867414.909090909,1230705,644169.863636364,1209453,580116.136363636,2166798,232831.681818182,499486,184558.818181818,543359,57007.7727272727,106845,680028.136363636,2264693,1040888.86363636,33144848,40722.3636363636,52451,70094.3636363636,1181762,66385.1363636364,169548,95.59397379334911,3.1674421319854003,74.9,20.69,,1.36,,0.7,,0.9,22,154644266,64585901,20763677,68152920,36321.28907694,3152.871849289,98.7614159253345,15090.0532443224,7.996791999999999,722.3919251032473,15882.240205769363,3750.64366597117,4.6999949999999995,126.93210755785,57533912,145.725914550673,72589176.73749998,861102569,524024337.50989836
2024-09,21,9334855.33333335,4524797.80952381,3284384.57142857,1268459.76190476,75061.1428571429,136977809,7188658,54234757,65797541,7993045,1244274.52380952,1198491,971708.857142857,1193813,925670.904761905,2174302,382192.380952381,428278,311384.047619048,449869,51076.9047619048,107776,1012748.76190476,2078753,856410.428571429,31259728,49847.9523809524,45812,60206.0952380952,1009990,55007.9047619048,111100,100.949507720514,2.88096628269208,83.08,17.87,,1.14,,0.86,,0.73,21,196031962,71722486,27271992,95038847,34114.926869081,6855.228766938,103.83047400320609,15234.2820224511,8.106805,710.5122709591643,18652.545970734027,3798.88888419458,4.4130910000000005,127.56896799798737,62241181,157.873551896908,72221138.075,1076174509,576245950.4495412
2024-10,23,7325757.39130434,3752231.82608696,2215502.08695652,1174056.47826087,77689.8695652174,147227507,7482205,55907552,73587951,8388301,1125235.34782609,1243323,766508.043478261,1238880,733533.913043478,2109167,316333.739130435,414509,213783.304347826,449658,62039.7826086957,118188,604584.086956522,2117761,791918.043478261,31641230,38346,49086,57408.4347826087,1218615,52621.347826087,138671,104.281534141261,3.71528028168253,82.53,21.75,,1.54,,1.1,,0.87,23,168492420,53373420,27977854,86323033,35123.104480153,8647.527291347,107.99681442294353,15445.1870675325,9.444008,729.9920665428222,19258.124289604864,3885.26082396608,5.282233,125.57699087041006,48904923,142.764918097468,76035598.475,1149397949,618781165.6786069
2024-11,21,8456930.47619048,3985587.57142857,2722815.76190476,1473844.61904762,86703.9047619047,156589615,8780319,57803641,79529266,8638155,1160644.23809524,1510991,792888.380952381,1446445,826843.047619048,2613660,280035.619047619,484490,231812.523809524,535591,108528.142857143,139962,704654.047619048,2252681,945967.619047619,31832203,43272.380952381,51919,57976.7619047619,1192147,62430.0952380952,141270,115.017907453224,3.69854576086719,89.54,25.48,,1.79,,0.63,,0.99,21,177595540,59747504,32002572,83697339,34922.125949477,6272.617561532,118.71645321400001,15587.1259133735,8.894926,726.0417528206441,19961.405985172336,3983.97052734626,5.159991,126.29462555163761,53824721,149.9323382605,74601997.65,1130534141,677891790.5454293
2024-12,18,9227540.83333335,4251018.16666667,3216790.55555556,1473078.33333333,72429.8888888889,117954184,7342122,42833576,60885989,5675603,1167752.61111111,1131945,866615.055555556,1217312,862736,2068530,300769.833333333,432531,277228.833333333,488537,124995.833333333,140326,913656.555555556,1809613,806677.111111111,24300853,50564.4444444444,49547,64156.2777777778,904355,50597.2222222222,108874,101.33100550456399,3.5318745910195797,78.2018296171487,23.1291758874157,,1.66924198745453,0.190616348913,0.818119679288821,0.054317665822999996,0.7995789095402319,18,166095735,59859799,27146678,76540652,33410.645244097,8091.660267207,104.862880095584,15679.7383231416,8.671995,720.7703234938549,18873.99514050028,4016.9246989674,5.079159,125.50596377646,51524272,176.886180844682,80024379.78750001,914913611,542538510.5067247
2025-01,22,7817966.63636363,3758791.90909091,2572475.77272727,1269205.27272727,78196.5,133239133,8176329,48206845,69339146,6125538,1087239.36363636,1212747,750224.681818182,1271549,602336.181818182,2147046,313663.590909091,437423,254084.409090909,542421,111474.545454545,163441,598268.954545455,1832766,988881.818181818,26968942,37169.1818181818,51244,64262.8181818182,1139928,44383.0454545455,137142,124.967666393325,4.04260730387351,95.7958237195901,29.1718426737345,,1.9732129136584,0.2185976408262,0.642042341166729,0.068175055623,1.14057935259918,22,171995266,59003289,28720102,82704218,37453.024891138,11371.885718879,129.0102736972,15833.5845458595,9.368451999999998,707.0462246969138,18295.93459917,4088.3366888392,5.697261999999999,135.10682290847,54571599,156.114113325814,82618814.95,1104610443,672247030.9535868
2025-02,20,8649778.34999998,4416583.95,2823934.2,1208174.4,75259.25,142473223,8673928,52742954,73245225,6264809,1315846,1616238,867148.2,1272941,686314.45,2150775,388012.1,559432,313216,594479,114610.3,211174,657703.05,1931582,973390.7,28661835,44073.8,49676,79913.2,1393562,54663.85,146825,140.514222761943,4.36714203519984,112.86098198467,27.6532407772728,,2.1116359725227,0.2036130480659,0.900892063985991,0.061639608006999996,1.0893613426182498,20,172995567,58766747,24862870,88346636,39776.168993392,5162.589747115,144.88136479714282,16138.3846634518,9.114809000000001,730.3562430488861,19839.630716491418,4165.17662404822,5.586323,143.37524916044998,53982989,160.369260322562,71667005.125,1240939602,676504828.4358665
2025-03,21,11820496.6190476,5601246.71428571,4094446.71428572,1844799.0952381,77633.7142857143,135973723,8299381,50252191,68966482,6364197,1609278,1288976,1159215.47619048,1182581,1036531.38095238,1907487,462165.047619048,417334,365679.476190476,454711,84085.7142857143,184988,1102106.9047619,1977246,1073713.04761905,27205207,55482.3333333333,41684,83685.4761904762,1245660,75579.8095238095,148725,201.092954511623,4.941605366067041,164.461893937275,36.631060574348,,2.4308746826644003,0.3035974241664,0.899510449575213,0.07026851670499999,1.23735429295603,21,248230429,89009749,39511286,117638975,38849.090678414,10687.988813634,206.03455987769004,16111.5866612889,9.45772,709.7918700515319,20002.57810974001,4068.58166685343,6.171361000000001,148.81722913339632,78771045,175.5219489533,78584207.08,1031207657.9999999,686620449.4553635
2025-04,20,10570010.65,4722948.35,3911868.6,1616490.8,122503.4,145742201,8365170,52680199,75940017,7036437,1275317.5,1240293,922099.5,1244749,964406.55,2204610,373405.4,449516,284079.7,414176,127762.5,233792,1012550.35,2252996,1416468.6,28393618,41814.6,43016,90672.85,1393805,73286.8,114532,183.830649360135,4.5672611249375,147.466182552944,36.3644668071911,,2.1105019917101,0.35611659324760003,0.895324985284676,0.073605278566,1.13171227612912,20,211400213,81524911,33363322,94471479,41918.292966278,5597.402278551,188.39791048507252,15735.7097465122,9.451569000000001,750.9589343253502,18340.2283747587,3888.23723489717,6.277437000000001,141.73762808898482,75054645,176.462601806698,73292398.1,1197101140,821798008.7382293
2025-05,21,7271672.66666665,3629631.80952381,2385191,1066246.47619048,76661.0952380952,148592565,8645310,57091345,74494672,7103985,966163.190476191,1376828,693989.904761905,1327642,616743.571428571,2272382,330901.714285714,539616,265994.619047619,592455,132129.761904762,362941,536509.047619048,2107692,950322.857142857,30768306,29825,43844,69547.6666666667,1695901,46914.619047619,106418,148.658785666605,3.54131737545081,122.208819073002,26.449966593603,,1.8180220168205,0.1583647972308,0.56587180678723,0.042228554295000005,0.9568302003172849,21,152705126,52107389,23337301,76234695,43038.117058325,9460.564729946,152.20010304205582,16112.8957443419,9.148421999999998,760.9984251349642,17514.808060478048,4039.92480575372,5.46187,162.94220001286448,48110258,156.135612880744,74567371.03999999,948896167,792901859.1594516
2025-06,21,8506398.76190476,4501094.19047619,2810426.95238095,1018843.76190476,68060.5238095238,129318875,8550286,49585256,63080226,6807898,1111691,1321198,927861.571428571,1261824,854605.666666667,1910077,398735.761904762,547599,324831.619047619,541757,135238.857142857,363485,787294.190476191,1699676,808677.761904762,27604176,35417.9047619048,38760,51774.380952381,1096814,42451.8571428571,107694,134.628062805776,3.3766800334672697,112.815327621425,21.8127351843513,,1.6497685877597001,0.1257991716152,0.7136206003119671,0.040461033837999996,0.847030639942404,21,178634374,60809073,22258104,94535434,43414.564165815,9453.808555633,138.0047428392433,16094.497402954,8.949472000000002,769.5536075440943,17188.459223575668,4057.32602648135,5.283443999999999,162.73091611958418,55210471,174.738049367636,75994855.06250004,1019301220,914143861.3610086
2025-07,23,6039398.65217391,3274721,1845527.17391304,773667.434782608,64269.2608695652,137866830,8841656,51288339,69447578,7190474,845374.434782609,1348470,672539.391304348,1313864,534328.739130435,1965184,260702.47826087,517312,204491.869565217,570925,152692.347826087,382226,468417.565217391,1740171,717297.826086957,28381047,26487.9130434783,40104,40850.5217391304,1025666,34014.5217391304,128193,133.298352450058,4.1559664412182995,107.28947619317799,26.0088762568799,,1.95315710530974,0.1774810259887,0.996776135410191,0.048327468592,0.9802247059176721,23,138906169,44261188,18552317,75378097,45770.47842699,5295.081032342,137.45431889127602,16332.9312701225,10.281234000000001,833.7879725469081,16609.65210504356,4150.04262502519,5.824401000000001,167.09003107506842,42672371,160.048742847964,72333247.25000001,828802930,769355541.6170379
2025-08,21,6015260.76190473,3196707.33333333,1894930.23809524,799344.904761905,47525.8095238095,144314984,9837972,52870165,73261533,7367832,819751.714285714,1428151,648483.619047619,1519867,495689.095238095,2332326,247153.904761905,528082,232088.666666667,742683,155122.047619048,477554,466439,1838356,791719.142857143,28211395,25686.5714285714,39450,40970.2857142857,941100,36383.0952380952,132841,119.97911153265801,3.34271272088064,95.910016414638,24.069095118019902,,1.6608811345795,0.1480364299491,0.589746650189228,0.042332266006,0.901716240156816,21,126320476,41540387,17098595,67151976,45048.954757176,10774.9904981,123.32182425353867,16370.9566554697,9.219940999999999,880.3538068456141,16547.643817158714,4162.85476475303,5.3891659999999995,168.97748429560153,41046267,160.881078879124,72540096.052,831255034,618902468.8875504
2025-09,22,8558101.50000001,4724259.27272727,2652984.45454545,1041708.13636364,62588.7727272727,138851088,8862808,50945572,70497934,7425672,1246388.31818182,1391861,1039364.04545455,1317626,859753.318181818,2156460,362891.545454545,499290,323498.363636364,598248,158126.590909091,456082,768174.5,1759778,765434.954545455,27814847,36800,40859,36570.2272727273,770827,32637.6818181818,154655,133.951143661742,4.12685398365077,106.451993316379,27.4991503453631,,1.79972296536069,0.184103961379,0.945318528248108,0.045421736445,1.1522867922179698,22,188278233,60206945,23461874,104211392,46698.903826632,12330.790251016,138.07799764539277,16369.010007142,10.257093000000003,892.1286699976423,18067.74712374831,4298.58199532222,5.710941,174.3930401607059,54454306,185.802563591407,72970542.975,1107520818,735482512.948617
2025-10,23,6855326.26086955,3491013.39130435,2188419.65217391,984852.260869565,84921.0869565218,150790418,9710262,54185810,77818417,7817176,947972.173913043,1441984,712068.347826087,1308912,569896.173913043,2240770,299908.695652174,576130,237379.695652174,679747,159478.52173913,527582,551400.043478261,1917369,966192.739130435,30506233,28213.347826087,41182,43020.6956521739,820377,48173.6956521739,134069,141.051026876736,5.18350948912897,104.98835152546,36.0614234444407,0.001251906835,2.5701378899927803,0.274133348542,0.847056912491088,0.061250161064000004,1.43093117703909,23,157672504,52969555,23540593,80397090,49407.134678963,5490.550825162,146.23453636586495,16537.356096142,11.819852,908.5447908672014,17934.582078148695,4460.79506408342,6.645329,179.07829039029812,51201908,172.515550126175,78993596.3,1146929466,708557384.3787168
2025-11,20,7303389.84999999,3523391.55,2235525.6,1351974.2,115659.1,158433739,10077894,55261962,83859761,8179276,976990.65,1502558,675597.9,1432414,569678.75,2317518,308390.2,588755,212066.25,700743,184010.9,532531,570375.9,1953400,913619.8,30709812,31885.75,39092,53665.55,880654,45158.95,123465,131.402545647425,4.0599272115642195,100.116426013307,31.283224641377398,0.0028949927411000003,1.9259825609054,0.2220107929846,0.681032095340146,0.052052314373,1.17884944796108,20,146067797,47037264,28336173,70522723,46572.843263248,11560.105806174,135.46247285898923,16661.0773825764,10.013452,954.0401655278088,18527.18192070832,4409.67466562724,5.833836,181.95535001627496,44898331,172.109054208648,79920394.5385,1025086356.9999999,695005689.8022141
2025-12,19,9091067.78947371,4946013.89473684,2670158.47368421,1339926.84210526,69205.2105263157,120305396,10155594,41582545,62980114,5058822,1208908.42105263,1502639,1105633.21052632,1429927,962751.263157895,2171728,352357.789473684,497048,290451.421052632,674544,209280.210526316,462066,728066.210526316,1713217,753582.947368421,23762054,30951.3157894737,37613,41711.4736842105,595861,33736.2105263158,97750,113.001320500432,3.68796923852963,83.6036169064561,29.397703593975603,,1.72277125705704,0.1964004935193,0.545756460478024,0.055558834289,1.16748219318626,19,172730288,52435770,25994786,94036262,43667.653076926,9320.370370915,116.3177142023164,16788.0103973964,9.823717000000002,932.9160100086021,16073.130262333576,4414.13535204331,5.9100600000000005,189.13002184571627,46895098,184.548234997494,84324904.2255,1094564161,731711000.238168
2026-01,21,7612482.28571427,3992724.47619048,2286625.04761905,1169065.76190476,88536.3333333333,135854617,10655112,46340559,72533445,5465297,1137628.95238095,1517885,865653.714285714,1542498,662567.285714286,2527006,329786.80952381,595275,273020.571428571,705612,101276.047619048,475659,556840.142857143,1758869,959769.380952381,25923724,29220.2380952381,39136,54506.8095238095,767428,37805.3333333333,86523,165.14770832843303,6.34567493878689,118.149123979713,46.99858434872,,2.93147219751698,0.3744672779217,0.742143618733367,0.06790429452699999,2.22968755008784,21,159862128,50428398,25113156,83921771,48902.052331588,14454.057073376,171.4933832672199,16960.2499298265,10.467653,925.1000361212851,17927.61417549743,4619.13531451054,6.90096,199.5709262385733,48778550,182.710580110057,90912234.96249999,1175392846,958480481.0499558
2026-02,20,7422479.09999999,3903979.85,2267385.95,1092609.35,86681.6,146495562,11716790,49610350,78366406,5871518,1110209.55,1729208,846512.7,1699916,679621.9,2742911,328041.35,788266,270624,876813,84261.15,516358,517607.2,1876224,890176.85,27804902,27680.35,40858,42625.75,761846,41810.85,108258,162.59608815294197,5.136196992857291,122.34867712325301,40.2474110296893,,2.6388155382938,0.2918440864704,0.702033345185695,0.054533646917,1.4489703759904,20,148449582,47667767,22360904,78163482,53238.126687033,7024.253443274,167.7322851457993,17196.3763675097,10.342876999999998,942.8415796775417,19257.8659150882,4732.72019875064,6.762820999999999,208.26128262441316,45933231,182.985747679335,81510773.93800002,1273861474,761210478.3905337
2026-03,22,14640399.9545454,7850889.72727273,4687776.27272728,1904491.40909091,90480.5,144957449,10440156,49543559,78133774,6101552,2011301.63636364,1530946,1635164.90909091,1347576,1879114.90909091,2294037,676116.772727273,543476,485041.318181818,585888,76203.0909090909,468670,1376289.40909091,2109176,1431328.40909091,27771732,49841.6818181818,40383,64339.7727272727,740068,67926.6818181818,139392,202.756685862325,5.72441049060261,150.95393349184297,51.8027523704825,,2.8199570609516003,0.3471402425898,0.7492099958032351,0.061477170085,1.74662602117297,22,322088799,106176094,42605359,172745115,53320.010499484,12877.58407419,208.48109635292764,17135.8619486995,11.867240999999998,969.4671006337201,19813.006127140332,4796.90430700757,7.586363,194.5109848912308,99624882,203.141825308979,91910658.888,1669960859,1066995155.9667501
2026-04,20,9304294.70000002,4436935.9,2841812.8,1873859.75,88556.35,155169644,10447222,51360394,86376237,6382320,1208013.2,1527762,943199.95,1470235,893519,2506257,359546.6,578872,274858.5,553408,89868.05,474024,784406.85,2182792,1126732.15,29005593,30357.15,41069,48823.95,718557,44023.45,123899,153.68677590542998,4.3132969100968,117.461451228456,36.2247096850393,0.0006149919345,2.3226094401376,0.2129366933363,0.6471793291950609,0.037808506864,1.09276294056383,20,186085894,58803161,38413051,88760641,55887.790452399,13380.88882478,158.0000728155268,17142.227995256,10.469816000000002,965.4125763050239,18339.555896560996,4849.71020631128,6.777091999999999,206.22891266374455,57014105,187.85843372434,87297383.32499999,950283372.0000007,643275904.7335186
2026-05,20,8644439.35,4579625.85,2452265.55,1478394.65,81524.1,159371556,11162720,52365126,88700832,6521139,1289689.9,1668867,983543.65,1708873,863459.65,2871083,347046.65,627771,286344.85,624413,100871.05,483962,677548.05,2245200,974555.35,28882107,30326.7,45965,53212.7,827596,32032.5,108956,166.456077789238,5.3988252971302,127.780140529219,38.6759372600183,,3.4707129964397003,0.23173263761719998,0.520685622339239,0.040344958803,1.13534908193106,20,172888787,50665029,30457499,91619712,54654.276125251,13849.451446238,171.8549030863682,17308.3206809654,10.551717,965.9839807103867,18929.325372176783,5032.80409422091,6.6763390000000005,214.5565683342478,49239593,182.478247361713,86253892.325,823418329,597638780.6943558
2026-06,22,10753305.7727273,5353239.45454546,3223570.81818182,2033440.68181818,80615.3636363636,137117991,10005803,47666474,72570724,6215077,1419651.63636364,1553607,1121084.72727273,1499768,1235633,2389645,408491.954545455,579898,357748.090909091,631244,95661.5,455292,946987.090909091,1819090,933925.227272727,26403332,33788,44234,49745.1363636364,699324,31434.5454545455,105250,182.361264171549,6.58290590219944,138.767794840737,43.5932573461397,0.000211984672,4.316939257761599,0.283636574526,0.638988610849648,0.049802594001999996,1.29353886506019,22,236572727,72727937,45597520,117810131,53353.254787275,15242.668670318,188.94417007374847,17459.2610110425,10.276066,1047.9078376764285,19455.993345432307,5146.91280069374,7.487532,219.62625824539003,66823684,208.11108015228,88034094.5,960720291,679742442.4660645
2026-07,23,6982748.86956522,4033908.56521739,1899081.39130435,927842.173913043,73226.3478260869,142763118,10860566,49572331,75068634,6568206,1066417.04347826,1695630,834767.347826087,1695286,738635.739130435,2609340,320448.304347826,546072,265486.043478261,642627,150117.565217391,456618,514906.739130435,1925434,702815.434782609,27022743,23014.9130434783,55700,46998.652173913,794571,29760.2173913043,113338,157.511145533111,5.86257701544355,117.971076737379,39.5399721879133,9.660781859999999e-05,3.9919572566637003,0.19266474804589998,0.463934056820717,0.044695478475,1.16932547543823,23,160603224,45755782,21867922,92786471,55027.555799929,13694.606506617,163.37372254855455,17501.5236910948,9.675231,1074.4265292578054,18309.60010717611,5178.98683586984,7.412371000000002,223.48606036610997,44430693,191.282779169444,89794635.49999994,1072361324,691917570.8325367
2026-08,,,,,,,,,,,,,,,,,,,,,,,,,,,,,,,,,,131.56386295642102,4.55438680700893,100.184031085726,31.3782446012949,0.0015872694,2.6464510172123,0.1795505038651,0.58766196804618,0.040091835224,1.10063148266135,,,,,,,,,,,,,,,,,,,,
