month,obs_days,eom_date,fx_avg_eurusd,fx_avg_gbpusd,fx_avg_hkdusd,fx_avg_jpyusd,fx_avg_sgdusd,fx_avg_audusd,fx_avg_cadusd,fx_avg_brlusd,fx_avg_chfusd,fx_avg_sekusd,fx_eom_eurusd,fx_eom_gbpusd,fx_eom_hkdusd,fx_eom_jpyusd,fx_eom_sgdusd,fx_eom_audusd,fx_eom_cadusd,fx_eom_brlusd,fx_eom_chfusd,fx_eom_sekusd
2005-01,21,2005-01-31,1.3119285714285713,1.8777407403483612,0.1282815868705885,0.009673193570787416,0.6101866392988143,0.765157207175273,0.8169263203632275,0.37084778699187926,0.8481150332856805,0.14500700178742473,1.3035,1.8858506944444444,0.12820765016573066,0.009658417308832247,0.6109965313583952,0.7746939260668014,0.8062720356281314,0.379763430835567,0.8424352097201578,0.14315209154705294
2005-02,20,2005-02-28,1.301425,1.8869680240072935,0.12820985342096106,0.009530955633768321,0.610204809898754,0.7807217201511084,0.8069510899312634,0.3844917759113743,0.8396314449360212,0.14324677027650592,1.3257,1.9220007249003264,0.12821579171341252,0.009603738046942917,0.6148316482701048,0.7924088463837419,0.8113219094247247,0.38403823870220166,0.8612915800415801,0.14636327503974564
2005-03,21,2005-03-31,1.3200666666666667,1.9066742231175173,0.1282111213567425,0.009508167333195703,0.6133394030752156,0.7854553570843185,0.8218168464978193,0.3696660412740882,0.8520070293631035,0.14525163184244486,1.2964,1.8829339143064634,0.12821679359113836,0.009364345564865645,0.6064461804743415,0.7733699218516973,0.8237910656414819,0.37401188621545206,0.8371432261397391,0.1417915345072733
2005-04,21,2005-04-29,1.2937904761904762,1.8945036128796149,0.12822577227494417,0.009319397505760432,0.6052985979598409,0.772996900793788,0.809148062768063,0.38760516326394134,0.8360930057695135,0.14113558316247246,1.2957,1.9124723247232474,0.12826553946365465,0.009510422783323546,0.6114388183662877,0.7821913673407788,0.8002594033722439,0.39475367882277673,0.8427865227006635,0.14113610369805565
2005-05,22,2005-05-31,1.2693954545454547,1.8559615179516598,0.12835241181210744,0.009376901928715178,0.6055566449831192,0.766053767628556,0.7962578786934813,0.4077229895163614,0.8216950103428402,0.13808167131169882,1.2331,1.8211490178703293,0.12854700498300775,0.009238780250243502,0.5999902685869989,0.7560855969096818,0.7939604661644454,0.42109756514018376,0.8021727816809785,0.1346061479346782
2005-06,22,2005-06-30,1.216490909090909,1.8185277942992406,0.12859725711404954,0.009201146781301926,0.5980094652097242,0.7663964091490026,0.805095800817676,0.4140026692678825,0.7904110791759223,0.13135304733947717,1.2092,1.7935330762385049,0.12865198425364402,0.009027248973497574,0.5934141433969672,0.7612212779351589,0.8115436241610738,0.42457865168539327,0.7801793664107362,0.12828483221761317
2005-07,21,2005-07-29,1.2037190476190476,1.75074411881187,0.12861631208201266,0.008933258555452992,0.5942345066584795,0.7522624833060912,0.8172210492804575,0.4214223315742663,0.7726881640972252,0.1276825239118616,1.2093,1.7543885100826926,0.12866125480099158,0.008897800014715622,0.6016417910447762,0.7603747484909457,0.8140145395799677,0.4168275196470427,0.7748446210033959,0.1285832766247023
2005-08,23,2005-08-31,1.2292434782608697,1.793878005768647,0.12867756045846623,0.009040072715187438,0.601445004310656,0.7614540219345295,0.8295348433696976,0.4237163545556374,0.7916140436119825,0.1316150145885466,1.2198,1.7862058866598332,0.12865595764204577,0.008965162428340438,0.5923659673659674,0.7463745946276693,0.8382352941176471,0.4205771816708616,0.7877300613496933,0.13059817346709351
2005-09,22,2005-09-30,1.225640909090909,1.8088657177064524,0.12882871965011963,0.009007705740875817,0.5948574871512139,0.7656071057572621,0.8481910377592083,0.43477027457136774,0.7909892720909649,0.13131236801730317,1.2042,1.7658186084023757,0.12891277351946215,0.008838165137614679,0.5916572495455216,0.7608036391205458,0.8562895541491857,0.4506399221615148,0.7738577212261423,0.12911319116086073
2005-10,21,2005-10-31,1.201452380952381,1.7633377651017472,0.12892309189144893,0.008703257265593895,0.5910859631260672,0.7539014670301164,0.8491874241388425,0.4427487746534666,0.775652904896998,0.12752114793746078,1.2023,1.7768417941328605,0.12899245764803072,0.008609997135491263,0.5903756444880922,0.7497038099395149,0.8490219617258669,0.4425426972909305,0.7779359430604981,0.12608011744966444
2005-11,22,2005-11-30,1.1785727272727273,1.734968320329461,0.12896097839598555,0.008443116598347317,0.5887728628268595,0.7352427803389993,0.8452710486980973,0.4519095353170865,0.7628993114496146,0.12326620993877144,1.1769,1.7252803635564025,0.12895697051378982,0.008358664772727273,0.5906649937264743,0.7390266875981162,0.8564878829779492,0.4522711551763893,0.7600258314497902,0.12353052313376438
2005-12,21,2005-12-30,1.185609523809524,1.7456035020657596,0.1289733219615995,0.008435239473970716,0.5971366088257999,0.7420656011574421,0.8605500292651365,0.4389151357306378,0.7659769903446714,0.12570766059983296,1.1797,1.721435867503283,0.12896560771366727,0.008493160547156226,0.6010291420419808,0.7323235458439381,0.8595264116575592,0.42957541329837595,0.7586007330718282,0.12565372530223146
2006-01,22,2006-01-31,1.2103136363636364,1.764356216468517,0.12896183800018182,0.008657078627628987,0.6124766574619875,0.7493490050158008,0.863010306268281,0.43980119479665886,0.7811467822295028,0.12999303328912182,1.2118,1.7708607335963757,0.12892175115697643,0.008523598508827461,0.6160024400162668,0.7540759178593652,0.8736842105263157,0.45339918434541854,0.7794429793529298,0.13100115671924153
2006-02,20,2006-02-28,1.193835,1.7480309532577454,0.12886798964220764,0.008481370202424213,0.613857396781455,0.7414432639241422,0.8699559017965782,0.46304546942396385,0.7662567388476793,0.12781007207102332,1.1875,1.7473513831665686,0.1288897571988321,0.008593863077145752,0.6158912919454386,0.7398292941249767,0.8775495122672184,0.46786966628580434,0.7582529851222782,0.12567467456873743
2006-03,23,2006-03-31,1.202,1.7436812445669898,0.12887281480722923,0.008527439853687086,0.6168461841018908,0.7270115811197475,0.8636912125900716,0.46451562477619196,0.7660529716655647,0.12785452067597194,1.2104,1.7380815623205053,0.12887152241729927,0.008498806347423116,0.6181186804207945,0.7121256692357475,0.8594149389378016,0.4586933454600576,0.7660274666160369,0.12833589566876955
2006-04,18,2006-04-28,1.2271166666666666,1.7666135473735858,0.12892355287489088,0.008546527641742914,0.6247003190695812,0.7365105532519477,0.8733093665878346,0.4693943405201016,0.7792136379892197,0.13146356934480183,1.2537,1.8059636992221262,0.12897617382000742,0.008749389350268687,0.6314914622475193,0.7552864630399422,0.8893381570546925,0.47680079105499357,0.7978743715394897,0.13484995159728944
2006-05,22,2006-05-31,1.2769590909090909,1.8688768948904282,0.12896139494752482,0.008949020009392404,0.6342651223430128,0.7640382672487417,0.9010415066559017,0.4605560849017784,0.820473796795611,0.13685245150789827,1.2868,1.8760752296253098,0.12890429347063892,0.00891629711751663,0.6343916387300335,0.7590396979885565,0.9121712624937973,0.43789559654257126,0.8248717948717949,0.13872807443104024
2006-06,22,2006-06-30,1.2649954545454545,1.8422724825452894,0.1288046305420352,0.008717816792378206,0.6284418290065679,0.739613870336715,0.8978597805619195,0.44381675751861704,0.8108327765411012,0.13698209285528914,1.2713,1.8368732842074844,0.12874575927895085,0.008722469982847342,0.6313254208670607,0.7427119238184262,0.8995895839230117,0.45703911417888987,0.8111919346605412,0.13760891919683932
2006-07,21,2006-07-31,1.2683666666666666,1.8440669580530695,0.12863797966544455,0.008646408321673512,0.6315435951468094,0.7519577223278909,0.8867940251071185,0.4568940024238525,0.8085665689699143,0.1376153311714161,1.2767,1.8657021774075697,0.12867884212223835,0.008755314771636264,0.63397556857682,0.7657749520153551,0.8899344765091314,0.4599726185329298,0.8125119327945014,0.1382757500270768
2006-08,23,2006-08-31,1.2811304347826087,1.893269659902492,0.12859228142347548,0.008625506709381042,0.6346794216212938,0.7631098901262225,0.8935760349579145,0.46362614743544306,0.8121182302809938,0.13910687799723764,1.2851,1.9063937101320276,0.1285807193956676,0.008535467587672688,0.636062165907741,0.7644854253420582,0.9030920590302177,0.4685358028292256,0.8158847057329693,0.13867935726849903
2006-09,21,2006-09-29,1.2727428571428572,1.8852901928099395,0.12849330162961645,0.008542445820147989,0.6331775677493923,0.7558554791158374,0.8961048362501634,0.46148832895727765,0.8034825325450737,0.13735049386471143,1.266,1.868083222664896,0.12834549878345497,0.008477300120530334,0.6306037059175135,0.7450564971751412,0.8955857385398982,0.4629223343571742,0.7971790189534664,0.13642682414302187
2006-10,22,2006-10-31,1.2611045454545453,1.8751576724120453,0.12843700592227345,0.008426968886366142,0.6335612871103872,0.7537566174986122,0.8859014260194055,0.4651991621880125,0.7932538400583329,0.13628813879916266,1.2696,1.899177262528048,0.12854626085900006,0.00848719834213517,0.6404358353510896,0.7690350717790296,0.8859116600376806,0.46724569409686445,0.7991439541763706,0.13782023447676944
2006-11,22,2006-11-30,1.2881409090909093,1.9112754846380504,0.12849739788659573,0.0085246230058077,0.6424831515834616,0.7720560373759696,0.8802206638412371,0.4646228799799566,0.8090416975335547,0.14155020480299138,1.32,1.9577308120133483,0.12857101113308075,0.008611129232174311,0.6485849056603773,0.7879185817465529,0.8769016142961535,0.4624601478471079,0.8293541090726314,0.14559733512756312
2006-12,19,2006-12-29,1.321278947368421,1.9636739292541738,0.12864853274901886,0.00853484870925995,0.6491421892580229,0.7858072757059954,0.868584833663194,0.4649586588863541,0.8274151836464076,0.14619723326342685,1.317,1.9612807148175726,0.1286019783417473,0.008392276811317148,0.6519156519156519,0.7890479899346953,0.86185459066815,0.46800042642407874,0.8195905159001804,0.1456793947170479
2007-01,22,2007-01-31,1.2998636363636364,1.959481484401226,0.12820428650639998,0.008302946581445418,0.650484213681041,0.7829859017943975,0.8504338034165552,0.46717887883755027,0.8046536624328877,0.1431678108695009,1.2954,1.9531096871466267,0.12809002096270222,0.008236790233356647,0.6503991564994729,0.771714524008102,0.8452854812398043,0.46963709531233006,0.7989391883557421,0.14310649580203272
2007-02,20,2007-02-28,1.30742,1.9572476044391678,0.12801547633637517,0.008296011355126556,0.6521114349309436,0.7825066426604732,0.8540288687580443,0.4776836313556849,0.8064732013778734,0.14227800340570546,1.3211,1.9611073999851556,0.12801728732424392,0.0084442313838287,0.6544634895472109,0.7881987948213114,0.8568000518840391,0.4720068598377934,0.818728309370352,0.14241669631210718
2007-03,22,2007-03-30,1.3241863636363638,1.9467694966780245,0.12798488469568306,0.008530387950857025,0.6559840469237055,0.7928366678986315,0.8558686329916011,0.4786138152348528,0.8212419643279291,0.14239850870019571,1.3318,1.9591056192997942,0.12797155760545786,0.008465547927790492,0.6591764007127302,0.8079349672409609,0.8667187296628922,0.4905160030938087,0.8197205637963932,0.14249641565556057
2007-04,19,2007-04-30,1.3516157894736842,1.9896041262468496,0.12795289146224356,0.008411801489226612,0.6600885623386074,0.8273858121060984,0.88149466196851,0.49196325601008767,0.8254261370698265,0.1463371976557536,1.3605,1.9928226160831992,0.12787134854693785,0.00835585308930107,0.6579138256201945,0.8282096548365496,0.8958319615460592,0.49172329044383406,0.8266496536638718,0.1486511587251292
2007-05,22,2007-05-31,1.3511318181818182,1.983011369307409,0.12789745920040663,0.008278142855903024,0.6564950972509356,0.8249876383431854,0.9133465021099926,0.5042517230941921,0.8185792088158255,0.14676915211887687,1.3453,1.9782368943460038,0.12805673218790156,0.008225116165321594,0.6535658764088613,0.8269100743745774,0.9350152905198775,0.5184599969169107,0.8164714450446077,0.144741513798483
2007-06,21,2007-06-29,1.3418571428571429,1.986125744871574,0.12797415145054508,0.008154857802245999,0.650794546114315,0.8423614835601073,0.9388118310244871,0.5174865041871035,0.8111622763101016,0.14384745218042777,1.3505,2.0037091988130564,0.1279258115545283,0.0081047830522715,0.6535520712349981,0.8501731192949323,0.948051948051948,0.5201833448886835,0.8158641938017278,0.14596055120237775
2007-07,22,2007-07-31,1.371559090909091,2.033790264110795,0.1278874900563071,0.008225631509594928,0.6597570866478334,0.8676790595941845,0.9513533279930738,0.5316084293192727,0.8278815494785605,0.14934221059902306,1.3707,2.033679525222552,0.12779466333513584,0.008378874014304052,0.6617902665121669,0.8593191649426368,0.942709766162311,0.5381414157276904,0.8297717779526607,0.14915125136017413
2007-08,23,2007-08-31,1.3622478260869564,2.0102320851456255,0.12794818789269383,0.00856738849154681,0.6566765531726185,0.8289924647544074,0.9446829682695921,0.5098750567399543,0.8315133045622405,0.14612871138852931,1.3705,2.0215355114683975,0.12824471768382834,0.008605965463108321,0.6573772064466615,0.821052000958543,0.94870552402049,0.5105994560560337,0.8330800559236521,0.14632401614315305
2007-09,20,2007-09-28,1.389645,2.017319183716181,0.12848929731594536,0.00869532374278353,0.6614366156984434,0.8452785753318824,0.9738318314487164,0.5254266227448202,0.843496523746355,0.14971104915807834,1.4179,2.034873708381171,0.12883558220889554,0.008669520024457351,0.6730750973132061,0.8821626329869968,1.0040362554878912,0.5422179732313575,0.8541051743870851,0.1538737018025546
2007-10,23,2007-10-31,1.4227478260869564,2.0437490200951105,0.12895730011351852,0.008625977506273794,0.6824231741902296,0.8984341292827562,1.0243570476244286,0.5546884671990299,0.8516280804583801,0.1550946740359143,1.4447,2.0718485587265167,0.12903024132325885,0.00867739804192444,0.6902202474798146,0.9226593434665985,1.0493172574084835,0.5732026662434535,0.8618899892614248,0.1567072707748045
2007-11,22,2007-11-30,1.4683636363636365,2.071327564916193,0.12856735366122493,0.00901683081321422,0.6912505912748217,0.8973959968864911,1.0376572685074832,0.5667629760934824,0.8908006628380303,0.15807730739421438,1.4761,2.065775663004688,0.12840788489308766,0.009032001468518631,0.6918353955755531,0.8869194255843298,1.0044913235794488,0.5642152740616161,0.8923886101203071,0.15750947020220885
2007-12,19,2007-12-31,1.4570368421052633,2.0220115382085697,0.1282381929728408,0.008909116208212412,0.6902752950472147,0.872318403450496,0.9967625062891333,0.5593647790157251,0.8782056848767449,0.15448292099465757,1.4721,2.007363469012068,0.12823170731707317,0.008925604802037227,0.6956008127392147,0.8784985379244494,1.018824832168316,0.5680713128038898,0.8896476702725569,0.15591802150082085
2008-01,22,2008-01-31,1.471790909090909,1.9696449119879027,0.12813439642012842,0.009277339648840512,0.6988022133403925,0.8816558167743154,0.9904627684552106,0.5637211733928804,0.9084090393485387,0.15605802847593123,1.487,1.9887655476795507,0.12824382713387553,0.00941556385740518,0.7054749027421957,0.8913799304639732,1.001616597063182,0.5666704774970467,0.926422029780076,0.15698073370282398
2008-02,21,2008-02-29,1.4748380952380953,1.9639485844305493,0.12824995660208194,0.00933637218676839,0.7087466044747817,0.9129773088862303,1.0005778356710888,0.5780628404362632,0.9171921242554966,0.1575048007154787,1.5167,1.9820961840041817,0.1285044947342557,0.009597544769980383,0.716709195728192,0.9347343769259213,1.0182611614635784,0.5948776278631942,0.9548001259049417,0.16144037126921276
2008-03,19,2008-03-31,1.5526526315789473,2.003651660472735,0.12849654045508202,0.009916671653858488,0.7225245627891547,0.9263758071438591,1.0008472276390263,0.5873536785768512,0.9877304426876298,0.16513718091752458,1.5812,1.9869313897964314,0.12847450741417835,0.01004765838469848,0.7246894908107612,0.9121956847813545,0.9744853938123997,0.5738549756841113,1.0047019951709237,0.16826646802170905
2008-04,22,2008-04-30,1.57505,1.9815614431212445,0.12833714288423262,0.009750086706396368,0.7328363387278891,0.930232302788265,0.9866161449051994,0.5921699902338359,0.9867361318526804,0.16809710448936852,1.554,1.9667151806618997,0.1282950952306257,0.009556020169720821,0.7347865147288288,0.9353557240881185,0.990502900121104,0.5879682179341658,0.9624078776243266,0.16606999732834626
2008-05,21,2008-05-30,1.5556999999999999,1.9640828874840233,0.12820944169343704,0.009584990678210076,0.7317763917968421,0.9497005850033895,1.001754989516331,0.602465629775402,0.9575522099157594,0.16709131695043897,1.5508,1.9730279898218828,0.12811340861964987,0.009471112739709294,0.7320964924703771,0.9565753762644954,1.0081913925367312,0.6107675948170612,0.9528139592037356,0.16625214408233277
2008-06,21,2008-06-30,1.5552761904761905,1.964910479085376,0.12808551778620508,0.009355248581660456,0.7309281114215013,0.9516745561127006,0.9842335780617989,0.6175679890363355,0.9636782637059033,0.1659159715454649,1.5764,1.989775954559798,0.1282220215872396,0.009471280942081231,0.7350554882029283,0.9629222405473092,0.9888345251536821,0.6277476903472443,0.9818136522172397,0.1664572400029566
2008-07,23,2008-07-31,1.5769695652173912,1.9884312522216816,0.12820436796278956,0.009361845202595465,0.7355878236687476,0.9624212345267921,0.9872090597097702,0.6284044611392755,0.9739326644535756,0.16675828657449698,1.5611,1.9787058748970148,0.12815965979525323,0.009236185066855992,0.7310574131310292,0.9435478996675732,0.9775203506574828,0.6392972685204145,0.9545676898618075,0.16493570983317307
2008-08,21,2008-08-29,1.4975380952380952,1.8891403939936988,0.12806905406344718,0.009151572858955435,0.7122220945374773,0.8830503065088852,0.9499036489125122,0.6212651861991597,0.9236655496265894,0.15933251020209097,1.4735,1.8304347826086955,0.12809256393761845,0.009196729496941706,0.7068502350570853,0.8634126333059886,0.9500322372662798,0.6121473972830378,0.9115936649344222,0.15612252466068383
2008-09,22,2008-09-30,1.43695,1.7980615205761594,0.1284064966334845,0.009380792184559032,0.699254561102669,0.8192510079951476,0.9452972573348245,0.5599429773234255,0.9013567780262387,0.15025849952344025,1.4303,1.8098190560546628,0.1287120693999496,0.009505549278926032,0.6997896178873722,0.8063024973222842,0.956018982688323,0.5196366939146231,0.9067452770381641,0.14603391768681784
2008-10,23,2008-10-31,1.332208695652174,1.6941270095032068,0.1288836796389142,0.010000523469951787,0.6772270120449446,0.6905775462639445,0.8529111898420412,0.4590102355292714,0.8765967277394577,0.13533334086239932,1.2757,1.621171686364214,0.12901496763754047,0.010208049931983676,0.6739750633981403,0.6628045929235725,0.8135323002359544,0.47413216382962914,0.868650415361569,0.12878053704825357
2008-11,20,2008-11-28,1.273215,1.5337161902004115,0.1290161770275398,0.010330603770421625,0.6637824643432021,0.6574312993998904,0.8214982358653792,0.4402326768774856,0.8398949718425659,0.12575347078682794,1.2727,1.5335582600313291,0.12902342839184516,0.010478346780833196,0.6618304732189287,0.6515640198638202,0.8067828843106181,0.42841754468643756,0.8234875444839856,0.12349476503294293
2008-12,21,2008-12-31,1.3449428571428572,1.4871331403166483,0.12902337438782224,0.01097300713858885,0.6758807569010392,0.6686405511418018,0.8098607203173949,0.4167775128748739,0.8742429892390807,0.12500875467942033,1.3917,1.4611023622047243,0.12903076266943572,0.01103297922942762,0.6944610778443113,0.6864456939923054,0.8187433815743028,0.4290603033666297,0.9371717171717171,0.12803127874885004
2009-01,21,2009-01-30,1.3238666666666667,1.442605289795662,0.12892202493714924,0.0110624215938434,0.6705178677889119,0.6746650000570406,0.8156045719725805,0.4327759946352921,0.8864555716320117,0.12343968142773805,1.2816,1.4274099237066324,0.12893489874143604,0.011146286310662725,0.6624625245528791,0.6371364653243848,0.8062912865681032,0.4323886639676114,0.8618115795844261,0.12080309171458196
2009-02,20,2009-02-27,1.27847,1.4416779990527566,0.1289712176010595,0.010815122139665092,0.6586439135679767,0.6483257287112378,0.8020887498447251,0.4308038092441113,0.8577779461324028,0.11731546618110596,1.2644,1.415742917926324,0.12895066953586323,0.010260488517406475,0.6464543177054042,0.6356643708209743,0.790991554582421,0.4201641577775562,0.851964153358938,0.11040480597953266
2009-03,22,2009-03-31,1.304981818181818,1.418861612519691,0.12902699178484645,0.010222481497467895,0.6540357719287855,0.6661888526990237,0.7922206570484785,0.4321213359476138,0.8651139004580304,0.11689743418300567,1.3308,1.4297378599054578,0.1290285049447353,0.010145612563848442,0.6577048532173568,0.6925478767693589,0.7976026370991909,0.4325413592485455,0.878299894403379,0.1216453382084095
2009-04,20,2009-04-30,1.31903,1.469638944051595,0.12902752201532758,0.010129792950397487,0.6654389935371081,0.7129278798964653,0.815005132870352,0.45185390359827143,0.8708408018241937,0.12126716194146374,1.3275,1.4859797391839704,0.12903257161186224,0.010184901028080404,0.676605504587156,0.7315661853852088,0.8409350057012542,0.46013864818024264,0.8811230585424134,0.12416405555815367
2009-05,20,2009-05-29,1.3650449999999998,1.5437061402102021,0.12901345750391502,0.010354014303805717,0.684550833605322,0.7656344638285412,0.8688648305026984,0.4835605376977881,0.9029257033801403,0.1290088052257576,1.4098,1.6150761828388132,0.12901631693098933,0.010425972489276734,0.6927764127764127,0.79780431214985,0.9094897103412682,0.49781073446327684,0.9319143310417769,0.13215470856221526
2009-06,22,2009-06-30,1.4016454545454544,1.6362068612011464,0.12901995919793155,0.010353442284573239,0.6885073309380743,0.8026685502616059,0.8896212380212627,0.5117713905504919,0.9252967304752133,0.12895724055453156,1.4134,1.6587255017016782,0.1290304911447873,0.010430226551546013,0.6914534513967028,0.8142174088369145,0.8684485407066053,0.5145436674068951,0.9259089420242385,0.13071907514450867
2009-07,23,2009-07-31,1.4087695652173913,1.636376733695309,0.12902957107492116,0.010586755175741003,0.6898699902409878,0.8050490694695879,0.890819553836565,0.5176945421950608,0.9266915293333832,0.13018638029926807,1.4138,1.6524076671341748,0.12903166925253262,0.010447055346190792,0.6938214653776316,0.8287221570926143,0.928055664959958,0.5338720640435012,0.9230267023568584,0.13678670252907368
2009-08,21,2009-08-31,1.4268,1.6542073220864129,0.12902100527537455,0.010545413091432898,0.6933961065649881,0.8353715312170257,0.9192892758164445,0.5422805266434758,0.9364685946422201,0.13960299122391392,1.4272,1.619333976286379,0.1290182607123486,0.010722764838467319,0.6927482768663237,0.8352548721250073,0.9036915088963465,0.5268559193768688,0.9409282700421941,0.13966004834085194
2009-09,22,2009-09-30,1.4561636363636365,1.633977364048892,0.12902652141197507,0.010937287356006235,0.702766662880706,0.8615287596398534,0.9244684179865748,0.5491364100127281,0.9613170972105247,0.14281039853622224,1.4643,1.6103596172880237,0.12903026831739878,0.011171892881666286,0.7089667860947032,0.8823210412147505,0.9321408110000636,0.5621113243761996,0.9711500198965379,0.14310985144644253
2009-10,22,2009-10-30,1.4816363636363634,1.618541071305453,0.12903082365448976,0.011066299459068273,0.7152798187898189,0.9069006097298966,0.9487937442256343,0.5749652507373051,0.9787363744751311,0.14370863736922276,1.48,1.655944055944056,0.12903000819514918,0.01099064310114362,0.7151485866151244,0.9094260784072754,0.9277833500501504,0.5787127551419411,0.9786418038748925,0.14252010207520827
2009-11,21,2009-11-30,1.491447619047619,1.6592053753555238,0.1290314022961699,0.011218521831730114,0.720118278624326,0.919405526360786,0.9436867451664613,0.5786217212583017,0.9874031738780784,0.14434987590546258,1.5023,1.648071965333772,0.1290292104336474,0.011576635586036834,0.7226417817114821,0.9131412594213469,0.9459136128951013,0.5722829606491181,0.9968150753101983,0.1437153817454775
2009-12,22,2009-12-31,1.461359090909091,1.6241659267592987,0.12898527278153596,0.01113798984237908,0.7165874647102779,0.9029306855647189,0.9491326691153905,0.5715984347633503,0.9728724828518511,0.14040666932070925,1.4406,1.622114626731224,0.1289600658854703,0.010818564133373386,0.7133802119441418,0.8999250374812594,0.9522739291380223,0.5736471150400192,0.9710164464815315,0.1405189231369489
2010-01,20,2010-01-29,1.42721,1.6163123198388163,0.12882842515269802,0.010952576193256111,0.7161080738109419,0.9134808091753219,0.9592068448633745,0.562454888155858,0.9665919255961104,0.14001044712711513,1.3966,1.6116784951820438,0.12875449433022956,0.0110709472849782,0.7122239787852517,0.8930238506298357,0.9358080943446798,0.5370299161731908,0.9525303505660893,0.1364027034418096
2010-02,20,2010-02-26,1.36857,1.5623002753932744,0.12874069522174572,0.011086255494027985,0.7081697640655454,0.8868655661570045,0.9469630028052427,0.5423849730007576,0.9328107055553925,0.13755724594780505,1.357,1.520107538926851,0.12882585251006304,0.011222295732715845,0.7108433734939759,0.8904199475065616,0.9453810784450327,0.5489704276062947,0.9270392130072415,0.13952292823360066
2010-03,23,2010-03-31,1.3568521739130435,1.5049563157898387,0.12884008201316588,0.011030339722253679,0.7144839274704312,0.9117866699271664,0.9770008791188202,0.5599323095013764,0.9369282946566814,0.13948394865704034,1.3479,1.5148347943358058,0.12879707222917644,0.01070356547288176,0.7146113879758245,0.9143884404043146,0.9848030978300578,0.5606205548392463,0.94417203698515,0.13876563545580894
2010-04,20,2010-04-30,1.34057,1.5328728722865743,0.12882048582918576,0.010696884275742568,0.7244772551680806,0.9268875312199902,0.9954802734320175,0.5692718559643687,0.9350570468255948,0.1387503807767535,1.3315,1.5299322072848442,0.12881287064537036,0.010583419442015737,0.73091068781907,0.9316400783655191,0.9952163838851931,0.5799468617971165,0.9284568719057248,0.13838510866063167
2010-05,21,2010-05-31,1.2565333333333333,1.465949096250862,0.1284194793842111,0.01085476087383221,0.7178527231228448,0.8710973039110049,0.9621744033063835,0.5524083047764045,0.8860744284919457,0.13003666594411173,1.2307,1.450219765975749,0.12832490485376152,0.010927899129817082,0.7144847605224963,0.8443331503841931,0.954474949588956,0.550821286308911,0.8648629655657062,0.12789150992414008
2010-06,22,2010-06-30,1.22085,1.4750544455292136,0.12838684528728242,0.011000444718855142,0.714733435987744,0.8530577937782705,0.9633304533867342,0.5535626743879989,0.8871114189672548,0.12754628687667136,1.2271,1.5011315676799806,0.12842625249871795,0.011279529368508135,0.7150932400932402,0.8519752829271681,0.9519782777346781,0.5557014763155511,0.9238123917789657,0.1288172246191961
2010-07,22,2010-07-30,1.2770000000000001,1.5281016163490924,0.12858744246888407,0.011429288093011126,0.7260062960492544,0.8757222037501051,0.9586006072345877,0.5650494219091065,0.948683330605795,0.1344999613736643,1.3028,1.5604263983710625,0.12876062462937338,0.01156810513230332,0.7346754638245079,0.9005944974422784,0.9683365541846292,0.568312685395219,0.9621150579720847,0.13810649507595435
2010-08,22,2010-08-31,1.2894181818181818,1.5654427059701248,0.1286919281774992,0.011719367594809783,0.7375634275239438,0.899347728208955,0.9614731585836165,0.5682498611963767,0.9614749439622247,0.13686599033512656,1.268,1.5373423860329778,0.12853131683780525,0.011842719716073598,0.7375094515209678,0.8864653243847875,0.9400252057231818,0.5674139705553318,0.9802860456126787,0.13505165619341783
2010-09,22,2010-09-30,1.3067,1.5556543798293594,0.12877473262698377,0.011852530586955606,0.7492260702342151,0.9371472640741192,0.9668331773900287,0.5813477542930325,0.9982279982688134,0.1416830060921959,1.3648,1.5870690156404443,0.1288543967975226,0.012005629838142153,0.7606732805707279,0.9700071073205402,0.9698003268670504,0.5882505064436878,1.0271694137126515,0.14928736285973684
2010-10,21,2010-10-29,1.3897809523809523,1.5858665980564157,0.12888055702476858,0.012226906998964818,0.7671722109035484,0.9812433731089458,0.982064394110193,0.5945295965844004,1.0331797287694489,0.1497753357372971,1.3857,1.5953258116509323,0.1289419077484251,0.012386698846875837,0.7712043633125556,0.9747467642093416,0.9792932862190812,0.5862171080463661,1.0108695652173911,0.14802905672470887
2010-11,22,2010-11-30,1.3660954545454547,1.5974125430774804,0.12894674295601252,0.012122016617171251,0.7700180634599018,0.9889046195571471,0.9876523953709789,0.5839688972000597,1.0162153825580933,0.1466311763713606,1.2998,1.5517220796275295,0.12871983283653038,0.011924770642201836,0.7548638132295721,0.9560867966164032,0.9768525477228318,0.5809681312296072,1.000615858352579,0.14172163768194954
2010-12,23,2010-12-31,1.3220130434782609,1.5588090046371965,0.12863020647594092,0.01200737080607449,0.7658527393779607,0.99390479871607,0.9920152156572376,0.5905442298106289,1.032307598113409,0.145990393144567,1.3362,1.5523671216961952,0.1286589123401633,0.012298205246203404,0.7797619047619048,1.017204628501827,1.003002552169344,0.6025161203048204,1.0686180422264877,0.14903797891919024
2011-01,21,2011-01-31,1.3359666666666665,1.5770217405451432,0.12852811267729766,0.012102858668654074,0.7769909821074915,0.995773725720646,1.0062434183992532,0.5971600453818426,1.0453776475753025,0.14990815812645375,1.3692,1.5904286212103613,0.1282478784586276,0.012171748599875545,0.7808828561651647,0.994841241008501,1.0009503618685578,0.5962895218186569,1.0621363742145684,0.1544152475470847
2011-02,20,2011-02-28,1.364895,1.6126722128986475,0.12838539746991123,0.012103967779069604,0.7834617516716265,1.0078313991953889,1.0122284123633398,0.5995631621715833,1.0521905550654183,0.15531146819198743,1.3834,1.6221857410881801,0.1283647734548255,0.012214374006710223,0.7868274371516324,1.017131093301963,1.0220908755079423,0.6032618175475318,1.0774143302180685,0.15820229858768367
2011-03,23,2011-03-31,1.399917391304348,1.6156134404330595,0.12832324232488998,0.012238649413820525,0.7883591748006048,1.0105898943980143,1.0240005236170924,0.6029043702542887,1.0880790270887604,0.15753939773734724,1.4207,1.6076722869752178,0.12850152407311935,0.012079755122863703,0.7935984806166909,1.0342894583576006,1.030612985128763,0.616141903027149,1.0924259900038447,0.15904129677932138
2011-04,19,2011-04-29,1.444178947368421,1.6356495546351992,0.12863498887788588,0.01199431330233743,0.8012288858907745,1.0571334459344597,1.0438975248406221,0.6309717314628592,1.112996834643302,0.16100859803747236,1.486,1.6664797577660646,0.12873937640240152,0.01231457694538825,0.8162592694314749,1.0958702064896755,1.0537512409587293,0.6333106034776679,1.1548923603015466,0.16670406102759705
2011-05,22,2011-05-31,1.4348636363636365,1.6343921013538172,0.12862787779717355,0.012319683275240011,0.8077620397127792,1.0678396299244601,1.0333829234091743,0.6202941411926236,1.1445380285918014,0.1601912243335261,1.4385,1.6495613783613323,0.12857985626944116,0.012271796621736905,0.8102399459276781,1.0652399289099526,1.0286020736503396,0.6320854205114685,1.1718940936863542,0.16175279989205235
2011-06,22,2011-06-30,1.4388409090909091,1.6213715965012379,0.12844344818957684,0.012430551694109454,0.8100173701737766,1.0605895043659685,1.0231211922574022,0.6296776986337261,1.1899516229473628,0.15792551566463278,1.4453,1.6013517256661682,0.1284996665925761,0.01243268817204301,0.8137492258318788,1.071783463107156,1.0359830836499175,0.6394849785407726,1.1973324496727693,0.15754477376034184
2011-07,21,2011-07-29,1.4264285714285714,1.6122812910131104,0.12838670665714869,0.01259703564617501,0.8217364367801859,1.0767109386632023,1.0459569730516645,0.6388236867256804,1.2128424958663468,0.15618233170558055,1.426,1.6299937132079785,0.12831356740511454,0.012894475088163486,0.8297934244981088,1.09272030651341,1.0519327235172617,0.635727341625429,1.2489052373445437,0.15724067968551864
2011-08,23,2011-08-31,1.434321739130435,1.6360919209990619,0.12824107737414694,0.01298893477159488,0.8271539905161849,1.051025083045816,1.019469966276374,0.6267656602545132,1.2815271817468303,0.15650514083344974,1.445,1.631662149954833,0.12830530446981941,0.013071008593396653,0.8314632602566316,1.0680759849212802,1.0218513542182308,0.6245947698292631,1.2382176520994002,0.15768223483195112
2011-09,22,2011-09-30,1.377,1.5795716307236178,0.12829131304674066,0.013022261589956063,0.7995060146649394,1.0237305768893439,0.9983708585371107,0.5759390107234063,1.1483405773217725,0.15078907730501667,1.3503,1.5580684243927767,0.12833965384505716,0.013009923884767318,0.7676957189152311,0.9732593340060546,0.9573200992555831,0.5386763473889975,1.109531635168447,0.14585223590408297
2011-10,21,2011-10-31,1.3706333333333334,1.5746913000103422,0.12855676596952975,0.013046237302469534,0.7835145439718578,1.0139897896863483,0.980357942271184,0.5634299981623613,1.1148044701472024,0.1504046947484618,1.4001,1.603596380712404,0.12876258794316456,0.012819080754440578,0.8005145797598626,1.0586767485822306,1.0050969131371141,0.5920835623969214,1.1484701829218273,0.1554112554112554
2011-11,22,2011-11-30,1.3555727272727274,1.5810450513237895,0.12849512242629485,0.012908583048352863,0.7756696308888915,1.0107920832242387,0.9754858226571353,0.5601407442694871,1.101482535706658,0.14835461381362033,1.3418,1.5678896938537044,0.12848060055919416,0.012901923076923078,0.7773593650425816,1.0192176224838587,0.9809913730077499,0.5512509757199787,1.0940073379535264,0.14670894380056856
2011-12,21,2011-12-30,1.317904761904762,1.5613635088208282,0.12858035327041256,0.012851671939167355,0.7720489086747548,1.0135293537843082,0.9776194295856738,0.5451853778438107,1.0735698921627057,0.14613294582327582,1.2939,1.549024302645756,0.1287334593572779,0.01291317365269461,0.769308520126048,1.0169771280358406,0.9791146424517595,0.5355768036756489,1.0644126357354393,0.1451862657091562
2012-01,22,2012-01-31,1.2904863636363635,1.5508415948839998,0.12880681500347713,0.012992728561376775,0.7816469301881185,1.0403788698484169,0.9871515968381942,0.5592373019023068,1.0658589667742837,0.14581469724008422,1.3176,1.577775116752485,0.1289312484098871,0.013093510881446887,0.7991751076605811,1.0655021834061136,1.003197807217908,0.5755471104704496,1.093625498007968,0.1480998572504412
2012-02,21,2012-02-29,1.3224095238095237,1.580008867872186,0.1289492680825824,0.01275089999650633,0.7973661656603527,1.0727588661995149,1.0023439590219039,0.5818096777799562,1.0955714656116033,0.14994006317321174,1.3443,1.5929612513330964,0.1289471664812186,0.012456449221645663,0.8037187612100921,1.082890285161914,1.0121216684234302,0.5877492130115426,1.1155090863828727,0.15260875488148218
2012-03,22,2012-03-30,1.3201,1.5819432226051369,0.12882361314532106,0.012126173371639999,0.7940779393021065,1.0530297418420658,1.0061120953334834,0.5578565258911105,1.0945387852731558,0.14854215657005868,1.3356,1.601630890994124,0.12878839014512317,0.012190580503833514,0.7961847988077496,1.0405110626363352,1.0033806626098716,0.5491098959832257,1.1088418430884184,0.15099202984568424
2012-04,19,2012-04-30,1.3161736842105263,1.6014710594291683,0.12883105498945863,0.012301385523150358,0.7996873935313875,1.0349128830101453,1.0072182708924555,0.5394034530978686,1.0946887761485722,0.14847198145435483,1.3214,1.6254382188326466,0.12888438054737336,0.01248370335380255,0.8086903304773562,1.041784925890886,1.0176357335386985,0.5302568218298555,1.0995173905807953,0.14816392891181251
2012-05,22,2012-05-31,1.278890909090909,1.5911723664901123,0.1288023947484118,0.012542972186878543,0.7917362919794644,0.9971891133996849,0.9901054676416057,0.5044723139861489,1.0646446447728215,0.14224127271290285,1.2403,1.5505688211026376,0.12878606954842328,0.012700184312922384,0.7773251441464026,0.9738536432160804,0.9719457722749001,0.4974132745137357,1.032722731057452,0.13819190658703986
2012-06,21,2012-06-29,1.2526285714285714,1.5545419538465446,0.12888164921593087,0.01262049152165675,0.7821196722196264,0.9982782629560587,0.9729577114634289,0.48823850446962686,1.0429339040403998,0.14116640681410367,1.259,1.5604858701041149,0.12891928976632738,0.012573654249475682,0.7881557530987855,1.0203420050247183,0.9781679745163546,0.48821157127346043,1.0465502909393183,0.1435117636330476
2012-07,22,2012-07-31,1.2288454545454546,1.558925908275146,0.12893467198574063,0.012661296337341803,0.7931430697224843,1.0300453119654915,0.9861715420042408,0.4932279502254517,1.0231260706527845,0.14381588966011252,1.2284,1.566936666879265,0.12897129538248325,0.01279183588461939,0.8040319413535802,1.0521627408993575,0.9977257959714099,0.48907114703189075,1.0224737805893125,0.1469553774374925
2012-08,23,2012-08-31,1.239995652173913,1.5719146652421698,0.12892886057151437,0.012707965045794306,0.801041811556598,1.0472706127887832,1.0069080316122574,0.49268096569089775,1.0323728021484597,0.14975046217411145,1.2611,1.5857906318767685,0.12893891990266448,0.012743532740501214,0.8009018163343072,1.03360380296697,1.0099303275406424,0.4887226786544722,1.0501290698642685,0.15127995969386532
2012-09,20,2012-09-28,1.28557,1.6105162647309268,0.12896149480763786,0.012792744338435644,0.8117461176315027,1.0390903012456305,1.0216852380583434,0.49319889066470435,1.0634297666411678,0.15136605328748695,1.293,1.6201992356368646,0.12896726445769913,0.012882335359171066,0.8158758202927814,1.043078412391094,1.019394512771996,0.4929094236047575,1.0686833622613439,0.1530213732869417
2012-10,23,2012-10-31,1.2974173913043479,1.6084088739592695,0.12900183174189508,0.01266206677622049,0.817058961601485,1.030071891029727,1.0136335783902088,0.4926919250048279,1.0724627545578749,0.150613361409085,1.2993,1.6111352222704445,0.12903065632541189,0.012519753324339949,0.8195925061502555,1.0371168582375478,0.9990772779700114,0.4923642426768729,1.0759357403113612,0.15108139534883722
2012-11,22,2012-11-30,1.2827727272727272,1.5957007062487825,0.12902115337823608,0.01234528518157704,0.8172947871416611,1.0402769917579873,1.0031576115562462,0.4839392764456207,1.064398362754299,0.14902844400871992,1.2986,1.601628021706956,0.12903033494629532,0.012094626059420695,0.8188410366353489,1.0410453743787076,1.0063546187228767,0.4740973312401884,1.0773187323709972,0.1499105339105339
2012-12,19,2012-12-31,1.311936842105263,1.614932266017813,0.1290274118144569,0.011962945136312693,0.8194917302734208,1.0473213328019717,1.010478724471687,0.4812243830210124,1.0850491207303774,0.1516543381806329,1.3194,1.6167136380345544,0.12902405632700956,0.011613414312120412,0.8189435789212339,1.0379169288860917,1.00433889015757,0.48801597869507324,1.0929423459244532,0.15374038685621064
2013-01,22,2013-01-31,1.3288045454545454,1.5960042353194752,0.12897682969908128,0.011232391503605185,0.8139640703089414,1.0498085713445042,1.0076265231238148,0.4922949129797311,1.0814335108138546,0.1541213698202629,1.355,1.5810968494749125,0.12891747378836602,0.010987674343172235,0.8080868320610687,1.0415865938965332,0.9980113427119394,0.5038673211363974,1.097877167395884,0.1569649580075297
2013-02,20,2013-02-28,1.335905,1.5489766571936636,0.1289380984624458,0.010739689399056968,0.8073925631727474,1.031453991561935,0.9912249113580239,0.5069290386587479,1.0862705990666157,0.1570109499454551,1.3129,1.5213209733487834,0.12893057055877444,0.010844139753861403,0.8085853298023034,1.0249824342259348,0.9753361563033949,0.5074794171079587,1.0753542468670652,0.15541876294761764
2013-03,20,2013-03-28,1.29636,1.5075508299725127,0.12887855540886312,0.010542057830616932,0.8019954647982704,1.034145693202811,0.9758298719181016,0.5045809974547081,1.0568770631072322,0.15531203204807467,1.2805,1.5143093661305582,0.1287970227318447,0.01059402664019194,0.8053459119496855,1.0403802404939877,0.983411412333922,0.4981908726607789,1.050020500205002,0.15325601713882206
2013-04,21,2013-04-30,1.3026,1.5311327354186446,0.1288303590261821,0.010217592446691274,0.808039336510309,1.0389209347152575,0.9818278361409616,0.4998715771110146,1.0678187724402437,0.15426593725652402,1.3072,1.548264834774369,0.1288491109095927,0.010264625049077346,0.8105158730158729,1.0334413787651198,0.9893286914402483,0.49824668394572336,1.0681483902598463,0.15303207679700304
2013-05,22,2013-05-31,1.2982045454545454,1.5289238007163144,0.1288332232964196,0.009901704872366501,0.8004483065300246,0.9888706023322975,0.9793021723076717,0.4915540962461948,1.0454989455733423,0.15144182098390357,1.3006,1.5235752357523575,0.12879650627345737,0.009968575151375796,0.7924689251767,0.9605612998522894,0.9681405389310704,0.4701417004048583,1.048363694986297,0.15153562939833154
2013-06,20,2013-06-28,1.318875,1.5481532246382064,0.1288603233539857,0.010274131180678433,0.793898813582534,0.9437487945689466,0.9701185385327769,0.4611248131532357,1.0703314880769146,0.15189756293050008,1.308,1.525898273448437,0.128896203080501,0.010108972872710412,0.7905711695376246,0.9230117846305836,0.9537698702056293,0.45261081698328665,1.0601394067109742,0.14902076948492132
2013-07,23,2013-07-31,1.3080130434782609,1.517560274094445,0.12892574143543858,0.010031352119280176,0.7882015253795934,0.9160571498309826,0.960445673685482,0.44435647335183115,1.0577872420283625,0.15104032203138693,1.3275,1.5197481396680022,0.12895110057700152,0.010211538461538461,0.7855494407953133,0.9015280135823429,0.9711756529373033,0.4376854599406528,1.0777786798733457,0.15236204205307133
2013-08,22,2013-08-30,1.3309499999999999,1.549415617078803,0.12893989844062265,0.010212017332451192,0.7856627899959676,0.902926898569053,0.9608112966083109,0.4272181585303276,1.078781145741292,0.15292572258489065,1.3235,1.5498565489782774,0.12896216395295584,0.01017998615491116,0.7846682871880002,0.8930499325236166,0.9496986222732491,0.42526187263029364,1.0751421608448415,0.1512519570757574
2013-09,21,2013-09-30,1.334790476190476,1.5858480544988751,0.12895988110452658,0.01008070683254728,0.7916852368092302,0.9283670786248428,0.9660472693864127,0.4400449204491277,1.0818662047750456,0.1538653293756242,1.3505,1.6153340111237366,0.1289604858577949,0.010248140840795264,0.7962384293378929,0.9322794422200745,0.9707446808510639,0.4441557587318293,1.1047034764826178,0.15599191452497835
2013-10,23,2013-10-31,1.363495652173913,1.6094366569023724,0.12896798958992634,0.010227062171087388,0.8041520314560513,0.9516588696928584,0.965164012559189,0.45664418464892303,1.107057324788373,0.15586948285968202,1.3641,1.6044460127028937,0.1289819306158341,0.010180610493320396,0.807303071551163,0.9503936459276807,0.9571959862465792,0.4552766837994794,1.1060569204573096,0.15491982010630084
2013-11,21,2013-11-29,1.3492904761904763,1.6105554205607537,0.12899086123167158,0.009998923897088499,0.8015783850234056,0.9325267494375262,0.953953766406781,0.43587606325497946,1.0955231341337186,0.1519520857312227,1.3611,1.6344641248874212,0.1289860978175374,0.009777314848071258,0.7968036529680366,0.9114102049015669,0.9456023343059607,0.43090511919460533,1.1067653276955602,0.1528038170081392
2013-12,20,2013-12-31,1.37036,1.6384462483197566,0.12897053563067268,0.009673332441281806,0.7947164804407129,0.899112637458753,0.9398921204368254,0.42648703107828495,1.119172000142858,0.15295088500843237,1.3791,1.6541921554516013,0.12896860651061878,0.009529436152570481,0.7919490065464568,0.8941840108928224,0.9400177220366709,0.42334847740667975,1.1234115347018572,0.15567044056393992
2014-01,22,2014-01-31,1.3610227272727273,1.6462696047535308,0.128901611852432,0.009621479650707539,0.7854929677896962,0.885190203721449,0.9146187104458161,0.41964859718246106,1.1050186950656384,0.15407052570088411,1.3516,1.6455834905947524,0.1287618249197382,0.009784985158908275,0.7822664660261603,0.871100799175045,0.8932654814618994,0.41170915958451365,1.1060556464811784,0.152707634251884
2014-02,20,2014-02-28,1.36585,1.6554432388688187,0.12883825725461046,0.009802187898745788,0.7897250310362599,0.8973073801531537,0.9049298963331165,0.4192549909122406,1.1184286475428746,0.15395268761773598,1.3813,1.6717700453857791,0.12888627626618893,0.009822228542985138,0.7899010693658146,0.8961333852342026,0.8994595298560917,0.43004358655043584,1.1365917880358758,0.15603501835639652
2014-03,21,2014-03-31,1.382252380952381,1.6619968480336038,0.12884222718919536,0.00977027409307392,0.789291722707347,0.9084426436082753,0.9003859761870271,0.42950633699198104,1.1351728391805744,0.15589779801803028,1.3788,1.6648152620140062,0.12889233731876268,0.00968122454711417,0.7939652193942186,0.9228297972023292,0.9056157635467981,0.4408492134544059,1.1307200262424142,0.15408513348904262
2014-04,20,2014-04-30,1.38125,1.6738679241365333,0.1289596534813628,0.009753624994771897,0.7963340192382036,0.9313621758721841,0.9098418212432786,0.44757735751408206,1.1331583345825096,0.15291843517145381,1.385,1.6828675577156744,0.1289823894802522,0.009748715421975083,0.7956569196300339,0.9266073459557103,0.911724047133171,0.4432283666154634,1.1352459016393444,0.15266250013778204
2014-05,21,2014-05-30,1.3732142857142857,1.6841919275667745,0.1289940254186217,0.009826759947005183,0.7988974077295669,0.9306723313272581,0.9185234351472124,0.4500635552530742,1.125194537702951,0.15207548960461392,1.3607,1.6734718976755627,0.12898730697405467,0.009834489736918183,0.7976434726537311,0.9297574308165357,0.9228212953543574,0.448853702787399,1.1149623074401835,0.14981887847791858
2014-06,21,2014-06-30,1.3592380952380954,1.6904769510390156,0.12900235052183393,0.009798616451956019,0.7991873115275089,0.9363688148347536,0.922965832868682,0.4473402338882428,1.1158561382051906,0.1495130191507536,1.3658,1.7040548970679974,0.12902189725859167,0.00986564576711933,0.8011966914999705,0.939533603907271,0.9361847967646856,0.45523631757882804,1.123560381704508,0.1488415684052222
2014-07,23,2014-07-31,1.3539173913043479,1.7071010214357945,0.12902491396843868,0.00983073694258966,0.804718503472331,0.9389240472807279,0.9322307480070833,0.44967649727075026,1.1143427463419524,0.14664583440154064,1.3379,1.6875630676084765,0.12903008033639057,0.009718872584628797,0.8020502367963552,0.9293553764934704,0.9157426420260096,0.44365963655657253,1.0994329854548444,0.14501251883244273
2014-08,21,2014-08-29,1.3316095238095238,1.6701565784186283,0.12902373904473055,0.009712291857204895,0.8010999174524197,0.9308194442247756,0.915354403020028,0.4406777108682332,1.098865615986803,0.14493270438625266,1.3188,1.6582421727649943,0.12903099561678147,0.00961855444533586,0.8014098201263977,0.9337959357077107,0.9213357552046947,0.44554054054054054,1.093441671503192,0.14388269436383075
2014-09,22,2014-09-30,1.2901363636363636,1.6307745066317567,0.12898867219065097,0.009323418308859572,0.7917155280527047,0.9059054471141295,0.908767029855074,0.42906903016791664,1.0683751991006842,0.1403409013891431,1.2583,1.6188086967708735,0.12873951299365666,0.009110853667366591,0.7833530473759571,0.87127821631353,0.8950775359226064,0.40826060153791244,1.0431070214706126,0.1375717487563549
2014-10,23,2014-10-31,1.2672739130434783,1.6069924288380635,0.12890765460843412,0.009261416653096585,0.7844818453028616,0.87788433655743,0.8915839199421342,0.40869332161452837,1.0492366681611416,0.1380590003520526,1.2524,1.5969397513547976,0.12894723294723293,0.008934227421886145,0.7773570852212773,0.8789388729033616,0.8869688385269122,0.40776193266914107,1.0378718819922101,0.1351549684883018
2014-11,20,2014-11-28,1.24722,1.5777699203387514,0.12895753559983703,0.008601347094225576,0.7711757560633494,0.8642514005072226,0.8823033041673968,0.39192218630476433,1.0369921721720827,0.13500385324690653,1.2483,1.5695963787250093,0.12894861888725906,0.008452163315051798,0.767334644701254,0.8522564347647983,0.8774161805018625,0.39216487072350853,1.0386919620569146,0.1347183250593568
2014-12,21,2014-12-31,1.2331333333333334,1.5642703106630063,0.12895306841892445,0.008385544151294161,0.7605651682028858,0.8261415760924914,0.8674884693749393,0.3795702418754805,1.0254227637926288,0.13114627252686306,1.2141,1.558736679933239,0.12892640968461294,0.00835984300764305,0.7560717399427077,0.8187335626137972,0.8633293038469743,0.37696773993231286,1.0097305389221558,0.1292558288086873
2015-01,21,2015-01-30,1.1621333333333335,1.5154960698670235,0.12897935751416986,0.008455278573058889,0.7475385677904614,0.8076376011739852,0.827910467251697,0.37948025926770634,1.0684472567559382,0.12340381530654494,1.1305,1.505125815470643,0.1289994979232279,0.008494890291553953,0.7392754381375883,0.7777777777777778,0.7892899532220904,0.37540678754067874,1.0799579671379442,0.12076443191043884
2015-02,20,2015-02-27,1.134965,1.532786309379345,0.1289434929717596,0.008426974975558296,0.737876812345281,0.7791385131877802,0.7993785116344931,0.3551100167265489,1.0689807424355402,0.11960045704350848,1.124,1.5443803242649081,0.12894788165246024,0.008384930995897053,0.7351690758061352,0.7828388354924085,0.8031439799928547,0.3450075201817122,1.0567882662655133,0.11996627282721228
2015-03,22,2015-03-31,1.083768181818182,1.4977734757715835,0.12889421982773375,0.008310082899480781,0.726660586096417,0.7736780954612263,0.7933124500910179,0.31909787389186167,1.0216960612732813,0.11722766815496471,1.0759,1.4793070259865257,0.1289707750952986,0.008343544009305934,0.728238797888182,0.7601384767556875,0.7831562090551756,0.3077693231878254,1.0282901653445475,0.11581145520500317
2015-04,20,2015-04-30,1.0779299999999998,1.4947834803566558,0.12901633976856022,0.008360118799776288,0.7414017468611882,0.7733833161101245,0.809807278710133,0.32876506777982123,1.03851312583144,0.1155914530691011,1.1215,1.5432778312921425,0.12901926948518835,0.008415878733303317,0.7570030374620317,0.791963844361274,0.8319732937685459,0.33747592681752525,1.0695212664505054,0.12025391106679104
2015-05,20,2015-05-29,1.114955,1.5460207834845112,0.1289923925896253,0.008274367961072605,0.7491820426539879,0.7895100138543995,0.8217838099656649,0.32695356882227866,1.0729539971099795,0.11983740399388743,1.097,1.5257301808066759,0.12897991816770915,0.008069143067304156,0.7412663017771471,0.7650997349700097,0.8036630036630037,0.31776837958403337,1.060825838893724,0.11761300283043143
2015-06,22,2015-06-30,1.1213227272727273,1.5559086732244523,0.12898441771784516,0.008082296756322771,0.7430287226758362,0.7717432517786115,0.809397371378471,0.32093589536338235,1.0725414933978439,0.12094509626769008,1.1189,1.5728141692437447,0.1289946967950196,0.00816655718560689,0.742567029466419,0.7690034364261168,0.808512175735241,0.32245886048589295,1.0745222318256027,0.12142159522517634
2015-07,23,2015-07-31,1.0995782608695652,1.5556399843520743,0.12900372896895174,0.00810425162723301,0.7344520213363595,0.7408469051504736,0.7786035432193301,0.3108043344153994,1.0480774526603038,0.11715449842144368,1.0967,1.5575912512427212,0.12897497412738734,0.008043860935895555,0.727158201829996,0.7243725231175694,0.7663871418588399,0.29661383675014874,1.0380501656412684,0.11590327830737039
2015-08,21,2015-08-31,1.113904761904762,1.5596073168019562,0.12898595046623065,0.008123501396321462,0.7153755055991644,0.7297167031707488,0.7610607598847834,0.28484231562519496,1.033589958046935,0.11706415908832224,1.1215,1.5415171882946406,0.12902669121030833,0.008242081281693247,0.7079282918823381,0.7119278867517298,0.754558299132073,0.2757493054018834,1.036027713625866,0.1180128798720431
2015-09,22,2015-09-30,1.1221181818181818,1.5344977642014335,0.12902999379303723,0.008321309350158086,0.7066957334170042,0.705788127967963,0.7540406112585802,0.2572266814884993,1.028259035681552,0.11947621421578279,1.1203,1.5169939065673663,0.12903114346263708,0.008317618234464327,0.7036618302870423,0.7028671811280507,0.7451775974457896,0.2500223174433137,1.02638570774164,0.11907570974565011
2015-10,22,2015-10-30,1.1235090909090908,1.533043459019153,0.12903111453591512,0.00833200997986299,0.7142454307688478,0.7209037076854956,0.7650716667626618,0.25773470373462415,1.0324302707059987,0.12018705896478853,1.1017,1.5339738234475075,0.1290318802557916,0.008290939193257074,0.7133052767886047,0.7087622233659289,0.7590079228384429,0.2578644321692725,1.0107339449541284,0.11736944154432914
2015-11,21,2015-11-30,1.0736,1.5194148253728388,0.12902185199554883,0.008158071268829751,0.7072059105402586,0.7152508714087361,0.7534645730586901,0.2644773836504556,0.9910711621048909,0.11527240485688091,1.0579,1.5009931895573214,0.129029503957848,0.008123944094609124,0.70809906291834,0.7210824074705201,0.7480025454288342,0.25986882507553616,0.9702834082362652,0.11490170522428586
2015-12,22,2015-12-31,1.0877181818181818,1.4984266491737153,0.12901862165956815,0.008218135137354659,0.7099486580568483,0.724753316580662,0.730066752035833,0.2581936075533963,1.0046811934614919,0.11765482288068584,1.0887,1.48334355201308,0.12902958187162228,0.008306248569466698,0.7061685152753454,0.7308182855608512,0.720230219634824,0.25249901430990096,1.0047992616520536,0.11847216932368464
2016-01,20,2016-01-29,1.085965,1.439399606616766,0.12850549128192404,0.008463193584992451,0.6979048676189243,0.7003126877836302,0.703173146199559,0.2467217894203138,0.9926128714064602,0.1169903465066072,1.092,1.4291323125245388,0.12831811612084465,0.008257088846880908,0.702250803858521,0.7096438783467638,0.7107986721343488,0.24653451934799298,0.9798994974874372,0.11681268251981644
2016-02,21,2016-02-29,1.1092952380952381,1.4304595701609546,0.12849072370941483,0.008714948425721994,0.7112626297251867,0.7131770906247665,0.7243115932378853,0.2524113822365295,1.0068383089427386,0.11787587714218965,1.0888,1.3855942988037668,0.12862222537241144,0.008841968491148286,0.7104730831973899,0.7134993446920053,0.7373196993295863,0.2509102640918099,0.9976177386842588,0.11680022313047769
2016-03,21,2016-03-31,1.1099666666666668,1.4226435982995373,0.12883656683281602,0.008852222553480945,0.7279561319428817,0.7488831891546032,0.7552307321492611,0.2695706344625687,1.0164725698594312,0.1195556515874117,1.1385,1.4383172256964185,0.12896173625427607,0.008901485535574669,0.7439231573444851,0.7688930911055583,0.7724928755597775,0.27650944770971975,1.0415332540481201,0.12341062079281974
2016-04,21,2016-04-29,1.1339190476190477,1.4314056140020686,0.12892251019135145,0.009124601993240746,0.7407405394047392,0.7661666327040596,0.7790263266558993,0.28094029866074854,1.0374906033294022,0.1232177323747566,1.1403,1.4614546619673183,0.128896977369837,0.009320745463462482,0.7447586702370845,0.762844527696013,0.7981940361192776,0.2869545523176808,1.0381463947560088,0.12436606354088277
2016-05,22,2016-05-31,1.1311090909090908,1.454370716499598,0.1288058802253432,0.00918040011638476,0.730026856418668,0.73169444949257,0.7734009802754365,0.2829169089765961,1.0228628870295247,0.12169838125718918,1.1154,1.4640677298680842,0.12873961218836566,0.00900751029637406,0.7258410880458125,0.7258883248730964,0.7676531314521678,0.2798996235884567,1.0099601593625498,0.12005166289958023
2016-06,22,2016-06-30,1.1228909090909092,1.4216970102491748,0.12882874267008806,0.009484763560452254,0.7385242009563707,0.7401405014307574,0.775650253292418,0.2913543020918372,1.030833431956571,0.12031763384699964,1.1102,1.3432546884452512,0.12889069483949614,0.009734327049539677,0.7422611486260614,0.7436532922499833,0.7718298109010012,0.30926514011922673,1.021625103524432,0.11780310265062287
2016-07,21,2016-07-29,1.106852380952381,1.3160982178841756,0.1289163815495133,0.009607031317314678,0.7404394571719026,0.7533135034897557,0.7671679914655746,0.30525475204886837,1.0185953990103902,0.1168316153247112,1.1113,1.3167061611374407,0.12890615937826236,0.009677784551075503,0.7401265401265401,0.751792720876742,0.7589291811787202,0.3046493777071111,1.0267947888755427,0.1161560732913152
2016-08,23,2016-08-31,1.1211739130434781,1.3110680396233618,0.12892795412410668,0.009879565327100945,0.7422278733951183,0.7632478345487897,0.770180319374735,0.31164192632655974,1.0304000830894327,0.11812893343447925,1.1132,1.3126429733745253,0.12890674757112916,0.009679158334057907,0.7332850273368026,0.7518573551263001,0.7633545909620791,0.30908485117725454,1.015971525052478,0.1169831545098204
2016-09,22,2016-09-30,1.1212090909090908,1.3157142793548076,0.1289273657784108,0.009817233504373636,0.7356873663137319,0.7592864104425455,0.7639684780289611,0.3077582143888326,1.026878084600626,0.11721649807802806,1.1161,1.2962382263103494,0.12895883161750263,0.009869130780794058,0.7325894322284214,0.7614791567169271,0.7597685500340368,0.30822977078155206,1.0262044869437295,0.11600665211516475
2016-10,21,2016-10-31,1.102604761904762,1.2336522255578855,0.1289105577456636,0.009632019173668138,0.7226946375527714,0.7620273807350897,0.755542312884204,0.31369014487279323,1.0127813562097974,0.1135968664365165,1.0946,1.2155469183786787,0.12894789543746393,0.00952074454205445,0.7177234279719363,0.7602972841564215,0.7464030003409479,0.3142151796991618,1.011645101663586,0.11095793208312214
2016-11,22,2016-11-30,1.0798954545454544,1.2428395794278215,0.12892960534323986,0.009239857247596496,0.7089084826154334,0.7535083619913373,0.7437883771083598,0.2995981344558894,1.0038258446854025,0.10961768782598393,1.0635,1.247507331378299,0.12892628107990153,0.00882719123505976,0.7006390407800249,0.7441746553775103,0.7472071945478816,0.2944515200177197,0.9844487642321575,0.1090344276077016
2016-12,21,2016-12-30,1.0542904761904761,1.248620018611606,0.12888274397434443,0.00861415364623854,0.696492149532438,0.7344618480094739,0.7493288591960497,0.29793468019201813,0.9806835604542324,0.10858614957532596,1.0541,1.2311663435258942,0.12894031877285905,0.008542139384116694,0.6919390836287252,0.7221841600438477,0.7429517902452777,0.30727299227517857,0.9815625290995437,0.1103480764197854
2017-01,22,2017-01-31,1.0614409090909092,1.2328894321765487,0.12892227217447208,0.008691076520127143,0.6994713988603146,0.744889498772023,0.7564569435897084,0.312852342479545,0.9907535191855182,0.11160538271528893,1.0755,1.2490563846466523,0.12890119372932546,0.00881991143185173,0.7075192421551213,0.7575010564868291,0.765153671030165,0.320709706277024,1.0081552305961754,0.11380350246018728
2017-02,20,2017-02-28,1.064265,1.248073308429651,0.12886678280781796,0.008856676107550542,0.7069462876481858,0.7664272894063149,0.7633464887486572,0.32231625668525754,0.9983952320903073,0.11231314952320728,1.0597,1.242248402789989,0.12883577299032245,0.008917781704956662,0.7145168902973502,0.7675092344462954,0.7577946224256293,0.32298079853703143,0.9952103681442526,0.11076038672589496
2017-03,23,2017-03-31,1.0684695652173912,1.2343984827307128,0.1287559253900618,0.008854800989955119,0.7116921194019055,0.7622498562343473,0.7468729341721323,0.31978796223040795,0.9979670527876146,0.11214222291559901,1.0691,1.2496347293490584,0.12869249103209188,0.008942701798410706,0.7155957161981258,0.7646259476469746,0.7494567122327374,0.316301775147929,0.9995325355272998,0.11215668995614864
2017-04,18,2017-04-28,1.0722666666666667,1.2642215753183128,0.1286260919994276,0.00906526042320518,0.715046705874389,0.7529900509725403,0.7443290470259132,0.3189648105239568,0.9996197860222726,0.11176351738177631,1.093,1.2939045612207452,0.12858218436779445,0.008976675427069645,0.7163455236597195,0.747146079704696,0.7328684457556658,0.3148222823895386,1.0091404302465146,0.11347826989763075
2017-05,22,2017-05-31,1.10575,1.2924637273479103,0.12841425992496622,0.008910584596673472,0.7169112470338868,0.7432006697369616,0.7351556354565996,0.31233254902475543,1.0140857783166626,0.11387813525422653,1.1221,1.2843816173524867,0.1283558870294323,0.00902009646302251,0.7230957597628561,0.7453832868340641,0.7427190892242521,0.30755104837604497,1.0298274596182087,0.1150187580721212
2017-06,22,2017-06-30,1.1229454545454545,1.2801211551716964,0.12822272680345737,0.00901427553816226,0.7225647258770768,0.7556946288595292,0.751648303554285,0.3039438073257845,1.0326904494532132,0.11513139411368538,1.1412,1.297806284330115,0.1281268244487358,0.008933072407045009,0.7264162953532782,0.7684331021480034,0.7718633750422726,0.30351063829787234,1.0440988106129918,0.11838419884229964
2017-07,21,2017-07-31,1.1511142857142858,1.2989422468716274,0.12805424710534533,0.00889008147759289,0.7289929250030996,0.7794119486612517,0.7862629901110897,0.3117914314413457,1.0408724380042662,0.1200479452612656,1.1727,1.31145157682845,0.12802681281250683,0.009041634541249038,0.7367131549189597,0.7970502276897982,0.801846153846154,0.318980524426069,1.0323972180649708,0.12289489955251881
2017-08,23,2017-08-31,1.1806739130434782,1.2958183209271497,0.12785067308758077,0.009103112977451427,0.7347219256850707,0.7913832981691458,0.7929984520197259,0.31739078330148246,1.0358944174843334,0.12365296651729916,1.1825,1.2857034129581508,0.12780191513736683,0.00903982875926917,0.7347458680253511,0.7874933404368674,0.7899131596526386,0.3160919540229885,1.0331120041936048,0.12471260731084817
2017-09,21,2017-09-29,1.191457142857143,1.3320247823308717,0.127983870689616,0.009032558408461165,0.7407710266835397,0.7971758829146665,0.8139533084483647,0.3192929474718194,1.038790998018594,0.12498117896984089,1.1806,1.338882714509288,0.12802828203960356,0.008888721578075591,0.7364481317447447,0.783150912106136,0.8038401307278547,0.3136973561844028,1.0304617264554423,0.12235464815006739
2017-10,22,2017-10-31,1.1755863636363637,1.3198416174692014,0.12811147001250023,0.008854911618544068,0.7351268776868909,0.7786123601874754,0.7943113268305996,0.31350841143007274,1.0182618539951866,0.1222894907698405,1.1638,1.3247128726395228,0.12821558020910223,0.008816666666666667,0.733795712484237,0.7651545036160421,0.7756598240469208,0.30578838119761426,1.0013766993632767,0.1194682543756095
2017-11,22,2017-11-30,1.1738,1.3219399240451393,0.1281207864490233,0.008866157295720862,0.7377088886424485,0.7625298973321712,0.783713636236164,0.3069105275754862,1.008429027969296,0.11919348310626172,1.1849,1.3467068250269933,0.1280640698629545,0.008903666967237751,0.7412110596772176,0.7566894437703557,0.7761184253618917,0.30642908865211543,1.012821608684503,0.11943593258608177
2017-12,19,2017-12-29,1.183621052631579,1.3409884176352658,0.12798799812472275,0.008856981966018035,0.7426395679480637,0.7643750857554228,0.7834451495464306,0.30398176682243033,1.0125629069434623,0.11911674055882476,1.1993,1.3517351757717841,0.12796628254374734,0.008883045700318495,0.7484398402396405,0.7815065815196143,0.7974599374958442,0.30187017040449043,1.0248675440095711,0.12183303195920275
2018-01,22,2018-01-31,1.2199499999999999,1.3812625801927507,0.12788489637883155,0.00901968160054508,0.7566545262632346,0.7952898880967141,0.8043511685787141,0.3114496875310043,1.040719257998564,0.12423295751453214,1.2457,1.417017404163349,0.12787820927391622,0.009186578171091446,0.7647961689587426,0.8111610340561307,0.8147155003270112,0.3164245072139809,1.0710171094488865,0.12757437656818066
2018-02,20,2018-02-28,1.23478,1.3969022438499876,0.1278439296128588,0.009264964579414657,0.7577912670136968,0.7872966864718498,0.7953190612647169,0.3078700195795777,1.0697815141237885,0.12425580197497935,1.2214,1.3814398009387547,0.1277681887127988,0.009343635250917992,0.7557233015715876,0.7810961181812368,0.7825474115838033,0.3083175564811309,1.0602430555555558,0.12102295809676684
2018-03,21,2018-03-29,1.2336190476190476,1.397376847212345,0.1275374864617284,0.009427347162432577,0.7604555447639983,0.7764380942794608,0.7737772330571782,0.3051825250493945,1.0558001063710425,0.12141221579229379,1.2321,1.4082752314550233,0.12741995532390168,0.00939458635150591,0.7625324916450056,0.7683337490646046,0.7751494180559925,0.300967316429723,1.0460140928771542,0.11980397304629387
2018-04,20,2018-04-30,1.22763,1.4077053754962348,0.12741401552649895,0.009289392612020872,0.7598766840539521,0.7686500415693909,0.7858470648253938,0.293635998062744,1.0325588750880343,0.11837145893115444,1.2079,1.3732378353797179,0.12741426778198542,0.00914244626097487,0.7541833166833167,0.7543246112533567,0.7771844035516664,0.28806162358103593,1.0092747326203209,0.11504576495575895
2018-05,22,2018-05-31,1.1812227272727271,1.3464719629997426,0.127407961139538,0.009116689602286409,0.7466779703849881,0.7526443024021771,0.7772591659350895,0.2753252524723812,1.0028207680536985,0.11422440278367647,1.1699,1.3342837591240875,0.1274151037922847,0.009187936856985785,0.7472534491568726,0.7589853380044115,0.7779624950126346,0.2681657727043506,1.015009543640465,0.11393317296923541
2018-06,21,2018-06-29,1.1678285714285714,1.3288099840788685,0.12743352775788575,0.009086158793609035,0.7421091395705497,0.7497313692231601,0.7620071611014949,0.2651705291866803,1.010045147131653,0.11362465276756309,1.1658,1.3157271034366005,0.12745441028556434,0.009034407935523868,0.7333920483140413,0.7384556913916513,0.7549540214998057,0.2597825118103218,1.0076929725991874,0.1115277910647661
2018-07,22,2018-07-31,1.1685727272727273,1.3170954829028618,0.1274237250130463,0.008973347670849131,0.7335138870934862,0.7399818335513859,0.7609836424890463,0.2611298903183773,1.0054854933954915,0.11337379328267315,1.1736,1.3154001344989912,0.12740734307488547,0.008969734026291653,0.7346019028542814,0.7425968109339407,0.7671591057654595,0.2678351362453786,1.0124223602484472,0.1144194208832992
2018-08,23,2018-08-31,1.154895652173913,1.2877013212813062,0.1273944521673422,0.009008789473990015,0.7306114762227077,0.732706851948044,0.7667165325268289,0.25500510112581753,1.0119361792987704,0.11035028105762264,1.1651,1.2983062179630043,0.12739877314030157,0.009028283611003487,0.7297839022862512,0.7223634447268895,0.7669167983149026,0.2397769134201807,1.0327985107703217,0.10970293300692058
2018-09,20,2018-09-28,1.16587,1.3058965654060903,0.1275916534216039,0.008932059544651608,0.7293111509648111,0.7201653069699604,0.7664982713139106,0.24285400109681315,1.0330522451874322,0.11165833078365986,1.1576,1.3046320297531837,0.1278000419523289,0.00882115369961137,0.7308542205947345,0.7213359920239282,0.7684545937334042,0.2487589986032019,1.022976316719689,0.11229023183625958
2018-10,23,2018-10-31,1.148404347826087,1.301048739107019,0.1275851565066409,0.008860388106435874,0.7248481502253188,0.7107281066545259,0.7689520951706641,0.2657570184474272,1.0062019203672201,0.11059803439984607,1.1318,1.273502638596649,0.12747361663306564,0.008831837690206788,0.7210754332313964,0.7086150763836714,0.7618470651588582,0.2698424051689197,0.9928941135187297,0.10881122914964186
2018-11,22,2018-11-30,1.1366863636363638,1.290036429593471,0.12771694556594057,0.008825996213386044,0.7272918482129916,0.7249155949451714,0.7578797497147842,0.2645608998758562,0.9991165386564226,0.1104461263358211,1.1359,1.2753177347644495,0.1278432431824065,0.008806109000697728,0.7290289455105576,0.7297783488596209,0.7514554114845197,0.2590835481148644,1.0016754850088183,0.11007316245942148
2018-12,19,2018-12-31,1.138421052631579,1.2681243043745054,0.12787565131075662,0.00890304912460451,0.7299770859765548,0.7184571174573599,0.7452342997560973,0.25749410981093723,1.0080929446965563,0.11077932625671603,1.145,1.2800017886487876,0.12768330080847506,0.00909813269765594,0.734398050157142,0.7059186189889025,0.7337391861582826,0.25765076507650764,1.0160617623569084,0.11165502983968484
2019-01,22,2019-01-31,1.141640909090909,1.2887195243293936,0.1275184987405082,0.009181686095406594,0.7372022673017756,0.7146828535918106,0.751306067421755,0.26739010419108006,1.010591626961707,0.11118150456830729,1.1488,1.3117449587796022,0.12745043655768443,0.009204390673824213,0.7431269810466395,0.7276873376829037,0.7603415183003509,0.27325705858566635,1.0069243579630116,0.11074906005977057
2019-02,20,2019-02-28,1.135115,1.300885089230862,0.12742344112519924,0.009060708386902849,0.738769433054655,0.7141484650520559,0.7570169494288358,0.2687770471870181,0.9985519340668935,0.10812713902584281,1.1416,1.32999359235743,0.12739223103790745,0.00902878835811452,0.7417803768680962,0.7140355266449837,0.75894163010238,0.2674287856071964,1.0071460079400087,0.10888558238907328
2019-03,21,2019-03-29,1.130247619047619,1.3169849374412603,0.12739789704441215,0.008993802708560972,0.7384125256859145,0.7082290460064384,0.7483124726088481,0.26065061367256137,0.9993115174931717,0.10764831523670415,1.1235,1.3089828731212863,0.12738817393276264,0.009027721976697468,0.7384645721046403,0.7101321029012072,0.749,0.2561267525361906,1.0048296216796349,0.10804962492787074
2019-04,20,2019-04-30,1.123825,1.3040787444646467,0.1274702788244717,0.008959421800451419,0.7374633902262867,0.7112194461792232,0.7474775544827567,0.25695830100744943,0.9928854026806228,0.1072230605368101,1.1218,1.3006678415731379,0.12746713329621506,0.00897942847994877,0.7349800170346589,0.7050468229526742,0.7441459369817578,0.25466515323496025,0.9808516219288275,0.10548189938881053
2019-05,22,2019-05-31,1.118459090909091,1.2831960203057937,0.12741716693928432,0.009097347188152348,0.7291111189576305,0.6940122142892978,0.7427710018112319,0.24969837950497809,0.9894835563574103,0.10416789213630624,1.1151,1.2572581827201696,0.1275026584492951,0.00919518429949699,0.7251268045259461,0.6910634605850273,0.7377439629507112,0.25079843461832574,0.9943820224719101,0.10481248237616318
2019-06,20,2019-06-28,1.12934,1.2673958992196146,0.1277777740222373,0.009250807256780503,0.7338084206464471,0.6943823538412698,0.7523457268824049,0.2590245915112188,1.011341578349276,0.10628136409562247,1.138,1.2693101332887178,0.1280579749285441,0.00928221859706362,0.7392010392984735,0.7005663629647869,0.764117370576781,0.2615430580772678,1.0247636199909949,0.1077314854259559
2019-07,23,2019-07-31,1.1218391304347826,1.2473595485892761,0.12800814631877144,0.009240455345891397,0.7347589923100665,0.6984978867238254,0.7635148281901832,0.2645102139825047,1.0128913795171268,0.10623356208828987,1.1151,1.2170524868209947,0.12774805531052022,0.00921265697290152,0.7306860625122862,0.6893972179289026,0.7605374437320966,0.2643669985775249,1.0099628656824562,0.10456186412865112
2019-08,22,2019-08-30,1.1126227272727272,1.2153068299308756,0.12753167815344113,0.00941494357901866,0.7220930328734126,0.6771659092789545,0.7534133696829012,0.24930583784619334,1.021502374673342,0.10363999604766848,1.1036,1.2185722961408934,0.12751158303388832,0.009409959072305593,0.7207419017763845,0.6730089035248201,0.7528994405785236,0.2405457834739205,1.011641763681364,0.10181281424419945
2019-09,21,2019-09-30,1.1003904761904761,1.235212743205369,0.1276192724152113,0.009306614030406939,0.7247461303523325,0.6808828254837969,0.7548527736351259,0.2428974831925535,1.0092509067879405,0.10287275909597411,1.0889,1.2293814142007158,0.12755365007965513,0.009260141168466705,0.7230411686586985,0.6752449460498573,0.7548176902814362,0.24043896838014484,1.003872038351618,0.10180631649806465
2019-10,23,2019-10-31,1.1052565217391304,1.2630372781986967,0.1275135486560046,0.009248812682131907,0.7295279529302835,0.6793080377259879,0.7579988948340505,0.244500097081798,1.0065356693893999,0.10232151284887253,1.1154,1.2949740517571662,0.12761867713184058,0.009238797316325684,0.7350731514432581,0.6912065439672802,0.7601717440196278,0.2505728534842971,1.0133551376396839,0.10376006995478984
2019-11,21,2019-11-29,1.1050952380952381,1.2885833629423764,0.1277403867122055,0.009183309959583661,0.7344106774693833,0.682996725114696,0.755359087330079,0.24084439939298888,1.0066839965223895,0.10376995220607622,1.0982,1.2885890290407747,0.12776601437978455,0.009118990284812754,0.7313045215422521,0.6767315750554598,0.7514711920076639,0.23638046449557676,0.9985451900345517,0.10459545692652032
2019-12,20,2019-12-31,1.111345,1.3116923646951695,0.1281174658319012,0.009166570694288976,0.7369002705503958,0.6880125071642114,0.7591253786780252,0.2432288349643857,1.0172462571096705,0.10602092839170925,1.1234,1.3204043253408555,0.1284282007019309,0.009212727570936526,0.7434319369995367,0.7023444826508284,0.7695574736265242,0.24877649090949355,1.0350101345126221,0.1075353218210361
2020-01,22,2020-01-31,1.1100363636363637,1.3070597649846434,0.12865150326859015,0.009146716302137271,0.7398728546174766,0.6857247354841666,0.7643243377420009,0.24125822283755438,1.0312068325536712,0.10517582858651144,1.1052,1.312978912978913,0.12874666542408814,0.00918321562110511,0.7323085078187118,0.6700618406693343,0.7555889792848841,0.23436605382021755,1.0334767159154667,0.10351416154653079
2020-02,20,2020-02-28,1.0905,1.2967700044398176,0.12861923143219817,0.00908572156246458,0.7194807954709621,0.6667976625480726,0.7528418546761227,0.2304656110126102,1.0241465824017817,0.1031906254290182,1.0977,1.2866436148391256,0.12831092928112214,0.009196548257372653,0.7166546973950512,0.6504888888888888,0.7438503760927017,0.22296473838154046,1.034200113058225,0.10284060034851691
2020-03,22,2020-03-31,1.106340909090909,1.2378046156886022,0.12878521030677736,0.00930611857570946,0.7059977520695339,0.6228875643121846,0.7178927598038004,0.20530470508862972,1.044584278077103,0.10178735297037243,1.0956,1.235968999244159,0.12897757372417445,0.009214465937762826,0.7008251775091153,0.6097846051093672,0.7015431901133379,0.19220715426045157,1.035049598488427,0.0990480323289306
2020-04,20,2020-04-30,1.08619,1.240721658984711,0.12901092352922044,0.009286437984938518,0.7019632292490964,0.6293006613171638,0.7105485561863583,0.18800751935474272,1.0300888077857715,0.09979825956314911,1.0876,1.2514815027904032,0.12901542111506523,0.009386381289376024,0.7097363612633777,0.6552596698397397,0.7213636665119054,0.18570818748399215,1.0301193407842393,0.10198895338478417
2020-05,20,2020-05-29,1.090185,1.2293358237933094,0.12899876490858095,0.00932881546402126,0.7051375010551639,0.6519356205670748,0.7163469112567147,0.17742496061982907,1.0309654286481305,0.10288357369574323,1.1136,1.2361246780925317,0.12896800120444252,0.00933523346466594,0.7087576374745417,0.667585876146514,0.7287958115183245,0.18667650115667012,1.0388059701492536,0.10618861447506436
2020-06,22,2020-06-30,1.125459090909091,1.2522893318724742,0.12902737737460285,0.009292537045295136,0.7174946300872077,0.6895437769586378,0.73781612761579,0.19298810776579825,1.0506387149947989,0.10732300026889222,1.1198,1.2272722291025064,0.1290270544314882,0.009280623238852976,0.7156186094069529,0.6851443954968183,0.7307491516575306,0.18321934618279392,1.051356680123932,0.10670046118077524
2020-07,23,2020-07-31,1.1463391304347825,1.2671276282589308,0.12901429327851793,0.009366510966161251,0.7206398612914557,0.7030945834284567,0.7404400440202549,0.18920508453862872,1.0701903161965385,0.1107349759775983,1.1848,1.3156696611995158,0.12902804247209368,0.009531011181723111,0.7293321021852878,0.7185832120329937,0.7452509749654045,0.19353468694359596,1.100195004178661,0.11521369183643702
2020-08,21,2020-08-31,1.1828095238095238,1.3130701546702903,0.12902786378467967,0.009432081514644194,0.7303332825393681,0.7198165426211298,0.7556398985192073,0.18379224210813913,1.098507563423978,0.11473963816794745,1.194,1.3325149266223981,0.12903086366387134,0.009440974144065787,0.7354481059439483,0.7364006414209942,0.7653355554131145,0.18443287662768962,1.1082235010209764,0.11604851877770002
2020-09,22,2020-09-30,1.179240909090909,1.2968221413651524,0.1290290988951985,0.009472204917764758,0.7322586535108802,0.7232020023204823,0.7566346175074945,0.18531215643134366,1.0933440968048485,0.11309924414051474,1.1708,1.2832794431961418,0.12902514822243286,0.009460245636716226,0.7301527907701902,0.712252098795474,0.7468742026027048,0.17656994631115402,1.0836727138097002,0.1107526983436285
2020-10,22,2020-10-30,1.177518181818182,1.297677409825525,0.12902596309490974,0.009504843187601116,0.735561385590282,0.7127776802655427,0.7568304991663927,0.17797495588290646,1.0964884452516193,0.11326197403574384,1.1698,1.2967807733238736,0.1289661102903887,0.00956031382804838,0.7333249749247743,0.7062730181730362,0.7519928002057084,0.1730294200304702,1.0934754159656008,0.1128605885190545
2020-11,21,2020-11-30,1.1837904761904763,1.3211619078063157,0.12898891354583636,0.009576994249102747,0.7424557489260537,0.7278169336212738,0.7651155152972021,0.18412323859396895,1.0976063251805788,0.11571375534465594,1.198,1.3334075351995103,0.12900863647132305,0.009600128215401875,0.747395345935492,0.7374122861011941,0.7721062129414797,0.18860498433539571,1.105268013654396,0.11770716657823892
2020-12,22,2020-12-31,1.2169727272727273,1.3429400269056861,0.1289975856131049,0.009637198649479053,0.7503591378691902,0.7528488398127693,0.7803495212146342,0.1942510776882463,1.1253788299696819,0.11963160595180139,1.2271,1.3649155200605096,0.1289756364171449,0.009701162147205313,0.7566284375385375,0.7719552088575743,0.7849421096398644,0.1925315760571115,1.1359933345676727,0.12229054343601448
2021-01,20,2021-01-29,1.217085,1.3634604746573484,0.12898015140124158,0.009635861677902651,0.7540938320830711,0.7720677279192893,0.7855480275816427,0.18699934291780557,1.1275889269508688,0.12056307340742993,1.2136,1.3731147392598124,0.12897877631704802,0.009552144824872098,0.7528068978351219,0.767178709147228,0.7819587628865979,0.18230981853142653,1.1239118355250972,0.12002769261200671
2021-02,20,2021-02-26,1.20979,1.38639866660293,0.12898343110963176,0.00948933220073668,0.753275480770898,0.7753702428546533,0.7879609618877008,0.18490213271775227,1.1142679251760952,0.11991918398012054,1.2121,1.3923701653015979,0.12893309222423147,0.009408522859582394,0.7525766794983235,0.7767382249279077,0.7906203117865762,0.1818768381249625,1.1033133078463497,0.11955063715627096
2021-03,23,2021-03-31,1.1899086956521738,1.385651477945734,0.1287778467440912,0.009197161586502413,0.744858956442273,0.7704708815424717,0.794895228766015,0.17698997798994703,1.0754169591802194,0.11701380772746159,1.1725,1.3760283538123907,0.12862988601581957,0.009025479177892388,0.7435946220192796,0.7607708279262914,0.7931944256528211,0.17393819816345,1.0591689250225838,0.1145209653946456
2021-04,20,2021-04-30,1.19791,1.38443058047265,0.1287180217273072,0.009180157552961286,0.7498557203225851,0.7706551969167323,0.7999244068757516,0.1800085397849866,1.0859318529210593,0.1178884203704268,1.2082,1.3909259408493835,0.12878400272874563,0.009179456009724965,0.753007167341851,0.7754316154290481,0.814480248078738,0.18703654968496988,1.0985633751591197,0.11887052341597795
2021-05,21,2021-05-31,1.2145904761904762,1.4081161541362952,0.12877704058879041,0.009161975597228878,0.7519449542393805,0.7759610071307412,0.8244396797607417,0.18844154049647527,1.107369243018953,0.1197003136627515,1.2201,1.418506504830665,0.12885204351040236,0.009119515658868376,0.7564166150030998,0.7734389857369255,0.8284783051537992,0.19103463393248574,1.1109998178838099,0.12055132892006717
2021-06,22,2021-06-30,1.204709090909091,1.40289706014611,0.12883527435086062,0.009082950507106084,0.7500221536629644,0.7643811239449402,0.8188151469065638,0.19854982189640946,1.101217121172491,0.11908270353752747,1.1884,1.3850008740749373,0.12876382824266194,0.00904207562961272,0.743865798698047,0.7496372926260013,0.807227278902323,0.2012531752751905,1.0823315118397083,0.11753535753140143
2021-07,22,2021-07-30,1.1821818181818182,1.3808782466300145,0.12869135394985812,0.009069564749994891,0.7380084268374703,0.7423755706708476,0.798509644473585,0.19406651922138038,1.0889921619034044,0.1159264122966779,1.1891,1.396640826873385,0.12861948491633404,0.009119564383771763,0.7390304536979491,0.7370606830719644,0.8039348252315597,0.19584623492983727,1.103982917092192,0.11672949306946245
2021-08,22,2021-08-31,1.177181818181818,1.3802818103336247,0.1284669987227004,0.00910542999943548,0.7381707059206056,0.730409759983745,0.7939657541023316,0.19025405531269365,1.0938703955839801,0.1152356902867484,1.1834,1.3780494905385734,0.1285103055839107,0.009106579453636014,0.7444171856325094,0.7324832879425601,0.7944414607948442,0.1927801127292868,1.0958422076118157,0.11644772447724477
2021-09,22,2021-09-30,1.1770318181818182,1.3737316449143768,0.1285198037942327,0.009078218184203107,0.7419316337456217,0.7317098181394442,0.7894566143037788,0.18997392144491157,1.0840902275266657,0.11572491237824765,1.1579,1.3455661046099496,0.12839306307105472,0.008929590498958896,0.7347081218274111,0.7194159676918297,0.7850169491525423,0.1848764988583928,1.0691597414589105,0.1138735088461198
2021-10,21,2021-10-29,1.160147619047619,1.3698404053519484,0.12853872211148304,0.008842820154990631,0.7402408942958894,0.7405075713062248,0.8036794459860543,0.18073630006082464,1.0834388805616444,0.11537905571307906,1.1645,1.3782696177062375,0.12858452127248435,0.008780726888855377,0.7428553202347538,0.7534778388870915,0.80963637627755,0.17725044902432344,1.0974460465554614,0.1171906448756139
2021-11,22,2021-11-30,1.1414045454545454,1.3461934009090006,0.12835921020048233,0.008772013643569557,0.7369759035731195,0.7309980035554964,0.7959921824989514,0.17997170904369955,1.0847047788711157,0.11365162020208854,1.1363,1.3341082267854838,0.12824911682712387,0.008863494539781592,0.7321048901488306,0.7147439929550887,0.7826835652293705,0.17820959191995234,1.0894534995206138,0.11047054248493099
2021-12,23,2021-12-31,1.1303782608695652,1.331872151946582,0.1282257873658983,0.00877657603930688,0.7338582095714317,0.716336215709394,0.7816148813484763,0.17707390525086203,1.0860614534603499,0.11003884215412656,1.1326,1.347884038653782,0.12821935177113877,0.008686915171038503,0.7412788795078212,0.7253282100544348,0.7869103036198152,0.17949002392989016,1.096312070467525,0.11049432699530747
2022-01,21,2022-01-31,1.131447619047619,1.3549721390386726,0.12833205921080224,0.00870304337322348,0.7402103906652984,0.7175057870956999,0.7922269178893758,0.1806023723088587,1.0878590495780593,0.10924968140582339,1.1156,1.3416232727622575,0.12823872910775455,0.00866216321142946,0.7383189940436797,0.7051833122629582,0.7838122672662122,0.18584041312676994,1.0722798923490964,0.10635904280674992
2022-02,20,2022-02-28,1.13419,1.3536544664831132,0.1282130748321104,0.008680850308166118,0.7425570266646295,0.7167484008505076,0.7864161732401694,0.1926107799794537,1.0841685747201866,0.10767919664251233,1.1199,1.3403949730700178,0.1279680965331261,0.008660583094888251,0.7367278468521807,0.7221434098529791,0.7851233875490746,0.19366051047935254,1.0834945820433435,0.10559615293951251
2022-03,23,2022-03-31,1.101895652173913,1.3174923874957758,0.12783188724818895,0.008434885804885514,0.7359756092389722,0.737357639888934,0.7899530491142958,0.20092741338859454,1.0755428331030488,0.10451722502102914,1.1101,1.3122524971925056,0.1277180791090453,0.008212621143744915,0.73868778280543,0.7486007148155641,0.7988629821531377,0.2094172687656813,1.0812311288594527,0.10739092580052241
2022-04,19,2022-04-29,1.0818736842105263,1.2933334016960951,0.12753601368779294,0.007920791849626782,0.732179672931267,0.7379304590134993,0.7924237625152404,0.21079172150179798,1.0595801298907879,0.1048621076645166,1.054,1.256137674595986,0.1274439863124675,0.007692869133639881,0.7246476452389138,0.7170555820123818,0.7850439445851334,0.2042319020306929,1.0304037540326525,0.1023718409448513
2022-05,22,2022-05-31,1.05785,1.2450185629419552,0.12740504478366746,0.007764833480639214,0.723507474030466,0.7055039763046339,0.77850098646961,0.2017556415630972,1.0217232608545979,0.10079209257561002,1.0713,1.2583100378209493,0.12744013418507547,0.007799213744903901,0.7294205760196092,0.7174044063483559,0.7892875561777057,0.21020308054547238,1.0420192588269623,0.10197709727470895
2022-06,22,2022-06-30,1.0565818181818183,1.232098134464695,0.12741809802310738,0.007464490227065746,0.7224880686779028,0.7024591745728588,0.7805589687279336,0.19876083109118559,1.0314917388323233,0.0996883197526761,1.0387,1.2103239338149616,0.1274588001423435,0.007338561537374594,0.7171856659531866,0.6879263527385919,0.773705772811918,0.1915395821423961,1.042871485943775,0.09680335507921714
2022-07,21,2022-07-29,1.0178904761904761,1.1981559476088204,0.1274033715851736,0.00731413735918764,0.7162731194758537,0.6852173148613809,0.7723151313371324,0.18605478300051947,1.030694062381571,0.09626489322439372,1.0198,1.214192165734016,0.1273890124166188,0.007475443483360212,0.7238784781374219,0.6962993308753244,0.778473282442748,0.19336733726464286,1.0465927750410509,0.0981756919374248
2022-08,23,2022-08-31,1.0128434782608695,1.1987404362142038,0.12744472972459034,0.007401554465910282,0.7226329944924685,0.6961215319875175,0.7744456406414303,0.1943952800141284,1.045205844630625,0.09646317642836377,1.0,1.1623176614168653,0.12740801141575783,0.00720876585928489,0.7158708568974157,0.6853539853334247,0.7627183281214248,0.1942426479157764,1.0208248264597795,0.09364348054088474
2022-09,22,2022-09-30,0.9903772727272727,1.132742980446383,0.12739904711148314,0.006995945195243852,0.7074517793954512,0.6683693240583127,0.7511025171400857,0.1912423478135003,1.0274022183058267,0.09185922217032777,0.9748,1.1039637599093997,0.12738986683394102,0.0069129848946883204,0.6962359831440612,0.6465906075882196,0.727408402358033,0.1853795831431614,1.0195586235749399,0.08943693631701118
2022-10,21,2022-10-31,0.9825666666666667,1.1287083503498248,0.1273935668861571,0.006790342788815548,0.7016713700507168,0.6350359047746599,0.729037090646041,0.19023604048618997,1.0036088171150293,0.08973596470135745,0.9914,1.151251233815247,0.12739328210531725,0.006725915875169606,0.7062259581136914,0.638418442913259,0.7314985612041615,0.1881428625649979,0.9988916876574306,0.0909457847903862
2022-11,22,2022-11-30,1.0201272727272725,1.1741069710434824,0.127714654544761,0.007030023381217317,0.7211808250716012,0.6600811088295717,0.7441206556637684,0.18960132078778003,1.0366149417473907,0.09376685040007038,1.0376,1.1997040051799095,0.1281873888120182,0.007191571943443305,0.731734837799718,0.6726742301458671,0.7400328079309608,0.18843869749196376,1.052973411812462,0.09489231332022498
2022-12,21,2022-12-30,1.0588809523809524,1.2179173333660012,0.12845191373958376,0.007415131966479948,0.739823391470207,0.6751270774960906,0.7364514671305326,0.19050232974401124,1.0733882119235716,0.0963899412867879,1.0666,1.2025751750419988,0.12825415148563665,0.007582823830513294,0.7458741258741259,0.6796660931625566,0.7386426592797785,0.1891604298939453,1.0831725398598557,0.0959017425236922
2023-01,22,2023-01-31,1.0769,1.220838555554944,0.12787280027669645,0.007662752582605539,0.753949851683874,0.6938288512635038,0.744008329136604,0.1921849154437645,1.081117491064373,0.09611096700674072,1.0833,1.23000238438568,0.12760017903837545,0.007668294754724993,0.759251471825063,0.6999870767640216,0.7435140700068633,0.19563686273093384,1.0798444976076553,0.09546175537539653
2023-02,20,2023-02-28,1.07151,1.2100593208349728,0.12744441560118622,0.007527049004770992,0.7512969306184741,0.6907458755654912,0.7441140677577629,0.1934738288497527,1.0817939358953752,0.0959107357140158,1.0619,1.2108185767551112,0.12740099098991015,0.007311850168697928,0.7418611149923152,0.6737944162436549,0.7368676705294567,0.1920947901591896,1.067558057705841,0.09585665282541976
2023-03,23,2023-03-31,1.0705826086956522,1.2139727767042083,0.1274107932903958,0.007487268796701697,0.7458141866494883,0.6677008736119641,0.7308392546058541,0.19193410766519198,1.080570129890334,0.09535859676712811,1.0875,1.2369199272065514,0.1273911464617475,0.007508803424704825,0.751866703539823,0.6684902876813376,0.7379385220872633,0.1971608832807571,1.0909911717495986,0.09640530118345818
2023-04,18,2023-04-28,1.0967722222222223,1.2447075917784571,0.1273943003162904,0.007486501294743127,0.7507736248769452,0.6692711266344317,0.741521184146814,0.1994539211045304,1.1140143177961024,0.09674368098152603,1.0981,1.2471323111868258,0.12739126904024412,0.007352527619685304,0.7480754819810614,0.6589654344695152,0.7329951271610707,0.20012027992418724,1.1160687061693262,0.0967361141699335
2023-05,22,2023-05-31,1.08675,1.2485384916207125,0.1276036056123705,0.007297830156616795,0.7466156473357011,0.6648682842260709,0.7399352694296866,0.2009155883026975,1.1145186558045064,0.09560814887179521,1.0683,1.2363867831722701,0.12764050850697764,0.0071635485817742916,0.738439206469897,0.6475722858701582,0.7326155534220272,0.19678381962864722,1.098621966269025,0.09187464524673626
2023-06,22,2023-06-30,1.0839863636363636,1.2625165047033187,0.12767911135811683,0.007079805449314935,0.7426510246266212,0.6709799732051043,0.7520373415425126,0.20573291261928264,1.1101724831851814,0.09283471021004806,1.0866,1.266020412918861,0.12759961013187407,0.0069139730211249684,0.7375780613630193,0.6626417855836078,0.7537981269510926,0.20584223687201636,1.110134859011034,0.09204184490279954
2023-07,21,2023-07-31,1.1058142857142859,1.2879941581185772,0.12793163812837985,0.007091935791105071,0.7495201366128877,0.6733530194666315,0.7564825744284769,0.20827469296685985,1.1444990437086062,0.09507789713495515,1.1023,1.2852562234011544,0.1282251122536817,0.007033114272953488,0.7519099590723056,0.6706619615478219,0.756762323218454,0.21185447137283545,1.1459611186193992,0.09511195478666035
2023-08,23,2023-08-31,1.0908869565217392,1.270067480377341,0.12778239643472247,0.006906370199637651,0.7403195798713911,0.6486560414415444,0.741937308856526,0.20420674758702922,1.1378120694050735,0.09236516887398624,1.0868,1.2678783919363494,0.12748387096774194,0.006857214966243926,0.7400245131417678,0.6474828716115579,0.7382650635147069,0.20473983647940922,1.1339732888146912,0.09176728869374313
2023-09,21,2023-09-29,1.0683809523809524,1.2400965787364389,0.12773564314936225,0.006770681470268676,0.7336460464792351,0.6427718767863079,0.7390035175954355,0.2024776388654707,1.1129636105500587,0.0902268775520148,1.0594,1.2253348446644612,0.127701635747779,0.006700822264389626,0.7335041196427334,0.6483872942040516,0.7446404723413227,0.1996419485536606,1.0956665632433549,0.09186212876652936
2023-10,22,2023-10-31,1.0562545454545456,1.2169208795004076,0.12780154274888636,0.006683647073524052,0.7303511540636975,0.6349013681718987,0.7297624313245393,0.19741814066817562,1.1063995768714516,0.09069283681734325,1.0619,1.2154613923036421,0.1278181008437752,0.006624454148471615,0.7310843373493977,0.6343867614552842,0.7217917346383904,0.19758852315650413,1.1053398563547414,0.08978228704290847
2023-11,22,2023-11-30,1.080822727272727,1.2417049318057685,0.12808820930780523,0.006678149950789559,0.7415238241629303,0.6497914049036322,0.7288930349772077,0.20407431579638435,1.121827680187443,0.09362408160722743,1.0931,1.2656307891811782,0.12802164339923172,0.00678143805446988,0.7485960827283934,0.6608028049812599,0.7351042367182246,0.20248592175459396,1.1431708847521438,0.0956276026174896
2023-12,19,2023-12-29,1.0903052631578949,1.2652978400131845,0.1280428378415634,0.006936006786855003,0.7502291346227289,0.6680882653114181,0.7440658469515941,0.20407175037309405,1.1549112993680353,0.0973391472195515,1.105,1.2715033657442034,0.12802094677572584,0.007068380988933665,0.7573161537934343,0.6794564348521183,0.75467832263352,0.20608750792644262,1.193304535637149,0.09958543619322278
2024-01,22,2024-01-31,1.0905136363636363,1.2699194613588507,0.1279282805916985,0.006839630420537816,0.7485332813949133,0.6641044675597932,0.7453502490914331,0.2035757082380538,1.1641007232263942,0.09665363449667774,1.0837,1.2684496986012759,0.12789435173602098,0.006765091453898496,0.7465040986429704,0.6580641243623998,0.7444017035307049,0.20162235576475843,1.1592854086435602,0.09617330185832698
2024-02,21,2024-02-29,1.0794714285714286,1.2630417896401043,0.12785097849062943,0.006689483671606629,0.7437727731713766,0.6529110899748198,0.7411770335432964,0.20154976870869593,1.1408859267832707,0.09595745253053983,1.0826,1.263907536045765,0.12776302590428984,0.006660924137082385,0.7430336307481126,0.6488851594341885,0.735511923364359,0.20028120028120028,1.1355149989511222,0.096531431119037
2024-03,20,2024-03-28,1.0872199999999999,1.2712604327913757,0.1278344098422638,0.006679892801321824,0.7460559574462297,0.6555267015770511,0.7382971043852946,0.2007579265050171,1.1260835836677785,0.09618043141259408,1.0811,1.2642965735001754,0.12779866184362956,0.006614255123891098,0.7411393706725166,0.6509905461552357,0.7368456924754634,0.20008513473497186,1.1070038910505835,0.09380477223427332
2024-04,21,2024-04-30,1.0727761904761905,1.2524074721622656,0.1277023096475817,0.006501007244449859,0.7371172841109145,0.651396509252887,0.731726614981845,0.19516778759979522,1.0990726090097294,0.092560876762485,1.0718,1.253889889796205,0.12787382034670772,0.006369525167884947,0.7344617282258618,0.6526213237532729,0.7305070883315158,0.19512816778327996,1.095126187800143,0.09119373776908024
2024-05,22,2024-05-31,1.0812227272727273,1.26367518769491,0.12801868635095268,0.00641577810303634,0.7402723035908749,0.6626319297909921,0.7315611578877647,0.1947246869776069,1.0999337334594232,0.09306650678265695,1.0852,1.2712469981842676,0.1279143779909946,0.00636406286652592,0.7400941144377003,0.6651547655531719,0.733045122939746,0.19234995923286893,1.10531676512528,0.09501794939147185
2024-06,20,2024-06-28,1.0759,1.2710931888950547,0.1280484714597411,0.006336122388295622,0.7396042076362187,0.6639108195961313,0.7294360824699276,0.18589703295139864,1.1189418829192772,0.09533909186663567,1.0705,1.2647983175405846,0.12805943010263893,0.006226009072932418,0.7376145524701991,0.6657752347782822,0.7297205180640763,0.18170245268607316,1.1111687772472494,0.09423830274219816
2024-07,23,2024-07-31,1.084408695652174,1.285911221727781,0.12805341762027558,0.006337771516691204,0.7426388040075026,0.6671264791169517,0.7293690682758962,0.18061570651459816,1.1207717256169487,0.09404235273236984,1.0828,1.2832424745200284,0.1280071876957997,0.006652740231014992,0.7472224139120833,0.6509167418094379,0.7229752286839821,0.177875611919703,1.1358439106262457,0.09324434876210978
2024-08,22,2024-08-30,1.1012181818181819,1.293371736922773,0.1282735671990327,0.006838004377866247,0.7600726337644431,0.6650969245592753,0.7317463300432696,0.1800003023251593,1.1653466636179564,0.09613764655857038,1.1087,1.317998097955302,0.12824012492047887,0.00687821825175259,0.7677446160238212,0.6801423225568983,0.7420520714811593,0.17837663904754245,1.177463891248938,0.0978077720435799
2024-09,21,2024-09-30,1.1106,1.321858047388528,0.1283516440630376,0.006982202308599998,0.771455805796833,0.6773211474753572,0.7385942363238654,0.18053711747325832,1.1797893509918562,0.09778739417054352,1.1196,1.3401481871611025,0.12878883738051142,0.007005381053685396,0.7806442616092595,0.6925646418409006,0.7398400845833608,0.18504561681872272,1.1861425998516792,0.0990796460176991
2024-10,23,2024-10-31,1.0904347826086955,1.3059695933632218,0.12870046699799792,0.006682834060543625,0.7634544261769171,0.6711169852550206,0.7273128902067729,0.17822841545627793,1.161783134401394,0.09562010189574187,1.0882,1.2992967416092558,0.1286318825504149,0.006543595911004209,0.7569033873548029,0.6571652877589227,0.7190432139553323,0.17373672866608128,1.1561835954101147,0.0935619217938577
2024-11,21,2024-11-29,1.0630142857142857,1.2749112728884824,0.1285401702880016,0.006512541687121496,0.74827678697382,0.6534862810971207,0.7155707232522308,0.17223094101571648,1.1362262347285461,0.0917732785383441,1.0562,1.2693948680968692,0.12847429176144312,0.0066578416540595065,0.7459566353556043,0.6501692828562634,0.7138415788050825,0.16410559189571325,1.1346009238371468,0.09169994790762284
2024-12,20,2024-12-31,1.047875,1.2654962733737223,0.1286393407548334,0.00650674810081036,0.7408490122250255,0.6340625761624286,0.7025957513907778,0.1641580944934637,1.1220562750988115,0.09108759575172112,1.0389,1.2529245760872185,0.12875839674788686,0.006371274377529743,0.733479243151652,0.6194252325304078,0.695009365801445,0.1616889483759513,1.1038036549086272,0.09066236146260581
2025-01,22,2025-01-31,1.0353727272727271,1.2339872064991784,0.12844968436737692,0.0063944320449685725,0.7347147916050359,0.622757116558923,0.6947097241568373,0.16593660609044236,1.0998172224412022,0.09019272059629362,1.0393,1.2430628647976267,0.12832448450425976,0.006455680477048263,0.7375629834646227,0.6222608070889714,0.6912537412703691,0.1712840120638792,1.09990475182559,0.09057869966881645
2025-02,20,2025-02-28,1.04125,1.2534741160366534,0.12849896319770887,0.006587022585692011,0.7425641097759244,0.6300139912549972,0.6991549541379426,0.1733944354425573,1.1061327889988193,0.09258689878516058,1.0411,1.2602895603331394,0.12856260805137068,0.006632900101936798,0.7416826957327064,0.62188638671525,0.6931886277381982,0.17148174990117274,1.108260591867149,0.09305505899177689
2025-03,21,2025-03-31,1.0806809523809524,1.2910682841741994,0.1286527287557192,0.006705569231897016,0.7483360652346729,0.6298201335647498,0.6963987351588173,0.17328448185685513,1.13186559066629,0.09854471847168396,1.0815,1.294651407776288,0.12855105194342087,0.006692450495049505,0.7448860114332942,0.6244947453516572,0.6962595763857593,0.17302062169037066,1.134718287692792,0.09968660706055857
2025-04,20,2025-04-30,1.1213950000000001,1.3134242814752675,0.12878871144838422,0.006936038293809862,0.7549790644134698,0.628574366875359,0.7141658358915339,0.1732211671648606,1.1970073036805158,0.10218511173161578,1.1373,1.3351725757220005,0.12892511392749448,0.006991025325792967,0.7653947102766,0.6390043825148893,0.7231052899287894,0.17815128683093406,1.2113111087442752,0.10365948138358473
2025-05,21,2025-05-30,1.127804761904762,1.3370874703935647,0.12813027016646683,0.006913217890234951,0.7730430203064297,0.6436696462919981,0.7208265998040042,0.17635614555305124,1.205442509684211,0.10364820116558171,1.1339,1.3479553019495958,0.1275105143602546,0.0069581492390770735,0.7748923665687144,0.6425454751515838,0.7242590700051098,0.17605775949072275,1.2138957285087248,0.10428105025980594
2025-06,21,2025-06-30,1.1516190476190478,1.3551435811396293,0.12741005671351877,0.00691606786147493,0.7790605330492921,0.6497957120973933,0.731012806542091,0.18019675379733677,1.2277019150948856,0.1046047723803955,1.172,1.3699590882524837,0.12738991967478613,0.006927942306555536,0.7844187136068536,0.6529975484733674,0.7312659886441629,0.1820328031809145,1.2538782497057879,0.10514511281568205
2025-07,23,2025-07-31,1.1676869565217392,1.3504371957667736,0.12739179023525307,0.006807870052910032,0.7805250766385785,0.6537216265301292,0.7306243471295403,0.18073833296966174,1.2522456024558257,0.10427378744484528,1.1446,1.3233899872817667,0.12738867680938445,0.006673274253731343,0.7710340181879421,0.644409413354352,0.7226922591236267,0.17912643390350397,1.2311498332795527,0.10258570468294868
2025-08,21,2025-08-29,1.1631428571428573,1.344269342547093,0.12776917503756108,0.006770767376574663,0.7778204577553306,0.6490762217741665,0.7243900759878884,0.18335783000354422,1.2391411804273158,0.10421718539530289,1.1658,1.3449469312413473,0.12828328399925173,0.006788958770090846,0.7778741576032562,0.652560873215785,0.7272160189632587,0.1843074636776121,1.244980777445536,0.10545454545454545
2025-09,22,2025-09-30,1.1732227272727274,1.3501880918412394,0.1284430844022518,0.006760269046087854,0.7782336018420412,0.6593188024635428,0.7230368615691064,0.1862027492198198,1.254850883610468,0.10665474832731761,1.1741,1.344286695672086,0.12851497936711215,0.006757021178637201,0.7752393529217563,0.6610923423423423,0.7182797014560136,0.18806060994361865,1.2538445108927807,0.10619092841315063
2025-10,23,2025-10-31,1.1630434782608696,1.3344860638570608,0.12861887540083697,0.006603249292567324,0.7715589310898178,0.6541327178627061,0.7143897252021226,0.18576059822940846,1.2520331765797408,0.10602230530127314,1.1554,1.3105716878402902,0.12868232594919085,0.006485909958459639,0.7682691668329011,0.6538026256224535,0.7129018325414944,0.18584227372890896,1.2441046624313556,0.10575743707093821
2025-11,20,2025-11-28,1.15602,1.3137180657974876,0.1285918561599082,0.006447285686017365,0.7677289075975839,0.6504927888386793,0.7114769674273652,0.187282857703235,1.2444526259207365,0.10517561989437745,1.1566,1.3215265082266912,0.12848255943123751,0.006405272193609127,0.7706556503198295,0.6526719711077253,0.7135101789019125,0.1872975774063998,1.2412534878729342,0.10543780482246229
2025-12,21,2025-12-31,1.1708714285714286,1.3381521482237584,0.1285059392715918,0.006415993866978705,0.7744054353661405,0.6640113820437847,0.7241915035733457,0.18355859989989373,1.254759725580986,0.1074678593969416,1.175,1.3465505386202155,0.12846584448526197,0.006382747569123799,0.7778881165177094,0.6683351345202208,0.7303580308304326,0.1825554657883289,1.2615417650848186,0.10858014138520537
2026-01,21,2026-01-30,1.1738238095238096,1.351904149067781,0.1282554804664008,0.006381908135862537,0.7811514394362362,0.6784583177206805,0.7257885358899369,0.18730687887412176,1.2660939099448432,0.1099057676592303,1.1919,1.376010159316555,0.12806902554073948,0.0064921836701345385,0.7887631526702401,0.7010764072701606,0.7393920595533499,0.1915221827647711,1.301627170470678,0.11329309443467515
2026-02,20,2026-02-27,1.182395,1.3586100595787325,0.12793637161194718,0.006445625531528931,0.7893499624031302,0.7053899988443061,0.7325655406895314,0.19217972796974553,1.2936077907116446,0.11118176531746551,1.1805,1.347141389934954,0.12781645535356598,0.006411231195351111,0.7900548788649445,0.7106308692511438,0.7314579589813497,0.19396339259307946,1.2966827768014062,0.11069643577168685
2026-03,22,2026-03-31,1.1558318181818181,1.3342017294054076,0.12777083507724696,0.006302295205505195,0.7814957495806145,0.7018585448135405,0.72935234223844,0.19105761259149398,1.270997729345376,0.1074138796502083,1.1498,1.3241509564336138,0.1275627940001775,0.006269698456840613,0.7763149010870298,0.6887917090996225,0.7176382474098114,0.19142595521518355,1.2505982162279747,0.1050717353559353
2026-04,20,2026-04-30,1.1706400000000001,1.3466099163503569,0.1276554913895867,0.006286903188194451,0.7839425594989552,0.710007342969753,0.7272763059142096,0.19900929286144237,1.2705887702729197,0.10805073834301526,1.1702,1.3508802308802308,0.12766468111103838,0.006387205938540472,0.7835810901299048,0.714800561969336,0.7316493685131924,0.20074795855348931,1.273340587595212,0.10779789047026853
2026-05,20,2026-05-29,1.16732,1.3485043929418208,0.12766508259104764,0.006319838752867417,0.7839245700605184,0.718022510451659,0.7283408684234832,0.2006183469265363,1.2758358305096522,0.10747827539016955,1.1644,1.3426657288147321,0.12762226265371887,0.006278781342679968,0.7830531271015467,0.7170833846532825,0.7243996516112978,0.19820586583144673,1.2780155855559214,0.10809506126995916
2026-06,22,2026-06-30,1.1518,1.3335268633096298,0.12759132991415315,0.006222009265483935,0.7764735515688581,0.7027690339162027,0.7125422571530615,0.19526735773121173,1.2512536582579705,0.10515557596991286,1.1394,1.3221471837359884,0.12752098489087857,0.006156256753836178,0.7722651484343228,0.6887088974854931,0.7024660912453761,0.1931088249750013,1.2352558542931482,0.10270879343759859
2026-07,23,2026-07-31,1.1417478260869565,1.3370890545538854,0.12753304427349618,0.006153787662121361,0.7742624431191575,0.6963863859044238,0.708333649370475,0.19535287037643093,1.2335827633179959,0.10336612856551182,1.1485,1.3421289425402874,0.1274991951509231,0.006240830299407705,0.7782747170834181,0.7018026275588145,0.7122038943321345,0.19769343316980809,1.234415305245056,0.10454690273542397
2026-08,21,2026-08-31,1.159309523809524,1.354245454151083,0.12750811612981297,0.006297331535758049,0.7835360376032534,0.7101765593664225,0.7190441319937896,0.19425765859752056,1.2383373179530872,0.10517083889593039,1.1596,1.353913693256118,0.12758559985916731,0.006260662995356873,0.7857433256538826,0.7162003582237045,0.720158986461309,0.19335689988661373,1.2367747440273038,0.10437443744374438
